game_id,season,week,home,away,neutral,actual_margin,actual_total,ctrl_margin,ctrl_total,ctrl_p_home_sim,ctrl_p_home_closed,talent_delta,v050_margin,v050_p_home_closed,home_sd,away_sd,corr,margin_sd,total_sd,history_rows
401282714,2021,1,illinois,nebraska,0,8,52,1.9575,56.167,0.52575,0.52734,-2.1565,-0.199,0.48688,13.895,14.093,-0.15272,21.2485,18.2173,1672
401286187,2021,1,fresno-state,uconn,0,45,45,11.0678,58.7302,0.70075,0.69026,2.8845,13.9522,0.73635,13.9702,14.0106,-0.15682,21.2804,18.168,1672
401309833,2021,1,ucla,hawaii,0,34,54,-0.7522,63.4672,0.47763,0.47645,6.6208,5.8685,0.59994,13.9323,13.9803,-0.15402,21.2028,18.1537,1672
401282049,2021,1,new-mexico-state,utep,0,-27,33,2.8503,57.4898,0.54738,0.54398,-3.8218,-0.9715,0.47243,13.896,14.0992,-0.15491,21.2742,18.1985,1672
401300995,2021,1,ucf,boise-state,0,5,67,1.9905,62.0435,0.52488,0.52798,1.5455,3.536,0.55685,13.929,14.0211,-0.15423,21.2333,18.176,1672
401300993,2021,1,appalachian-state,east-carolina,0,14,52,15.0065,59.956,0.77438,0.75298,-1.2539,13.7526,0.73395,13.9144,14.0135,-0.15366,21.2112,18.1677,1672
401282607,2021,1,nc-state,south-florida,0,45,45,0.3392,51.7777,0.49475,0.49697,3.036,3.3753,0.55405,13.8352,14.0216,-0.15378,21.1585,18.1205,1672
401281952,2021,1,tennessee,bowling-green,0,32,44,12.8162,52.3997,0.7375,0.72121,7.5989,20.4152,0.8285,13.9464,13.7367,-0.15106,21.0019,18.0367,1672
401282789,2021,1,minnesota,ohio-state,0,-14,76,-10.1998,59.2773,0.2965,0.30621,-6.3026,-16.5024,0.2104,13.7855,14.0034,-0.1552,21.1201,18.0614,1672
401309937,2021,1,virginia-tech,north-carolina,0,7,27,0.4907,55.5183,0.499,0.49983,-2.5547,-2.064,0.45222,13.9527,14.1429,-0.15539,21.3547,18.2585,1672
401282608,2021,1,wake-forest,old-dominion,0,32,52,8.5787,54.9612,0.65625,0.6481,3.4165,11.9952,0.70574,13.9418,14.0383,-0.15346,21.249,18.2037,1672
401282052,2021,1,charlotte,duke,0,3,59,2.5555,59.2995,0.53975,0.53835,-2.7141,-0.1586,0.48769,13.9291,14.1564,-0.15548,21.3481,18.2513,1672
401282782,2021,1,northwestern,michigan-state,0,-17,59,-1.8833,45.2973,0.453,0.4547,-0.5371,-2.4204,0.44455,13.6141,14.0115,-0.1493,20.9433,18.0196,1672
401281947,2021,1,kentucky,louisiana-monroe,0,35,55,7.6685,58.282,0.63638,0.63182,7.5357,15.2042,0.75509,13.9425,14.0814,-0.15455,21.2923,18.2207,1672
401309601,2021,1,georgia-state,army,0,-33,53,-0.2405,56.174,0.483,0.48607,5.7431,5.5026,0.59323,13.8793,14.0352,-0.15458,21.2096,18.1493,1672
401287894,2021,1,oklahoma,tulane,0,5,75,8.137,63.8425,0.648,0.64033,8.2118,16.3488,0.77209,13.8956,14.0494,-0.15672,21.2524,18.1461,1672
401282772,2021,1,michigan,western-michigan,0,33,61,7.2132,56.7387,0.62788,0.62399,8.2834,15.4967,0.75986,13.9337,14.0155,-0.15567,21.2458,18.1599,1672
401287889,2021,1,kansas-state,stanford,1,17,31,3.6855,52.0925,0.5655,0.55964,-3.3361,0.3494,0.49717,13.8862,14.0649,-0.15357,21.2281,18.184,1672
401282822,2021,1,rutgers,temple,0,47,75,-8.9637,50.8182,0.3175,0.32566,1.3626,-7.6012,0.34943,13.5447,14.0561,-0.15099,20.941,17.9872,1672
401282815,2021,1,wisconsin,penn-state,0,-6,26,3.5873,51.4573,0.5595,0.55805,-1.3263,2.261,0.53319,13.8226,14.0177,-0.15316,21.1403,18.1165,1672
401281943,2021,1,arkansas,rice,0,21,55,-0.7977,52.6287,0.4715,0.47557,5.7585,4.9607,0.58339,13.8349,14.0328,-0.1555,21.1826,18.1093,1672
401309838,2021,1,oregon,fresno-state,0,7,55,10.3707,56.6402,0.68825,0.67924,7.6348,18.0056,0.79551,13.8948,14.0315,-0.15266,21.2008,18.1775,1672
401300996,2021,1,cincinnati,miami-oh,0,35,63,6.8295,53.043,0.622,0.61776,4.72,11.5495,0.69952,13.8433,13.9746,-0.1535,21.1262,18.098,1672
401282764,2021,1,maryland,west-virginia,0,6,54,1.3095,54.696,0.5155,0.51522,1.7948,3.1043,0.54885,13.8822,14.0288,-0.15567,21.2169,18.1353,1672
401282723,2021,1,iowa,indiana,0,28,40,4.8508,48.8683,0.58613,0.58156,-0.1303,4.7205,0.57915,13.8631,13.9595,-0.15385,21.1329,18.0972,1672
401282174,2021,1,navy,marshall,0,-42,56,7.0433,56.2632,0.62538,0.6208,-6.2552,0.7881,0.5054,13.941,14.0237,-0.15744,21.2738,18.1509,1672
401282612,2021,1,pittsburgh,umass,0,44,58,16.596,57.1635,0.8,0.77673,8.3846,24.9806,0.87651,14.0345,13.8353,-0.15126,21.1453,18.1561,1672
401281949,2021,1,mississippi-state,louisiana-tech,0,1,69,0.344,56.957,0.49688,0.49707,3.7167,4.0607,0.56648,13.9041,14.1021,-0.15345,21.2689,18.2213,1672
401281950,2021,1,missouri,central-michigan,0,10,58,2.056,53.581,0.52863,0.52923,7.1955,9.2515,0.65999,13.8827,14.0284,-0.15589,21.219,18.133,1672
401287892,2021,1,texas,louisiana,0,20,56,-2.1205,58.832,0.44738,0.45083,8.3296,6.2091,0.6061,13.8933,14.0244,-0.15429,21.2093,18.1545,1672
401309842,2021,1,usc,san-jose-state,0,23,37,7.453,62.034,0.63175,0.62771,8.8069,16.2599,0.76988,13.9611,14.1043,-0.15646,21.3415,18.2272,1672
401282611,2021,1,ohio,syracuse,0,-20,38,5.8342,61.0187,0.60463,0.59882,-4.4622,1.372,0.51632,13.958,14.0563,-0.15744,21.3116,18.1832,1672
401287886,2021,1,houston,texas-tech,1,-17,59,-2.7192,61.5447,0.43412,0.43985,-0.6817,-3.4009,0.42724,13.9153,14.0986,-0.15281,21.2689,18.2331,1672
401281944,2021,1,auburn,akron,0,50,70,20.278,51.3855,0.85375,0.83447,9.6752,29.9532,0.92611,13.9727,12.9369,-0.14234,20.3485,17.6392,1672
401287893,2021,1,texas-state,baylor,0,-9,49,-12.1142,52.5067,0.27037,0.27264,-4.4096,-16.5239,0.20716,13.4718,14.0438,-0.14856,20.855,17.9584,1672
401282819,2021,1,purdue,oregon-state,0,9,51,0.8948,60.6223,0.50925,0.5074,0.0678,0.9626,0.50867,13.9264,14.0498,-0.15694,21.2781,18.1639,1672
401282610,2021,1,georgia-tech,northern-illinois,0,-1,43,-1.8055,51.8885,0.45262,0.45671,6.7072,4.9017,0.58222,13.8665,14.0445,-0.15445,21.2058,18.1485,1672
401282179,2021,1,illinois,utsa,0,-7,67,9.2735,55.935,0.66625,0.6601,2.3056,11.5791,0.69888,13.9463,14.0441,-0.15355,21.2576,18.2094,1672
401281945,2021,1,florida,florida-atlantic,0,21,49,3.4555,55.114,0.558,0.5553,6.3131,9.7686,0.66861,13.9561,13.9962,-0.15632,21.2541,18.1548,1672
401281946,2021,1,clemson,georgia,1,-7,13,3.1985,49.6405,0.554,0.55095,-1.267,1.9315,0.52708,13.7983,13.968,-0.1518,21.0715,18.0827,1672
401282053,2021,1,texas-a-m,kent-state,0,31,51,7.0505,55.0555,0.6255,0.62123,10.0758,17.1263,0.78335,13.919,14.0299,-0.15277,21.2188,18.1909,1672
401282177,2021,1,south-alabama,southern-miss,0,24,38,-3.469,52.0385,0.41825,0.42547,-0.9662,-4.4352,0.40762,13.7484,14.0449,-0.15483,21.1204,18.0689,1672
401281948,2021,1,ucla,lsu,0,11,65,-14.0655,64.49,0.2415,0.24545,-2.9952,-17.0607,0.20311,13.7976,14.0387,-0.15381,21.1435,18.1073,1672
401309841,2021,1,arizona,byu,1,-8,40,-5.9725,57.2885,0.37025,0.37991,2.3642,-3.6083,0.42307,13.8232,14.0452,-0.15431,21.1723,18.1226,1672
401309837,2021,1,california,nevada,0,-5,39,6.6133,49.7122,0.6205,0.61385,4.5672,11.1805,0.69342,13.8819,13.9534,-0.15208,21.1263,18.1243,1672
401310699,2021,1,san-diego-state,new-mexico-state,0,18,38,9.9082,48.6898,0.68588,0.67356,6.1575,16.0658,0.77161,13.9004,13.7219,-0.1469,20.9177,18.0409,1672
401309840,2021,1,washington-state,utah-state,0,-3,49,6.3255,63.4225,0.61475,0.60764,3.9276,10.2531,0.67629,13.9557,14.0717,-0.15779,21.3248,18.188,1672
401282614,2021,1,florida-state,notre-dame,0,-3,79,-6.0135,57.79,0.37063,0.37955,-1.5829,-7.5964,0.35153,13.899,14.0589,-0.15433,21.2402,18.1803,1672
401282055,2021,1,ole-miss,louisville,1,19,67,-1.0355,59.332,0.47087,0.47128,2.3599,1.3244,0.51543,13.8971,14.156,-0.15406,21.3106,18.2457,1672
401287896,2021,2,coastal-carolina,kansas,0,27,71,6.7757,57.2133,0.62512,0.61671,-2.5107,4.2651,0.57068,13.7403,13.9121,-0.16896,21.1408,17.8254,1848
401282191,2021,2,boise-state,utep,0,41,67,11.908,57.7855,0.7165,0.70625,4.5401,16.4481,0.77588,13.702,13.8291,-0.16699,21.0303,17.7681,1848
401282624,2021,2,virginia,illinois,0,28,56,4.3172,58.5978,0.57812,0.57173,-0.2004,4.1169,0.56801,13.7183,13.8804,-0.17054,21.1141,17.7738,1848
401282193,2021,2,army,western-kentucky,0,3,73,-1.0555,46.9305,0.48075,0.47021,-7.8525,-8.908,0.32559,13.3786,13.9046,-0.16303,20.8081,17.6542,1848
401282066,2021,2,tennessee,pittsburgh,0,-7,75,1.5613,48.3687,0.52563,0.52018,2.1303,3.6915,0.56047,13.564,13.8951,-0.16673,20.9739,17.7259,1848
401282809,2021,2,ohio-state,oregon,0,-7,63,12.3317,57.6317,0.72825,0.71317,1.8868,14.2185,0.74293,13.6903,13.8138,-0.16898,21.0276,17.7294,1848
401282065,2021,2,east-carolina,south-carolina,0,-3,37,-2.9,55.12,0.43938,0.43586,-4.403,-7.303,0.35546,13.6214,13.9582,-0.16544,21.0544,17.8175,1848
401287899,2021,2,oklahoma-state,tulsa,0,5,51,6.371,56.071,0.61425,0.60953,2.7198,9.0908,0.65796,13.7135,13.9212,-0.1673,21.1125,17.832,1848
401282790,2021,2,minnesota,miami-oh,0,5,57,8.627,58.2665,0.66187,0.64999,5.2273,13.8543,0.73667,13.7266,13.8611,-0.16918,21.0933,17.7812,1848
401282059,2021,2,south-florida,florida,0,-22,62,-9.4598,50.7583,0.30438,0.31576,-6.5556,-16.0154,0.21323,13.2283,14.011,-0.16181,20.7672,17.6441,1848
401309547,2021,2,northern-illinois,wyoming,0,-7,93,-1.1212,47.6688,0.4765,0.46899,0.5234,-0.5978,0.47899,13.4363,13.8729,-0.16432,20.8387,17.656,1848
401282622,2021,2,syracuse,rutgers,0,-10,24,10.2357,54.3898,0.68725,0.67806,-0.113,10.1227,0.67613,13.7308,13.8519,-0.16594,21.0603,17.8126,1848
401282186,2021,2,virginia-tech,middle-tennessee,0,21,49,3.3112,52.8178,0.55288,0.55293,3.2243,6.5355,0.61243,13.7356,13.9156,-0.16768,21.1285,17.8384,1848
401282705,2021,2,notre-dame,toledo,0,3,61,7.1072,67.4062,0.631,0.62246,7.3636,14.4708,0.74524,13.7461,13.9458,-0.17007,21.1812,17.8391,1848
401282820,2021,2,uconn,purdue,0,-49,49,-8.215,56.7935,0.32737,0.33843,-5.9321,-14.1471,0.24183,13.4733,13.9284,-0.16457,20.9116,17.7134,1848
401300999,2021,2,akron,temple,0,-21,69,-9.58,50.44,0.30513,0.31296,-3.237,-12.817,0.25978,13.2002,13.9582,-0.15868,20.6773,17.6239,1848
401287900,2021,2,tcu,california,0,2,66,5.1898,50.0973,0.59138,0.58834,0.6915,5.8813,0.60111,13.6744,13.8185,-0.16722,21.0032,17.7411,1848
401301004,2021,2,navy,air-force,0,-20,26,1.4075,58.21,0.525,0.51712,1.8482,3.2557,0.55186,13.7243,13.9095,-0.17032,21.1391,17.799,1848
401282067,2021,2,colorado,texas-a-m,1,-3,17,-8.143,54.1825,0.32788,0.33957,-4.7008,-12.8438,0.26155,13.4338,13.9452,-0.16466,20.8957,17.6986,1848
401282060,2021,2,georgia,uab,0,49,63,11.5018,44.6848,0.72037,0.70623,10.5871,22.0888,0.85642,13.6332,13.0506,-0.15523,20.2835,17.3477,1848
401282797,2021,2,nebraska,buffalo,0,25,31,-0.0785,55.9505,0.49763,0.48906,9.0523,8.9738,0.65608,13.6458,13.9571,-0.16752,21.0908,17.81,1848
401282623,2021,2,umass,boston-college,0,-17,73,-13.9003,65.4338,0.24925,0.24679,-7.7729,-21.6731,0.14591,13.6114,13.9276,-0.16665,21.0341,17.7782,1848
401282816,2021,2,penn-state,ball-state,0,31,57,11.196,54.703,0.70625,0.69434,9.1624,20.3584,0.82729,13.7414,13.806,-0.16753,21.0475,17.7726,1848
401282183,2021,2,florida-atlantic,georgia-southern,0,32,44,9.1102,55.1093,0.6695,0.65887,3.2197,12.3299,0.7131,13.6639,13.8764,-0.16642,21.0325,17.7805,1848
401309546,2021,2,bowling-green,south-alabama,0,-3,41,-3.701,50.5165,0.416,0.42045,-0.652,-4.353,0.4083,13.4619,13.9556,-0.16484,20.9265,17.7213,1848
401282754,2021,2,iowa-state,iowa,0,-10,44,-1.3778,48.1287,0.4695,0.46418,-0.8317,-2.2095,0.44839,13.4561,13.9156,-0.16435,20.8869,17.6963,1848
401282189,2021,2,rice,houston,0,-37,51,0.5485,54.756,0.50925,0.50092,-2.8786,-2.3301,0.44668,13.6757,13.9543,-0.16774,21.1133,17.8249,1848
401282182,2021,2,fiu,texas-state,0,-6,40,33.7255,76.9185,0.94175,0.94256,1.7513,35.4768,0.95152,13.7888,13.7825,-0.16838,21.0733,17.7789,1848
401282825,2021,2,wisconsin,eastern-michigan,0,27,41,13.2772,53.3173,0.749,0.72981,7.7926,21.0699,0.83784,13.6956,13.6621,-0.16391,20.8701,17.6885,1848
401282064,2021,2,mississippi-state,nc-state,0,14,34,5.424,55.204,0.59575,0.59221,0.3003,5.7243,0.59772,13.7146,13.9189,-0.16737,21.1123,17.8305,1848
401286295,2021,2,troy,liberty,0,-8,34,0.4605,62.15,0.5045,0.49925,5.5843,6.0448,0.60342,13.726,13.9413,-0.16842,21.1476,17.8412,1848
401282187,2021,2,smu,north-texas,0,23,47,9.0955,65.458,0.6655,0.65756,1.5141,10.6096,0.68342,13.7534,13.944,-0.16963,21.1815,17.8473,1848
401310700,2021,2,new-mexico,new-mexico-state,0,9,59,3.7027,56.9068,0.563,0.56028,4.6218,8.3245,0.64452,13.7187,13.8887,-0.16995,21.1154,17.7859,1848
401301003,2021,2,arkansas-state,memphis,0,-5,105,-6.024,63.4095,0.372,0.37854,-1.8307,-7.8547,0.34601,13.6992,13.895,-0.16844,21.0918,17.7936,1848
401282057,2021,2,arkansas,texas,0,19,61,-7.5657,60.3418,0.34125,0.351,-2.8746,-10.4403,0.30189,13.6404,13.9537,-0.16713,21.0804,17.8086,1848
401282061,2021,2,kentucky,missouri,0,7,63,4.721,48.5525,0.58425,0.57983,1.1648,5.8858,0.60143,13.6325,13.8248,-0.16464,20.953,17.7457,1848
401282621,2021,2,north-carolina,georgia-state,0,42,76,8.8212,59.0123,0.66325,0.65254,7.3005,16.1218,0.76921,13.8054,13.9488,-0.16885,21.2176,17.8921,1848
401282773,2021,2,michigan,washington,0,21,41,7.8532,52.2313,0.64663,0.6366,0.8184,8.6717,0.65109,13.7088,13.8504,-0.16646,21.047,17.7919,1848
401309846,2021,2,arizona,san-diego-state,0,-24,52,-1.1947,47.2527,0.4755,0.46761,2.3927,1.198,0.51335,13.4343,13.8955,-0.1638,20.8499,17.6751,1848
401282068,2021,2,colorado-state,vanderbilt,0,-3,45,6.9352,53.3757,0.628,0.62004,-3.1654,3.7699,0.5617,13.6964,13.8817,-0.16615,21.0588,17.8077,1848
401309848,2021,2,byu,utah,0,9,43,-5.5922,50.7837,0.375,0.38488,-5.0254,-10.6176,0.29663,13.387,13.8689,-0.16618,20.815,17.6026,1848
401309847,2021,2,arizona-state,unlv,0,27,47,8.2148,53.1268,0.65213,0.64301,6.4958,14.7105,0.7502,13.7215,13.8174,-0.16837,21.0486,17.7583,1848
401309843,2021,2,usc,stanford,0,-14,70,9.3103,55.5538,0.66938,0.66173,2.4539,11.7641,0.70312,13.7257,13.9037,-0.16834,21.1177,17.8172,1848
401309844,2021,2,oregon-state,hawaii,0,18,72,2.5685,63.9115,0.54187,0.53912,4.6197,7.1882,0.6246,13.7336,13.8066,-0.16956,21.0603,17.7463,1848
401309606,2021,3,louisiana,ohio,0,35,63,7.5037,56.6437,0.64738,0.63115,1.9635,9.4672,0.66596,13.7885,13.9814,-0.1342,20.9128,18.2719,2010
401282626,2021,3,louisville,ucf,0,7,77,-5.8375,66.3985,0.38,0.38108,-0.5943,-6.4318,0.37031,13.8393,14.0126,-0.13047,20.9399,18.365,2010
401282715,2021,3,illinois,maryland,0,-3,37,5.8212,57.4378,0.61425,0.60043,-1.4364,4.3848,0.57369,13.7804,13.9979,-0.13347,20.9125,18.2852,2010
401282725,2021,3,indiana,cincinnati,0,-14,62,-0.282,54.0635,0.50562,0.48502,0.7162,0.4342,0.49874,13.7228,13.9682,-0.13027,20.8175,18.2616,2010
401282079,2021,3,texas-a-m,new-mexico,0,34,34,13.7925,53.686,0.76138,0.73933,10.0203,23.8128,0.86964,13.8447,13.7412,-0.12917,20.7279,18.203,2010
401282632,2021,3,pittsburgh,western-michigan,0,-3,85,4.222,53.7115,0.57837,0.57055,5.1699,9.3919,0.66448,13.8525,13.9829,-0.13134,20.9355,18.3449,2010
401282634,2021,3,temple,boston-college,0,-25,31,2.8065,58.0765,0.5515,0.54379,-2.5652,0.2413,0.49508,13.8395,14.0252,-0.13269,20.9702,18.3501,2010
401282774,2021,3,michigan,northern-illinois,0,53,73,14.7795,54.095,0.77325,0.75444,9.0861,23.8656,0.87005,13.8754,13.7001,-0.13126,20.7394,18.1746,2010
401282798,2021,3,oklahoma,nebraska,0,7,39,10.5455,62.3965,0.70375,0.68428,2.8809,13.4264,0.73147,13.8443,13.957,-0.13471,20.9409,18.2868,2010
401282636,2021,3,west-virginia,virginia-tech,0,6,48,-2.7733,50.3298,0.4405,0.43727,-0.9969,-3.7702,0.41841,13.5212,14.0595,-0.12969,20.7316,18.1984,2010
401286189,2021,3,army,uconn,0,31,73,15.6885,54.025,0.79175,0.76965,-4.1855,11.503,0.70347,13.8114,13.5925,-0.1289,20.589,18.0862,2010
401309552,2021,3,buffalo,coastal-carolina,0,-3,53,6.2222,57.6898,0.62138,0.60763,-2.8265,3.3957,0.55497,13.8457,14.0028,-0.13173,20.949,18.3494,2010
401282791,2021,3,colorado,minnesota,0,-30,30,-4.1047,56.7472,0.418,0.41256,-0.2355,-4.3403,0.40817,13.6875,14.0226,-0.13103,20.8393,18.267,2010
401287905,2021,3,kansas-state,nevada,0,21,55,10.4865,52.0805,0.70488,0.68491,2.8112,13.2977,0.73139,13.8186,13.8056,-0.1275,20.7412,18.2457,2010
401282706,2021,3,notre-dame,purdue,0,14,40,11.279,56.6385,0.71488,0.69687,3.9671,15.2461,0.75963,13.8722,13.9241,-0.13214,20.9133,18.3104,2010
401282635,2021,3,wake-forest,florida-state,0,21,49,3.1358,59.2617,0.55525,0.55001,-3.4296,-0.2938,0.4849,13.8057,14.0811,-0.13113,20.9728,18.3818,2010
401282071,2021,3,florida,alabama,0,-2,60,-1.9385,58.7335,0.47025,0.45378,-2.2482,-4.1867,0.4117,13.8329,14.0585,-0.13361,20.999,18.3583,2010
401282755,2021,3,iowa,kent-state,0,23,37,11.5488,48.2018,0.72337,0.70494,5.6892,17.2379,0.79276,13.7998,13.5285,-0.1266,20.5115,18.0606,2010
401309852,2021,3,washington-state,usc,0,-31,59,1.765,64.8315,0.53587,0.52404,-5.1915,-3.4265,0.42576,13.8462,14.0215,-0.13314,20.9765,18.3473,2010
401286300,2021,3,umass,eastern-michigan,0,-14,70,-12.7865,62.0885,0.264,0.26148,-2.1536,-14.9401,0.22894,13.6186,14.0189,-0.13255,20.7992,18.2039,2010
401282627,2021,3,clemson,georgia-tech,0,6,22,22.2233,53.0532,0.86538,0.86028,4.3253,26.5485,0.90267,13.8194,12.9647,-0.12373,20.0847,17.7404,2010
401287904,2021,3,kansas,baylor,0,-38,52,-12.162,55.355,0.26838,0.26852,-2.1377,-14.2997,0.23529,13.3572,13.9759,-0.12584,20.5116,18.0764,2010
401282199,2021,3,louisiana-tech,smu,0,-2,76,0.3318,61.9917,0.5135,0.49679,-1.0551,-0.7233,0.47671,13.816,14.0205,-0.13155,20.9386,18.3437,2010
401282810,2021,3,ohio-state,tulsa,0,21,61,21.7493,58.9393,0.85675,0.8486,9.7738,31.523,0.93376,13.8662,13.5553,-0.13094,20.6214,18.0775,2010
401309549,2021,3,wyoming,ball-state,0,33,57,3.4927,53.7327,0.56237,0.55695,-0.2215,3.2713,0.55276,13.7814,13.9844,-0.13255,20.8945,18.2865,2010
401282076,2021,3,memphis,mississippi-state,0,2,60,10.099,60.4705,0.696,0.6769,-2.7358,7.3632,0.62863,13.828,13.9794,-0.13092,20.9106,18.3309,2010
401309553,2021,3,toledo,colorado-state,0,-16,28,10.6268,66.3503,0.703,0.68489,0.4224,11.0492,0.69199,13.8988,14.0175,-0.13551,21.0349,18.3539,2010
401282628,2021,3,duke,northwestern,0,7,53,4.4688,48.7863,0.58363,0.57567,-0.8209,3.6479,0.56016,13.7658,13.9005,-0.13005,20.7964,18.2469,2010
401282069,2021,3,arkansas,georgia-southern,0,35,55,-1.4865,56.982,0.48062,0.46207,6.4401,4.9536,0.58453,13.7409,13.9959,-0.13128,20.8613,18.2813,2010
401309605,2021,3,washington,arkansas-state,0,49,55,7.0617,57.7227,0.63713,0.6228,5.9594,13.0212,0.72474,13.859,13.991,-0.13435,20.9743,18.3225,2010
401282200,2021,3,marshall,east-carolina,0,-4,80,11.8413,52.9338,0.73037,0.70715,-1.1223,10.719,0.68834,13.8596,13.7908,-0.13245,20.8064,18.2111,2010
401282201,2021,3,liberty,old-dominion,0,28,62,9.1608,51.2328,0.67875,0.66173,-4.8349,4.3259,0.57311,13.798,13.835,-0.12887,20.7603,18.237,2010
401282194,2021,3,utsa,middle-tennessee,0,14,40,-3.0695,57.0005,0.4385,0.43209,0.2801,-2.7894,0.43738,13.7348,14.0157,-0.13096,20.8688,18.2938,2010
401282203,2021,3,southern-miss,troy,0,-12,30,3.1532,58.6673,0.55888,0.5504,0.3261,3.4794,0.55656,13.8231,14.0192,-0.13169,20.9441,18.346,2010
401282197,2021,3,texas-tech,fiu,0,33,75,-21.4675,80.721,0.16325,0.14734,1.6412,-19.8263,0.16612,13.7894,14.0668,-0.13256,20.963,18.3465,2010
401282196,2021,3,georgia-state,charlotte,0,11,29,-2.3305,61.4395,0.45625,0.44626,-0.9261,-3.2566,0.42884,13.8122,14.013,-0.13364,20.9493,18.3142,2010
401309856,2021,3,san-diego-state,utah,0,2,64,-4.4252,42.9423,0.40413,0.40381,-5.0538,-9.4791,0.31087,13.0794,13.9143,-0.12203,20.2262,17.8959,2010
401282072,2021,3,georgia,south-carolina,0,27,53,13.5212,46.9207,0.76325,0.74026,4.8225,18.3438,0.8113,13.7589,13.2289,-0.12176,20.2147,17.8881,2010
401282070,2021,3,penn-state,auburn,0,8,48,3.4008,52.3717,0.56237,0.55528,-0.3734,3.0273,0.5482,13.7621,13.9778,-0.13161,20.8665,18.2794,2010
401282074,2021,3,lsu,central-michigan,0,28,70,14.066,61.631,0.76425,0.74162,12.0573,26.1233,0.88963,13.8331,13.96,-0.13358,20.9243,18.2933,2010
401282631,2021,3,north-carolina,virginia,0,20,98,3.0802,58.8762,0.55663,0.54892,3.3937,6.4739,0.61203,13.8726,14.0177,-0.13262,20.9886,18.3675,2010
401282195,2021,3,north-texas,uab,0,-34,46,2.0353,53.1702,0.54037,0.52931,0.9865,3.0217,0.54806,13.7643,13.9556,-0.1348,20.8807,18.2326,2010
401310704,2021,3,air-force,utah-state,0,-4,94,9.6115,53.779,0.68788,0.66895,-6.9144,2.6971,0.54196,13.8189,13.9053,-0.13113,20.8498,18.2736,2010
401282080,2021,3,vanderbilt,stanford,0,-18,64,-3.342,50.631,0.4315,0.42643,-2.5732,-5.9152,0.37839,13.534,14.0163,-0.1303,20.7138,18.1712,2010
401282202,2021,3,texas,rice,0,58,58,10.8068,53.8098,0.71337,0.68953,8.6331,19.4398,0.81825,13.8397,13.8656,-0.13186,20.8422,18.2533,2010
401282075,2021,3,ole-miss,tulane,0,40,82,-0.825,56.0365,0.4915,0.47476,5.1091,4.2841,0.57174,13.7609,14.0245,-0.1347,20.9293,18.2772,2010
401287903,2021,3,boise-state,oklahoma-state,0,-1,41,8.61,58.22,0.66887,0.6508,-1.0636,7.5464,0.63181,13.8204,13.9846,-0.13325,20.9303,18.3048,2010
401309854,2021,3,byu,arizona-state,0,10,44,3.0435,50.1105,0.55375,0.54858,-5.533,-2.4895,0.44295,13.7294,13.9539,-0.13272,20.8341,18.2307,2010
401287906,2021,3,unlv,iowa-state,0,-45,51,-5.855,56.2645,0.38125,0.37994,-4.2005,-10.0555,0.30585,13.6301,14.0179,-0.13098,20.7927,18.2272,2010
401309855,2021,3,ucla,fresno-state,0,-3,77,1.0108,59.9997,0.5255,0.50973,4.9809,5.9917,0.60344,13.834,13.9731,-0.13418,20.9404,18.2962,2010
401310705,2021,3,hawaii,san-jose-state,0,-4,30,3.5105,62.741,0.56488,0.55732,-0.2541,3.2564,0.55251,13.7246,14.0232,-0.13228,20.879,18.2784,2010
401282208,2021,4,appalachian-state,marshall,0,1,61,7.3807,53.5947,0.63887,0.63107,-0.1316,7.2491,0.62865,13.8358,13.6996,-0.11492,20.5591,18.3178,2154
401282204,2021,4,charlotte,middle-tennessee,0,3,81,3.0248,56.3238,0.54912,0.54865,-0.5954,2.4293,0.53722,13.8206,13.8138,-0.11696,20.6516,18.3622,2154
401282638,2021,4,virginia,wake-forest,0,-20,54,4.2923,61.7508,0.5765,0.57284,0.5778,4.87,0.58378,13.8518,13.8085,-0.11516,20.6543,18.3982,2154
401282637,2021,4,syracuse,liberty,0,3,45,0.293,56.915,0.5055,0.496,7.8335,8.1265,0.644,13.8146,13.7934,-0.1198,20.6581,18.3151,2154
401310707,2021,4,fresno-state,unlv,0,8,68,11.1465,58.3585,0.70363,0.69745,1.7346,12.8811,0.72619,13.8109,13.7444,-0.11665,20.5897,18.313,2154
401282707,2021,4,wisconsin,notre-dame,1,-28,54,1.0835,52.553,0.5185,0.51132,-1.9413,-0.8578,0.47368,13.7434,13.7962,-0.11563,20.5685,18.313,2154
401282206,2021,4,central-michigan,fiu,0,4,58,-18.9167,79.6298,0.18337,0.17408,-4.7824,-23.6992,0.12115,13.8211,13.8657,-0.11757,20.6964,18.3907,2154
401310706,2021,4,utah-state,boise-state,0,-24,30,-5.1118,58.2383,0.386,0.3925,-3.1019,-8.2137,0.33592,13.7504,13.7743,-0.11697,20.5698,18.2892,2154
401282792,2021,4,minnesota,bowling-green,0,-4,24,19.6342,56.3893,0.84613,0.82784,5.1758,24.81,0.88521,13.8865,13.2953,-0.10782,20.234,18.16,2154
401282085,2021,4,mississippi-state,lsu,0,-3,53,-9.3372,61.6197,0.31088,0.31621,-3.5621,-12.8994,0.25735,13.7301,13.7886,-0.11702,20.5658,18.2848,2154
401308834,2021,4,army,miami-oh,0,13,33,5.6457,54.3987,0.60125,0.59882,-5.0616,0.5841,0.50163,13.7886,13.7205,-0.11698,20.5582,18.2789,2154
401287910,2021,4,tcu,smu,0,-8,76,-0.0895,64.062,0.49988,0.48863,2.3265,2.237,0.53347,13.8848,13.795,-0.11641,20.6804,18.3982,2154
401282805,2021,4,northwestern,ohio,0,29,41,-0.622,51.139,0.492,0.47819,6.012,5.39,0.5942,13.6712,13.7983,-0.11549,20.515,18.2681,2154
401282086,2021,4,boston-college,missouri,0,7,75,1.5775,55.629,0.52438,0.52082,-0.2142,1.3633,0.51668,13.8146,13.7917,-0.11808,20.6409,18.3319,2154
401287911,2021,4,texas,texas-tech,0,35,105,5.743,59.844,0.6045,0.6003,5.0728,10.8158,0.69146,13.835,13.7846,-0.11602,20.6319,18.3623,2154
401282088,2021,4,vanderbilt,georgia,0,-62,62,-16.4495,48.1325,0.20212,0.19337,-7.4447,-23.8942,0.10644,12.5575,13.7629,-0.10522,19.5826,17.6278,2154
401286301,2021,4,coastal-carolina,umass,0,50,56,18.3287,65.4912,0.83225,0.80611,3.584,21.9127,0.85019,13.8977,13.7459,-0.11531,20.6435,18.3858,2154
401309555,2021,4,ball-state,toledo,0,-10,34,-1.5083,68.1972,0.47188,0.46128,-2.4138,-3.9221,0.41525,13.8478,13.8209,-0.115,20.6591,18.4054,2154
401309557,2021,4,eastern-michigan,texas-state,0,38,80,6.3637,50.6342,0.6175,0.61255,-1.6691,4.6946,0.58104,13.8119,13.6654,-0.11375,20.505,18.2913,2154
401309554,2021,4,western-michigan,san-jose-state,0,20,26,5.3207,58.8742,0.59762,0.5923,-0.2724,5.0484,0.58718,13.8427,13.803,-0.11564,20.6478,18.3835,2154
401309861,2021,4,utah,washington-state,0,11,37,9.77,58.3825,0.68412,0.67382,2.0239,11.7939,0.70845,13.8097,13.7402,-0.11573,20.5772,18.3188,2154
401282082,2021,4,arkansas,texas-a-m,1,10,30,-9.5525,54.4155,0.30825,0.3106,-3.1435,-12.696,0.25827,13.4469,13.8084,-0.11402,20.3428,18.1424,2154
401282213,2021,4,memphis,utsa,0,-3,59,15.4325,60.8095,0.78363,0.76625,1.2034,16.6359,0.7838,13.8394,13.7165,-0.11261,20.5529,18.3553,2154
401282643,2021,4,nc-state,clemson,0,6,48,-14.7277,51.2117,0.22762,0.22235,-4.458,-19.1858,0.16157,12.9754,13.7524,-0.11063,19.9242,17.8327,2154
401282716,2021,4,purdue,illinois,0,4,22,3.014,54.804,0.55012,0.5486,0.2672,3.2812,0.55374,13.8101,13.7464,-0.11596,20.5842,18.3208,2154
401286190,2021,4,uconn,wyoming,0,-2,46,-12.377,52.4145,0.26338,0.26149,0.0997,-12.2773,0.2631,13.1731,13.816,-0.11533,20.1591,17.9564,2154
401282756,2021,4,iowa,colorado-state,0,10,38,12.9927,47.1183,0.75375,0.73364,4.0689,17.0616,0.7959,13.8234,13.0941,-0.1062,20.0247,18.0027,2154
401282765,2021,4,maryland,kent-state,0,21,53,2.736,56.236,0.54475,0.54315,6.6084,9.3444,0.66593,13.8228,13.8057,-0.11522,20.6311,18.3764,2154
401287907,2021,4,baylor,iowa-state,0,2,60,7.3475,54.5925,0.6385,0.63043,0.8936,8.2411,0.6467,13.7983,13.7488,-0.11457,20.5643,18.329,2154
401282775,2021,4,michigan,rutgers,0,7,33,19.3197,52.9663,0.8455,0.82625,4.9279,24.2477,0.88208,13.8707,13.0291,-0.10829,20.0324,17.9726,2154
401282640,2021,4,florida-state,louisville,0,-8,54,3.018,62.0965,0.55,0.54831,3.0767,6.0947,0.60631,13.9041,13.8525,-0.11701,20.7434,18.443,2154
401282083,2021,4,auburn,georgia-state,0,10,58,16.5255,58.345,0.81025,0.7827,8.0999,24.6254,0.88026,13.8952,13.6057,-0.11232,20.51,18.3227,2154
401282639,2021,4,duke,kansas,0,19,85,8.5727,55.5337,0.65938,0.65208,1.0915,9.6643,0.6714,13.8974,13.735,-0.11691,20.65,18.3618,2154
401301011,2021,4,tulsa,arkansas-state,0,7,75,3.7747,60.8558,0.56563,0.56299,-0.0997,3.675,0.56109,13.8394,13.8143,-0.11565,20.654,18.3887,2154
401309610,2021,4,georgia-southern,louisiana,0,-8,48,-5.5328,54.8892,0.37788,0.38417,-0.9852,-6.5179,0.36593,13.6491,13.7518,-0.1174,20.4813,18.2027,2154
401282209,2021,4,old-dominion,buffalo,0,-1,69,-5.2365,51.059,0.37988,0.38912,2.7012,-2.5353,0.44078,13.4922,13.7913,-0.1148,20.3707,18.1526,2154
401309858,2021,4,stanford,ucla,0,-11,59,1.8755,57.728,0.53037,0.52657,-0.0137,1.8618,0.52631,13.8044,13.8084,-0.11677,20.6337,18.3498,2154
401282205,2021,4,louisiana-tech,north-texas,0,7,41,8.7963,57.5577,0.66375,0.65615,0.4591,9.2553,0.66429,13.8397,13.7683,-0.11774,20.6391,18.3367,2154
401282084,2021,4,florida,tennessee,0,24,52,8.9735,51.6135,0.66825,0.66037,1.9912,10.9647,0.6952,13.8471,13.6211,-0.11323,20.4937,18.2911,2154
401301008,2021,4,houston,navy,0,8,48,-1.4995,61.2115,0.469,0.46147,8.4249,6.9254,0.62203,13.8105,13.8405,-0.1178,20.6718,18.3645,2154
401282784,2021,4,michigan-state,nebraska,0,3,43,3.4793,50.6157,0.56025,0.55765,-1.2655,2.2137,0.53324,13.8062,13.7075,-0.11531,20.5463,18.2992,2154
401282087,2021,4,south-carolina,kentucky,0,-6,26,-1.1715,48.8215,0.47537,0.46741,0.7371,-0.4344,0.48177,13.5754,13.7747,-0.11681,20.4382,18.1755,2154
401287909,2021,4,oklahoma-state,kansas-state,0,11,51,0.6663,52.8017,0.50975,0.50322,0.8365,1.5027,0.51944,13.7511,13.769,-0.11738,20.5701,18.2819,2154
401287908,2021,4,oklahoma,west-virginia,0,3,29,14.6218,60.1472,0.77412,0.75404,5.3957,20.0175,0.82891,13.8381,13.7186,-0.11196,20.5475,18.3626,2154
401282811,2021,4,ohio-state,akron,0,52,66,32.8203,58.9292,0.94888,0.95327,12.4237,45.244,0.98989,13.8594,12.1422,-0.09426,19.2677,17.544,2154
401282641,2021,4,georgia-tech,north-carolina,1,23,67,-10.7992,54.3392,0.29112,0.28969,-1.7272,-12.5265,0.2614,13.4535,13.8644,-0.11344,20.3847,18.1906,2154
401282081,2021,4,alabama,southern-miss,0,49,77,16.3755,58.0755,0.8055,0.78046,10.2201,26.5956,0.89829,13.9189,13.6073,-0.11108,20.5176,18.3526,2154
401282207,2021,4,air-force,florida-atlantic,0,24,38,2.4582,53.8083,0.5385,0.53792,-9.9326,-7.4743,0.34914,13.7917,13.7571,-0.11516,20.571,18.324,2154
401282211,2021,4,tulane,uab,0,-7,49,7.1103,54.1283,0.634,0.62591,0.3542,7.4645,0.63241,13.8297,13.7117,-0.11787,20.5906,18.2912,2154
401310708,2021,4,new-mexico-state,hawaii,0,-20,62,-4.4797,60.6887,0.401,0.4041,-5.318,-9.7978,0.30784,13.7495,13.7181,-0.11561,20.5145,18.2654,2154
401309611,2021,4,louisiana-monroe,troy,0,13,45,-1.8595,64.026,0.46475,0.45463,-2.5918,-4.4513,0.40549,13.8786,13.8161,-0.11769,20.7034,18.3948,2154
401282214,2021,4,western-kentucky,indiana,0,-2,64,4.6435,51.6925,0.58488,0.57967,-2.6453,1.9982,0.52898,13.8344,13.7399,-0.11719,20.6088,18.32,2154
401282212,2021,4,utep,new-mexico,0,7,33,5.1847,56.9797,0.595,0.58982,-0.8,4.3848,0.57468,13.8338,13.7884,-0.11561,20.63,18.3682,2154
401309857,2021,4,washington,california,0,7,55,7.8998,46.8713,0.65,0.6424,2.4197,10.3195,0.68588,13.772,13.4423,-0.11047,20.2796,18.1511,2154
401301009,2021,4,byu,south-florida,0,8,62,10.1218,50.8072,0.68663,0.68123,-1.8495,8.2722,0.64824,13.8368,13.5389,-0.11293,20.4223,18.2331,2154
401309859,2021,4,oregon,arizona,0,22,60,16.2785,55.054,0.80475,0.78112,6.0424,22.3209,0.8584,13.827,13.4294,-0.1129,20.3337,18.1551,2154
401309860,2021,4,usc,oregon-state,0,-18,72,7.8635,62.634,0.64687,0.63915,4.4413,12.3048,0.71601,13.8498,13.8047,-0.11768,20.6733,18.3681,2154
401309862,2021,4,arizona-state,colorado,0,22,48,6.7412,49.5408,0.62738,0.61973,1.7777,8.519,0.65232,13.7916,13.6281,-0.11547,20.4778,18.2354,2154
401301012,2021,5,tulsa,houston,0,-35,55,2.0038,58.3257,0.53463,0.52867,-1.913,0.0908,0.49219,14.0821,13.8156,-0.12341,20.9093,18.4704,2286
401282759,2021,5,maryland,iowa,0,-37,65,-6.3098,48.3702,0.37,0.36969,0.9193,-5.3905,0.38676,13.5292,13.8146,-0.12068,20.4694,18.1321,2286
401309912,2021,5,utah-state,byu,0,-14,54,-0.1073,53.8522,0.49725,0.48837,-0.9261,-1.0333,0.47066,13.9877,13.8097,-0.12341,20.8337,18.4035,2286
401286302,2021,5,umass,toledo,0,-38,52,-18.7892,69.9453,0.19287,0.17744,-4.5239,-23.3132,0.1267,13.9114,13.8747,-0.12611,20.8498,18.3672,2286
401301015,2021,5,temple,memphis,0,3,65,-5.8455,58.0225,0.3815,0.38009,-1.3434,-7.1889,0.35574,13.9336,13.7986,-0.12381,20.7883,18.3559,2286
401282793,2021,5,purdue,minnesota,0,-7,33,-1.4935,54.4175,0.46975,0.46188,-0.1713,-1.6648,0.45861,13.9527,13.8173,-0.12511,20.8286,18.3673,2286
401287915,2021,5,tcu,texas,0,-5,59,-1.5263,61.0277,0.46837,0.46151,-3.3365,-4.8628,0.39907,14.112,13.847,-0.1248,20.968,18.4963,2286
401309561,2021,5,buffalo,western-michigan,0,-7,41,3.252,56.3275,0.55537,0.55237,-2.4573,0.7947,0.50562,14.0875,13.8065,-0.12294,20.9022,18.473,2286
401282776,2021,5,wisconsin,michigan,0,-21,55,2.69,50.9175,0.54612,0.54196,-1.5519,1.1381,0.51225,13.9877,13.7418,-0.12355,20.7844,18.3575,2286
401282090,2021,5,georgia,arkansas,0,37,37,18.0165,51.144,0.82612,0.80649,5.2981,23.3146,0.87006,14.0831,12.989,-0.11749,20.2493,18.0017,2286
401282650,2021,5,north-carolina,duke,0,31,45,7.4935,58.007,0.64075,0.63053,3.6603,11.1538,0.69417,14.1627,13.8232,-0.12435,20.9845,18.5196,2286
401282093,2021,5,missouri,tennessee,0,-38,86,3.7743,50.7188,0.56425,0.56263,-2.5278,1.2465,0.51433,13.985,13.7449,-0.12203,20.7705,18.3736,2286
401282219,2021,5,illinois,charlotte,0,10,38,3.4295,55.455,0.55562,0.55585,3.1811,6.6106,0.61524,14.0108,13.7832,-0.12607,20.8559,18.3736,2286
401282649,2021,5,georgia-tech,pittsburgh,0,-31,73,-4.284,50.921,0.41063,0.4086,0.7346,-3.5494,0.42244,13.7783,13.8548,-0.12183,20.6957,18.3108,2286
401282651,2021,5,wake-forest,louisville,0,3,71,5.2048,62.7788,0.59237,0.58874,-0.3529,4.8519,0.58218,14.1296,13.8526,-0.12376,20.9759,18.5227,2286
401309612,2021,5,georgia-state,appalachian-state,0,-29,61,-8.2452,59.4502,0.341,0.33708,-0.6862,-8.9315,0.32512,13.905,13.8378,-0.12422,20.7999,18.3584,2286
401309867,2021,5,colorado,usc,0,-23,51,-4.6155,55.872,0.40387,0.40288,-4.4377,-9.0532,0.32303,13.9038,13.8366,-0.12469,20.8024,18.3519,2286
401309558,2021,5,northern-illinois,eastern-michigan,0,7,47,-1.237,55.699,0.47625,0.46678,0.2585,-0.9785,0.47172,13.9923,13.8279,-0.12185,20.8363,18.4348,2286
401309614,2021,5,coastal-carolina,louisiana-monroe,0,53,65,8.1818,61.3957,0.658,0.64275,1.9677,10.1494,0.67707,14.1517,13.8503,-0.1246,20.9987,18.5272,2286
401282708,2021,5,notre-dame,cincinnati,0,-11,37,6.9555,53.731,0.63013,0.62149,4.3031,11.2586,0.69694,14.0893,13.7319,-0.12473,20.8647,18.4068,2286
401308835,2021,5,miami-oh,central-michigan,0,11,45,-0.253,54.5875,0.49612,0.48558,2.0729,1.8199,0.52527,13.9662,13.8287,-0.12263,20.8244,18.4097,2286
401282094,2021,5,south-carolina,troy,0,9,37,4.3225,53.834,0.57537,0.57275,5.681,10.0035,0.67577,14.0554,13.7667,-0.12259,20.8451,18.4292,2286
401282813,2021,5,rutgers,ohio-state,0,-39,65,-20.8532,56.4527,0.16275,0.14421,-7.8242,-28.6774,0.07345,13.0765,13.8203,-0.11782,20.1142,17.8721,2286
401287913,2021,5,kansas-state,oklahoma,0,-6,68,-2.2888,57.0562,0.454,0.4468,-6.1866,-8.4753,0.33344,14.0158,13.7858,-0.12498,20.8516,18.39,2286
401287916,2021,5,west-virginia,texas-tech,0,-3,43,-0.4625,53.886,0.49088,0.48156,0.0796,-0.3829,0.48309,13.9548,13.8087,-0.12457,20.8188,18.3686,2286
401309562,2021,5,kent-state,bowling-green,0,7,47,11.5405,52.199,0.7165,0.70306,-0.4347,11.1058,0.69575,14.1081,13.543,-0.12104,20.7052,18.3357,2286
401310711,2021,5,boise-state,nevada,0,-10,72,15.595,55.7075,0.78687,0.76689,2.584,18.179,0.80327,14.1069,13.5482,-0.12198,20.7168,18.3284,2286
401301014,2021,5,east-carolina,tulane,0,23,81,-6.4,59.946,0.3715,0.37042,1.0074,-5.3926,0.3888,13.9735,13.8415,-0.12505,20.862,18.3976,2286
401309864,2021,5,stanford,oregon,0,7,55,-7.4448,53.0648,0.3525,0.34996,-2.6676,-10.1123,0.30334,13.6995,13.8075,-0.12314,20.6133,18.2137,2286
401309560,2021,5,akron,ohio,0,-17,51,-10.4283,54.1623,0.30325,0.29763,-0.0243,-10.4526,0.29722,13.6105,13.8455,-0.12266,20.5711,18.1855,2286
401301013,2021,5,navy,ucf,0,4,64,-0.6032,62.4292,0.489,0.47906,-9.7136,-10.3168,0.30334,14.131,13.8888,-0.12451,21.0109,18.5395,2286
401282089,2021,5,alabama,ole-miss,0,21,63,14.0328,59.3368,0.75775,0.74078,5.1665,19.1992,0.81388,14.2135,13.7375,-0.12406,20.9569,18.5013,2286
401282648,2021,5,florida-state,syracuse,0,3,63,3.2903,55.4778,0.5535,0.55303,3.8474,7.1377,0.62444,14.1045,13.7839,-0.12624,20.9289,18.435,2286
401282215,2021,5,florida-atlantic,fiu,0,37,79,-13.1765,76.495,0.26125,0.2573,0.619,-12.5575,0.2669,14.0493,13.9062,-0.12703,20.9857,18.4696,2286
401309613,2021,5,georgia-southern,arkansas-state,0,26,92,3.2283,60.8738,0.55163,0.55185,-1.747,1.4813,0.51869,14.1144,13.8152,-0.12344,20.9335,18.4915,2286
401301016,2021,5,smu,south-florida,0,24,58,13.6965,60.439,0.75612,0.73601,0.6746,14.3711,0.74645,14.1731,13.7226,-0.12352,20.9101,18.47,2286
401309559,2021,5,ball-state,army,0,12,44,0.2473,54.8173,0.50513,0.49516,4.3072,4.5545,0.57714,14.0027,13.7836,-0.12462,20.8368,18.3836,2286
401309863,2021,5,california,washington-state,0,-15,27,0.4342,54.8407,0.50862,0.49874,1.1576,1.5919,0.52087,13.9994,13.8121,-0.12484,20.8575,18.3978,2286
401282091,2021,5,kentucky,florida,0,7,33,-1.388,48.9155,0.46913,0.46363,-3.3542,-4.7422,0.39994,13.7779,13.8136,-0.12334,20.6784,18.2675,2286
401282222,2021,5,utsa,unlv,0,7,41,5.4808,56.5427,0.59787,0.59421,2.2095,7.6902,0.63463,14.0837,13.796,-0.1232,20.894,18.4609,2286
401282220,2021,5,nc-state,louisiana-tech,0,7,61,-1.9065,52.553,0.45888,0.45386,3.4165,1.51,0.5194,13.8971,13.8122,-0.12254,20.7593,18.3538,2286
401310710,2021,5,new-mexico,air-force,0,-28,48,-10.8797,53.3667,0.29788,0.28963,6.2762,-4.6035,0.40181,13.5513,13.835,-0.12312,20.5234,18.135,2286
401282218,2021,5,rice,southern-miss,0,5,43,-0.741,49.5575,0.48313,0.47611,-0.8792,-1.6202,0.45923,13.8475,13.7749,-0.1243,20.7104,18.2779,2286
401282095,2021,5,texas-a-m,mississippi-state,0,-4,48,6.5435,51.5995,0.61913,0.61434,3.2702,9.8137,0.67289,14.0536,13.7078,-0.12192,20.7938,18.3965,2286
401287914,2021,5,oklahoma-state,baylor,0,10,38,-3.6643,54.5328,0.42288,0.42061,-0.8919,-4.5562,0.40391,13.9205,13.7799,-0.12629,20.7874,18.3089,2286
401282216,2021,5,middle-tennessee,marshall,0,6,62,-0.4735,52.379,0.491,0.48133,0.7037,0.2302,0.49482,13.9411,13.8188,-0.12232,20.7953,18.3898,2286
401287912,2021,5,iowa-state,kansas,0,52,66,14.8545,56.319,0.77413,0.75513,1.244,16.0985,0.77355,14.1409,13.5833,-0.12341,20.7817,18.3593,2286
401282221,2021,5,uab,liberty,0,-24,48,0.9415,50.9435,0.51837,0.50849,5.5008,6.4423,0.61275,13.9042,13.7738,-0.12317,20.7418,18.3266,2286
401282729,2021,5,penn-state,indiana,0,24,24,10.2925,52.3795,0.6945,0.68135,2.9718,13.2643,0.73057,14.1073,13.6045,-0.12323,20.7702,18.3521,2286
401282223,2021,5,michigan-state,western-kentucky,0,17,79,1.1687,46.9253,0.51987,0.51292,2.8888,4.0576,0.5684,13.847,13.7467,-0.11989,20.6483,18.3049,2286
401282647,2021,5,clemson,boston-college,0,6,32,15.9945,55.7045,0.79413,0.77314,5.6717,21.6662,0.84696,14.1246,13.4929,-0.12102,20.6807,18.3148,2286
401282800,2021,5,nebraska,northwestern,0,49,63,6.6863,47.6638,0.62312,0.61802,1.8026,8.4889,0.65091,13.9656,13.5698,-0.11933,20.6012,18.2742,2286
401282096,2021,5,vanderbilt,uconn,0,2,58,6.065,53.18,0.61112,0.60545,5.2785,11.3435,0.69888,14.0523,13.7057,-0.12353,20.8062,18.3775,2286
401309615,2021,5,south-alabama,louisiana,0,-2,38,-8.981,50.215,0.32675,0.3214,-0.3905,-9.3715,0.31459,13.5216,13.7816,-0.1211,20.4426,18.1007,2286
401309865,2021,5,oregon-state,washington,0,3,51,-1.327,55.942,0.47437,0.46509,-2.8271,-4.1541,0.41169,14.0011,13.8139,-0.124,20.8524,18.4089,2286
401282217,2021,5,utep,old-dominion,0,7,49,3.9025,52.384,0.56575,0.56491,-1.7219,2.1806,0.53217,14.03,13.7548,-0.12296,20.8205,18.4004,2286
401282092,2021,5,lsu,auburn,0,-5,43,6.511,60.3195,0.61712,0.61307,1.203,7.714,0.63489,14.0804,13.8038,-0.12564,20.9199,18.438,2286
401309866,2021,5,ucla,arizona-state,0,-19,65,1.4527,54.5812,0.52587,0.51821,0.2197,1.6725,0.5224,14.0236,13.8149,-0.12389,20.869,18.4257,2286
401310713,2021,5,san-jose-state,new-mexico-state,0,6,68,10.1747,56.0452,0.6925,0.67879,5.5722,15.7469,0.76784,14.1267,13.6796,-0.12275,20.836,18.4188,2286
401310712,2021,5,hawaii,fresno-state,0,3,51,0.929,62.327,0.517,0.50821,-1.6399,-0.7109,0.47683,13.991,13.7952,-0.12505,20.8405,18.3789,2286
401309616,2021,6,arkansas-state,coastal-carolina,0,-32,72,-1.5338,64.0718,0.47188,0.46105,1.1364,-0.3974,0.48279,13.825,13.5941,-0.15079,20.7992,17.8676,2406
401301017,2021,6,tulane,houston,0,-18,62,4.5287,61.6132,0.58537,0.57692,-2.0549,2.4739,0.53787,13.8435,13.5565,-0.14857,20.765,17.8789,2406
401301018,2021,6,cincinnati,temple,0,49,55,10.9208,50.6077,0.69275,0.69491,2.3768,13.2975,0.73437,13.8037,13.235,-0.14258,20.4402,17.709,2406
401282224,2021,6,fiu,charlotte,0,-12,78,22.6303,78.3007,0.86762,0.85548,1.102,23.7322,0.86715,13.9799,13.5505,-0.14946,20.8729,17.9563,2406
401309868,2021,6,arizona-state,stanford,0,18,38,6.0882,51.0152,0.61575,0.60687,-0.2061,5.8822,0.60302,13.7753,13.4393,-0.14666,20.6077,17.7784,2406
401287918,2021,6,texas,oklahoma,1,-7,103,-4.6375,64.981,0.4005,0.40222,-0.4025,-5.04,0.39473,13.7991,13.5627,-0.14995,20.7483,17.8392,2406
401282102,2021,6,tennessee,south-carolina,0,25,65,5.2862,48.9908,0.60087,0.59223,0.6258,5.9121,0.60403,13.7407,13.3809,-0.14423,20.5156,17.7431,2406
401309564,2021,6,toledo,northern-illinois,0,-2,42,11.7593,61.9642,0.70575,0.70629,2.1118,13.8711,0.74032,13.8694,13.5099,-0.1488,20.7519,17.8638,2406
401309566,2021,6,bowling-green,akron,0,-15,55,6.4062,49.9068,0.62013,0.6131,0.9453,7.3515,0.63058,13.7725,13.3855,-0.145,20.5504,17.7592,2406
401282100,2021,6,ole-miss,arkansas,0,1,103,8.9398,54.0403,0.66987,0.65843,0.1744,9.1141,0.66152,13.8613,13.4316,-0.14766,20.6767,17.8203,2406
401287917,2021,6,baylor,west-virginia,0,25,65,13.5907,50.3323,0.75087,0.74054,0.9375,14.5282,0.75528,13.7942,13.0625,-0.1415,20.2954,17.6045,2406
401282788,2021,6,rutgers,michigan-state,0,-18,44,-6.385,48.846,0.36325,0.36775,-1.9739,-8.3589,0.3319,13.3213,13.5788,-0.14804,20.3813,17.558,2406
401282098,2021,6,florida,vanderbilt,0,42,42,20.0033,51.6738,0.84762,0.83515,5.2392,25.2425,0.89188,13.8981,12.6301,-0.13581,20.0089,17.4641,2406
401282769,2021,6,ohio-state,maryland,0,49,83,24.4647,62.5577,0.8795,0.87968,5.3047,29.7695,0.92408,13.8767,13.1414,-0.14225,20.424,17.7025,2406
401282652,2021,6,duke,georgia-tech,0,-4,58,5.8803,52.8323,0.60938,0.6024,-1.9331,3.9471,0.56604,13.8569,13.5096,-0.14734,20.7289,17.8706,2406
401282226,2021,6,marshall,old-dominion,0,7,33,11.9638,48.4387,0.71713,0.71392,0.9052,12.869,0.72889,13.7988,13.0521,-0.14189,20.2947,17.597,2406
401282653,2021,6,louisville,virginia,0,-1,67,0.7065,64.7925,0.51238,0.50395,-0.2249,0.4816,0.49965,13.8693,13.6393,-0.15122,20.871,17.9214,2406
401282655,2021,6,syracuse,wake-forest,0,-3,77,1.122,57.3005,0.51663,0.51197,-0.4178,0.7042,0.50393,13.784,13.5553,-0.1493,20.7253,17.8312,2406
401282229,2021,6,liberty,middle-tennessee,0,28,54,5.9163,56.0733,0.60962,0.60317,-6.4438,-0.5275,0.48021,13.809,13.5101,-0.14901,20.7078,17.8216,2406
401286191,2021,6,umass,uconn,0,14,40,-2.4662,61.7117,0.44363,0.44317,-1.9884,-4.4546,0.40565,13.7876,13.5601,-0.15172,20.7535,17.8113,2406
401282718,2021,6,illinois,wisconsin,0,-24,24,-6.3223,49.9832,0.36425,0.3691,-2.293,-8.6153,0.32759,13.3626,13.5669,-0.14891,20.4111,17.5678,2406
401308836,2021,6,eastern-michigan,miami-oh,0,1,25,3.7905,55.1265,0.57025,0.56319,-0.7109,3.0796,0.54962,13.8022,13.4898,-0.14909,20.688,17.8033,2406
401301021,2021,6,navy,smu,0,-7,55,1.4808,64.5108,0.5215,0.51878,-8.5165,-7.0357,0.35872,13.8748,13.5873,-0.14978,20.8231,17.9067,2406
401282654,2021,6,north-carolina,florida-state,0,-10,60,7.596,57.9605,0.64363,0.63364,0.5419,8.1379,0.64341,13.8778,13.5549,-0.14726,20.7782,17.9145,2406
401309913,2021,6,byu,boise-state,0,-9,43,-1.4593,54.7793,0.46588,0.46223,-2.1758,-3.6351,0.42069,13.7185,13.5251,-0.15051,20.6634,17.7559,2406
401282225,2021,6,uab,florida-atlantic,0,17,45,-4.8807,48.6433,0.393,0.39579,-2.0685,-6.9493,0.35724,13.3611,13.5021,-0.14897,20.3612,17.5236,2406
401309563,2021,6,western-michigan,ball-state,0,-25,65,5.448,57.4735,0.60113,0.5942,1.1046,6.5526,0.61469,13.831,13.527,-0.15144,20.7591,17.8216,2406
401310715,2021,6,colorado-state,san-jose-state,0,18,46,2.4602,54.9677,0.54087,0.5377,0.6144,3.0747,0.54946,13.7927,13.5433,-0.14841,20.7149,17.8385,2406
401309567,2021,6,ohio,central-michigan,0,-3,57,1.391,56.0145,0.52212,0.51715,1.2034,2.5944,0.54026,13.7602,13.5681,-0.14965,20.72,17.8201,2406
401282097,2021,6,auburn,georgia,0,-24,44,-1.7445,48.162,0.4615,0.45632,-3.0657,-4.8102,0.39759,13.5182,13.4781,-0.1484,20.4568,17.616,2406
401282758,2021,6,iowa,penn-state,0,3,43,0.9707,42.9202,0.51525,0.50928,-3.1021,-2.1314,0.44826,13.3941,13.3388,-0.14575,20.2337,17.4713,2406
401282101,2021,6,missouri,north-texas,0,13,83,7.2488,55.8377,0.64075,0.62761,2.8761,10.1249,0.67878,13.8209,13.5399,-0.14808,20.7308,17.8585,2406
401309869,2021,6,washington-state,oregon-state,0,7,55,4.6337,63.4102,0.58663,0.5788,-0.7502,3.8835,0.56464,13.8528,13.5841,-0.14845,20.7918,17.9041,2406
401301019,2021,6,ucf,east-carolina,0,4,36,15.6452,62.7882,0.7815,0.7673,2.3361,17.9814,0.80027,13.9306,13.4616,-0.14706,20.7469,17.8919,2406
401282227,2021,6,southern-miss,utep,0,-13,39,4.6523,54.5953,0.58825,0.57949,2.7975,7.4497,0.63146,13.7883,13.51,-0.15003,20.701,17.7972,2406
401287919,2021,6,texas-tech,tcu,0,-21,83,3.3125,58.4985,0.55925,0.55388,-1.7363,1.5762,0.52067,13.8105,13.5845,-0.1487,20.7621,17.8739,2406
401282228,2021,6,western-kentucky,utsa,0,-6,98,10.7293,52.0228,0.6905,0.69043,0.3077,11.0369,0.69568,13.8782,13.3147,-0.14509,20.5793,17.7838,2406
401309565,2021,6,kent-state,buffalo,0,10,86,-1.566,54.3685,0.46963,0.46027,1.7238,0.1578,0.49341,13.7255,13.5585,-0.15222,20.7093,17.7642,2406
401310714,2021,6,air-force,wyoming,0,10,38,7.777,49.6515,0.64887,0.6385,-5.6282,2.1488,0.532,13.7641,13.3627,-0.14543,20.5307,17.7347,2406
401309617,2021,6,troy,georgia-southern,0,3,51,2.0323,57.9543,0.53437,0.52945,1.2347,3.267,0.55306,13.7971,13.5604,-0.1495,20.7409,17.841,2406
401309619,2021,6,texas-state,south-alabama,0,2,64,2.3388,46.3247,0.53838,0.53574,0.2547,2.5934,0.54067,13.6338,13.4367,-0.1469,20.5,17.6807,2406
401282099,2021,6,kentucky,lsu,0,21,63,-4.9307,54.7018,0.3955,0.39599,-3.697,-8.6277,0.32878,13.6361,13.5377,-0.14841,20.5913,17.7319,2406
401282656,2021,6,virginia-tech,notre-dame,0,-3,61,-4.854,51.43,0.3955,0.39736,-3.5958,-8.4498,0.33181,13.5856,13.5627,-0.14906,20.5778,17.7082,2406
401282778,2021,6,nebraska,michigan,0,-3,61,-5.8075,53.812,0.37788,0.3795,-1.6885,-7.496,0.34866,13.5477,13.5752,-0.14908,20.5587,17.6915,2406
401309871,2021,6,usc,utah,0,-16,68,-1.9145,54.3955,0.45788,0.45349,3.1677,1.2532,0.51454,13.6998,13.5664,-0.14839,20.6613,17.7925,2406
401309618,2021,6,louisiana-monroe,georgia-state,0,-34,76,0.6818,62.0958,0.51025,0.50348,-1.9297,-1.2479,0.46656,13.8762,13.5703,-0.15185,20.83,17.8749,2406
401282103,2021,6,texas-a-m,alabama,0,3,79,-6.8115,57.0055,0.35725,0.36189,-2.1973,-9.0088,0.3229,13.6432,13.6244,-0.15134,20.6887,17.7623,2406
401301020,2021,6,tulsa,memphis,0,6,64,-6.5185,59.6425,0.36388,0.3673,-1.9304,-8.4489,0.33278,13.7235,13.561,-0.15153,20.7035,17.7718,2406
401310716,2021,6,san-diego-state,new-mexico,0,24,38,12.65,45.553,0.735,0.72762,1.5358,14.1858,0.75244,13.8209,12.7505,-0.13867,20.0616,17.4562,2406
401310717,2021,6,nevada,new-mexico-state,0,27,83,7.9462,57.5112,0.65287,0.64044,5.7779,13.7241,0.73848,13.8651,13.4625,-0.14795,20.7054,17.8396,2406
401309870,2021,6,arizona,ucla,0,-18,50,-0.9805,60.1525,0.479,0.47161,-3.3885,-4.369,0.40739,13.8194,13.5793,-0.15093,20.7851,17.8529,2406
401309620,2021,7,louisiana,appalachian-state,0,28,54,1.4783,55.0508,0.53175,0.51904,-0.2737,1.2046,0.51371,13.7953,13.5558,-0.12267,20.4927,18.116,2508
401301022,2021,7,memphis,navy,0,18,52,5.9113,61.4408,0.6175,0.60405,8.4424,14.3536,0.75031,13.826,13.5621,-0.12148,20.5097,18.153,2508
401309621,2021,7,south-alabama,georgia-southern,0,27,55,-1.6097,50.7308,0.4615,0.45874,0.5947,-1.0151,0.47034,13.672,13.5225,-0.12104,20.3602,18.0284,2508
401282657,2021,7,syracuse,clemson,0,-3,31,-11.6805,52.36,0.275,0.27187,-6.9873,-18.6678,0.16967,13.3062,13.5497,-0.11594,20.0613,17.8562,2508
401282231,2021,7,north-texas,marshall,0,-28,70,-3.2992,54.1287,0.425,0.42621,0.7472,-2.5521,0.4406,13.7296,13.536,-0.12195,20.4219,18.0665,2508
401310723,2021,7,san-jose-state,san-diego-state,0,-6,32,-2.0452,45.7318,0.44975,0.44974,-0.5854,-2.6306,0.43826,13.4466,13.5165,-0.1169,20.1494,17.9168,2508
401309872,2021,7,oregon,california,0,7,41,12.4713,47.6723,0.74025,0.72492,4.2476,16.7188,0.7909,13.8239,13.0264,-0.11275,20.0348,17.8937,2508
401301023,2021,7,cincinnati,ucf,0,35,77,4.2188,56.6912,0.58788,0.57197,-0.2378,3.981,0.56742,13.8174,13.5625,-0.12108,20.4998,18.1516,2508
401309571,2021,7,buffalo,ohio,0,1,53,4.8893,56.7318,0.60137,0.58489,-1.2376,3.6517,0.56118,13.8371,13.5124,-0.12033,20.4707,18.1398,2508
401287924,2021,7,texas,oklahoma-state,0,-8,56,5.755,59.0635,0.61675,0.60101,4.9477,10.7027,0.69038,13.8449,13.56,-0.12246,20.5313,18.1541,2508
401282731,2021,7,indiana,michigan-state,0,-5,35,1.947,51.743,0.53863,0.52822,-0.2435,1.7035,0.52348,13.7783,13.5284,-0.12017,20.4367,18.1124,2508
401282796,2021,7,minnesota,nebraska,0,7,53,4.9488,54.5507,0.6035,0.58606,-1.7179,3.2308,0.55309,13.8463,13.481,-0.12109,20.4613,18.1177,2508
401282104,2021,7,arkansas,auburn,0,-15,61,-9.5918,55.4603,0.313,0.30929,-2.2324,-11.8242,0.2716,13.5429,13.5448,-0.11999,20.2705,17.968,2508
401282807,2021,7,northwestern,rutgers,0,14,28,6.063,45.505,0.62225,0.60866,1.4368,7.4998,0.63573,13.7404,13.2631,-0.11539,20.1685,17.9625,2508
401282108,2021,7,missouri,texas-a-m,0,-21,49,-0.878,51.0915,0.48462,0.47301,-4.5699,-5.4479,0.38503,13.6923,13.5116,-0.11907,20.3494,18.055,2508
401282106,2021,7,lsu,florida,0,7,91,5.2913,57.2957,0.60825,0.59246,0.3428,5.6341,0.59894,13.8137,13.5471,-0.12122,20.4869,18.1376,2508
401301024,2021,7,south-florida,tulsa,0,-1,63,-0.8857,52.3833,0.48312,0.47292,1.3299,0.4441,0.49891,13.7471,13.5253,-0.11907,20.4009,18.1008,2508
401282660,2021,7,virginia,duke,0,48,48,7.2793,58.8582,0.64438,0.62925,0.2667,7.5459,0.63414,13.8897,13.5468,-0.12202,20.5513,18.1802,2508
401309568,2021,7,eastern-michigan,ball-state,0,-7,69,1.5512,56.7643,0.53175,0.52048,0.0435,1.5947,0.52133,13.8099,13.5338,-0.12071,20.4694,18.1315,2508
401308837,2021,7,miami-oh,akron,0,13,55,14.8125,51.081,0.77975,0.76186,0.8938,15.7063,0.77541,13.8261,13.0698,-0.11554,20.0932,17.8949,2508
401309622,2021,7,texas-state,troy,0,-3,59,-1.4405,53.1555,0.46975,0.4621,-0.3854,-1.8259,0.4546,13.738,13.5204,-0.11951,20.3943,18.0869,2508
401282105,2021,7,georgia,kentucky,0,17,43,11.0622,44.2392,0.72188,0.70298,5.5596,16.6219,0.79205,13.7389,12.8291,-0.11164,19.8166,17.7197,2508
401282234,2021,7,southern-miss,uab,0,-34,34,-0.966,48.424,0.4795,0.47113,0.4097,-0.5563,0.47919,13.5908,13.4756,-0.11844,20.2406,17.9699,2508
401282661,2021,7,virginia-tech,pittsburgh,0,-21,35,0.6145,50.1445,0.5125,0.50223,-0.0929,0.5216,0.50042,13.768,13.5595,-0.12117,20.4612,18.1156,2508
401309570,2021,7,northern-illinois,bowling-green,0,8,60,10.5655,51.41,0.70813,0.68998,-0.5039,10.0616,0.68117,13.8388,13.3243,-0.11694,20.3021,18.0534,2508
401309572,2021,7,western-michigan,kent-state,0,33,95,6.2777,56.2993,0.62838,0.61105,0.7335,7.0113,0.62471,13.8501,13.5044,-0.12139,20.4843,18.1324,2508
401282760,2021,7,iowa,purdue,0,-17,31,11.0478,45.3822,0.71888,0.7015,0.2499,11.2977,0.70583,13.784,12.9365,-0.11391,19.9494,17.7968,2508
401309569,2021,7,central-michigan,toledo,0,3,49,-0.7543,61.6213,0.48725,0.4756,-3.7323,-4.4866,0.40388,13.8129,13.5405,-0.12263,20.4942,18.1182,2508
401309875,2021,7,colorado,arizona,0,34,34,3.574,52.908,0.57312,0.55961,1.391,4.965,0.58622,13.8366,13.536,-0.12133,20.4969,18.1446,2508
401310721,2021,7,wyoming,fresno-state,0,-17,17,3.348,52.284,0.56712,0.5554,-2.9842,0.3638,0.49734,13.81,13.5052,-0.11991,20.4411,18.1212,2508
401282232,2021,7,old-dominion,western-kentucky,0,-23,63,-6.322,48.9905,0.3665,0.36749,-2.1967,-8.5187,0.32725,13.4072,13.5627,-0.11671,20.153,17.9236,2508
401287920,2021,7,baylor,byu,0,14,62,9.6318,52.1368,0.6935,0.67332,4.1314,13.7631,0.74289,13.7948,13.3885,-0.11889,20.3339,18.0453,2508
401287921,2021,7,kansas,texas-tech,0,-27,55,-6.646,58.7425,0.36375,0.36333,-1.1206,-7.7666,0.34297,13.7464,13.5547,-0.12131,20.4427,18.0966,2508
401282109,2021,7,south-carolina,vanderbilt,0,1,41,12.1415,48.467,0.73462,0.71886,2.6222,14.7637,0.76114,13.8268,13.0686,-0.11527,20.0904,17.8972,2508
401282233,2021,7,utsa,rice,0,45,45,4.8142,51.4933,0.60062,0.58367,1.6927,6.5069,0.6157,13.7835,13.5023,-0.11981,20.4179,18.1025,2508
401282107,2021,7,mississippi-state,alabama,0,-40,58,-9.5245,61.2635,0.31713,0.31218,-5.4675,-14.992,0.22459,13.7397,13.5914,-0.12197,20.471,18.1094,2508
401310720,2021,7,unlv,utah-state,0,-4,52,-3.1157,55.1698,0.43063,0.42979,-0.0367,-3.1524,0.42909,13.7425,13.5732,-0.11972,20.439,18.1224,2508
401310719,2021,7,new-mexico,colorado-state,0,-29,43,-3.7097,52.3203,0.4155,0.41808,-1.5648,-5.2746,0.38833,13.6332,13.5719,-0.11973,20.356,18.0487,2508
401286296,2021,7,louisiana-monroe,liberty,0,3,59,-8.262,59.2445,0.33138,0.33413,2.9925,-5.2695,0.38891,13.7208,13.5634,-0.12315,20.4466,18.0662,2508
401287922,2021,7,kansas-state,iowa-state,0,-13,53,0.657,52.1335,0.5125,0.50306,-0.8347,-0.1777,0.48679,13.7675,13.5511,-0.12148,20.4574,18.1066,2508
401287923,2021,7,oklahoma,tcu,0,21,83,9.654,63.494,0.69275,0.67226,3.739,13.393,0.73513,13.8412,13.5464,-0.12229,20.5169,18.1446,2508
401309873,2021,7,washington-state,stanford,0,3,65,6.3622,57.3757,0.62588,0.61263,-2.7377,3.6246,0.56062,13.8484,13.5103,-0.12117,20.4853,18.1373,2508
401282658,2021,7,boston-college,nc-state,0,-26,40,6.5605,55.203,0.6325,0.61626,-1.2137,5.3468,0.59346,13.862,13.5243,-0.12024,20.4975,18.1652,2508
401282110,2021,7,tennessee,ole-miss,0,-5,57,3.334,53.0415,0.56525,0.55509,0.927,4.261,0.57293,13.7839,13.5333,-0.12177,20.4591,18.1029,2508
401282826,2021,7,wisconsin,army,0,6,34,11.285,48.3565,0.72125,0.70405,12.1434,23.4284,0.87279,13.8239,13.1225,-0.11421,20.118,17.9406,2508
401309874,2021,7,washington,ucla,0,-7,41,7.6343,54.9877,0.65375,0.63619,0.826,8.4603,0.65122,13.8779,13.4791,-0.121,20.483,18.1387,2508
401310718,2021,7,boise-state,air-force,0,-7,41,2.7868,53.6448,0.55488,0.54459,10.0163,12.8031,0.72663,13.747,13.5137,-0.12153,20.4145,18.0678,2508
401282230,2021,7,utep,louisiana-tech,0,16,22,-3.5825,55.188,0.41887,0.42078,-3.8334,-7.4159,0.34916,13.7159,13.5688,-0.12052,20.423,18.0936,2508
401309876,2021,7,utah,arizona-state,0,14,56,8.901,48.648,0.68263,0.66097,-0.5077,8.3933,0.65174,13.8042,13.2829,-0.1161,20.2378,18.0115,2508
401310722,2021,7,nevada,hawaii,0,17,51,-0.1283,59.8422,0.50038,0.48776,0.4598,0.3316,0.49672,13.8595,13.4841,-0.12153,20.4776,18.1242,2508
401309623,2021,8,appalachian-state,coastal-carolina,0,3,57,6.7163,58.9838,0.62662,0.6181,0.6482,7.3645,0.62999,13.9571,13.5921,-0.1275,20.6863,18.1981,2610
401301025,2021,8,smu,tulane,0,29,81,5.5475,65.8725,0.60788,0.59622,2.1464,7.6939,0.63576,13.9765,13.6248,-0.12728,20.7232,18.2347,2610
401282235,2021,8,charlotte,florida-atlantic,0,-29,47,-4.1238,54.6553,0.41313,0.41093,-1.721,-5.8447,0.37868,13.7508,13.6069,-0.12698,20.5366,18.0752,2610
401309624,2021,8,arkansas-state,louisiana,0,-1,55,-9.427,61.4935,0.31538,0.3149,0.7618,-8.6652,0.32815,13.7879,13.6295,-0.12849,20.5952,18.099,2610
401310729,2021,8,unlv,san-jose-state,0,-7,47,-2.2885,55.377,0.45,0.44609,-0.3489,-2.6374,0.43939,13.8006,13.6014,-0.12704,20.5706,18.1042,2610
401282239,2021,8,uconn,middle-tennessee,0,-31,57,-10.8975,55.7355,0.29337,0.28769,-3.0791,-13.9766,0.2384,13.4752,13.6457,-0.12573,20.3476,17.9318,2610
401301026,2021,8,ucf,memphis,0,17,31,0.6698,65.5642,0.51125,0.50327,1.2712,1.941,0.52775,13.9578,13.5957,-0.12879,20.7013,18.1874,2610
401310725,2021,8,utah-state,colorado-state,0,2,50,2.2837,54.2888,0.539,0.53448,-0.9267,1.3571,0.51658,13.8839,13.5856,-0.12638,20.6156,18.1564,2610
401309877,2021,8,arizona,washington,0,-5,37,-8.1468,51.9912,0.33488,0.33545,-4.2145,-12.3613,0.26368,13.4783,13.6476,-0.1255,20.3493,17.9374,2610
401309577,2021,8,central-michigan,northern-illinois,0,-1,77,6.9217,54.0083,0.62962,0.62267,-1.6205,5.3013,0.59237,13.8847,13.4873,-0.12712,20.55,18.0855,2610
401287928,2021,8,texas-tech,kansas-state,0,-1,49,-0.3453,55.1202,0.4925,0.48364,0.7113,0.366,0.49741,13.8305,13.6385,-0.12567,20.6083,18.1626,2610
401309574,2021,8,bowling-green,eastern-michigan,0,-31,79,-8.935,52.9875,0.319,0.32103,0.7624,-8.1726,0.33459,13.4587,13.6112,-0.12445,20.2977,17.911,2610
401301027,2021,8,navy,cincinnati,0,-7,47,-4.0837,55.5378,0.40975,0.41175,-9.4758,-13.5595,0.24695,13.764,13.6179,-0.12665,20.5517,18.0947,2610
401282662,2021,8,army,wake-forest,0,-14,126,1.3337,55.0337,0.52063,0.51615,-9.0722,-7.7384,0.34456,13.8404,13.6153,-0.12509,20.5931,18.1601,2610
401282779,2021,8,michigan,northwestern,0,26,40,15.6502,49.0517,0.79475,0.77557,3.4911,19.1414,0.82429,13.9558,12.7913,-0.11715,20.0052,17.792,2610
401282663,2021,8,florida-state,umass,0,56,62,20.3997,61.3847,0.84475,0.83384,10.3047,30.7044,0.92942,14.0517,13.3322,-0.12317,20.5267,18.1397,2610
401282717,2021,8,penn-state,illinois,0,-2,38,12.4677,48.3252,0.734,0.72388,3.6193,16.0871,0.78058,13.9219,12.9903,-0.1184,20.1343,17.8814,2610
401287926,2021,8,kansas,oklahoma,0,-12,58,-17.1167,64.0233,0.20425,0.19428,-6.5959,-23.7126,0.118,13.6313,13.6136,-0.12481,20.432,18.0228,2610
401282668,2021,8,virginia-tech,syracuse,0,-5,77,3.184,51.367,0.56037,0.55196,1.8345,5.0185,0.58702,13.8959,13.4989,-0.12507,20.5485,18.1217,2610
401309576,2021,8,ohio,kent-state,0,-7,61,4.8915,57.858,0.59613,0.58421,-0.4862,4.4053,0.575,13.9107,13.5776,-0.12841,20.6486,18.1481,2610
401309625,2021,8,georgia-state,texas-state,0,12,44,4.4992,55.1377,0.588,0.57687,-0.2767,4.2225,0.57161,13.9062,13.5716,-0.12693,20.6272,18.1565,2610
401282821,2021,8,purdue,wisconsin,0,-17,43,-7.001,48.5225,0.35213,0.35513,-2.0258,-9.0268,0.31852,13.3466,13.5938,-0.12336,20.1912,17.837,2610
401282666,2021,8,pittsburgh,clemson,0,10,44,-7.1833,49.9438,0.34975,0.35237,-5.0599,-12.2432,0.26484,13.4596,13.5971,-0.12311,20.2757,17.9159,2610
401287925,2021,8,iowa-state,oklahoma-state,0,3,45,4.7952,54.5353,0.59275,0.58256,-0.0017,4.7935,0.58252,13.8967,13.5646,-0.12608,20.607,18.1545,2610
401282238,2021,8,uab,rice,0,-6,54,9.567,45.737,0.68112,0.6743,0.4695,10.0365,0.68268,13.7919,13.0471,-0.11751,20.0682,17.8368,2610
401309881,2021,8,washington-state,byu,0,-2,40,1.8762,58.0478,0.53225,0.52659,3.0015,4.8777,0.58402,13.8897,13.5888,-0.12721,20.6301,18.1538,2610
401282113,2021,8,ole-miss,lsu,0,14,48,-7.2565,61.2815,0.35563,0.35327,-3.2611,-10.5176,0.29639,13.8309,13.6034,-0.12766,20.6006,18.1193,2610
401282767,2021,8,minnesota,maryland,0,18,50,10.2058,58.2123,0.6845,0.68092,-0.9979,9.2079,0.66346,13.9725,13.5233,-0.12653,20.638,18.174,2610
401310726,2021,8,wyoming,new-mexico,0,-11,17,12.1318,47.8053,0.72613,0.71836,-0.648,11.4837,0.70739,13.9116,12.9715,-0.11979,20.1252,17.8482,2610
401309573,2021,8,toledo,western-michigan,0,19,49,4.669,63.8415,0.5915,0.57994,1.3092,5.9782,0.60452,13.9344,13.598,-0.12675,20.6665,18.1945,2610
401309575,2021,8,akron,buffalo,0,-35,55,-12.6723,54.3113,0.25988,0.25754,1.2133,-11.459,0.27727,13.3359,13.6323,-0.12597,20.2358,17.8292,2610
401309879,2021,8,ucla,oregon,0,-3,65,-6.6358,57.3407,0.362,0.36402,-2.6539,-9.2896,0.31666,13.7313,13.6178,-0.126,20.5211,18.0796,2610
401309878,2021,8,california,colorado,0,23,29,4.3422,45.9397,0.58737,0.57502,0.4038,4.746,0.5828,13.7597,13.3658,-0.12103,20.3098,17.9849,2610
401308838,2021,8,ball-state,miami-oh,0,-7,41,4.2918,56.3573,0.585,0.57311,-0.7544,3.5373,0.55868,13.8956,13.5311,-0.12543,20.5753,18.1386,2610
401301028,2021,8,houston,east-carolina,0,7,55,7.8725,59.7575,0.65125,0.63928,1.0475,8.92,0.65807,13.9606,13.5875,-0.12663,20.6774,18.2065,2610
401282115,2021,8,vanderbilt,mississippi-state,0,-39,51,-7.8685,53.0165,0.34075,0.34067,-2.0199,-9.8884,0.30511,13.5154,13.6438,-0.12606,20.3792,17.9535,2610
401282240,2021,8,north-texas,liberty,0,-9,61,-5.1905,58.318,0.38938,0.39116,6.4872,1.2967,0.51543,13.8005,13.6241,-0.12799,20.596,18.1092,2610
401282664,2021,8,louisville,boston-college,0,14,42,1.831,63.317,0.53138,0.52558,-0.5449,1.2861,0.51511,13.9765,13.6664,-0.12649,20.7469,18.2699,2610
401282111,2021,8,alabama,tennessee,0,28,76,13.681,60.683,0.74963,0.73853,4.2394,17.9204,0.80075,13.9932,13.4849,-0.12736,20.6329,18.1545,2610
401282237,2021,8,louisiana-tech,utsa,0,-29,61,6.036,55.159,0.61688,0.606,0.2224,6.2584,0.61015,13.9026,13.5259,-0.12649,20.5865,18.129,2610
401310724,2021,8,air-force,san-diego-state,0,-6,34,5.9597,44.3158,0.61825,0.60688,-7.812,-1.8523,0.45349,13.7295,13.1835,-0.11876,20.132,17.8694,2610
401282236,2021,8,fiu,western-kentucky,0,-15,53,17.5145,76.3865,0.81325,0.79321,-0.0813,17.4332,0.79209,14.0574,13.6425,-0.12862,20.8101,18.2864,2610
401309626,2021,8,louisiana-monroe,south-alabama,0,10,72,-0.6425,55.3545,0.48725,0.4779,-1.9517,-2.5942,0.44034,13.857,13.6147,-0.12609,20.6144,18.1604,2610
401301029,2021,8,south-florida,temple,0,20,48,-1.2135,51.563,0.47488,0.46674,0.7428,-0.4707,0.48114,13.7578,13.6049,-0.12546,20.5264,18.0943,2610
401310727,2021,8,fresno-state,nevada,0,2,66,7.333,57.658,0.63787,0.6297,1.18,8.513,0.65108,13.9179,13.5629,-0.12802,20.6395,18.1474,2610
401282114,2021,8,texas-a-m,south-carolina,0,30,58,8.1668,47.6133,0.65612,0.64723,2.6679,10.8347,0.69474,13.8397,13.2381,-0.12257,20.2903,17.9408,2610
401309880,2021,8,oregon-state,utah,0,8,76,-7.1477,56.4742,0.35375,0.35464,-1.2737,-8.4214,0.33181,13.7066,13.6245,-0.12661,20.5131,18.0613,2610
401287927,2021,8,tcu,west-virginia,0,-12,46,6.0592,54.7918,0.6165,0.60634,1.6568,7.716,0.6369,13.913,13.5398,-0.12662,20.6059,18.1436,2610
401282709,2021,8,notre-dame,usc,0,15,47,7.449,59.4995,0.6395,0.6316,-0.4065,7.0425,0.62417,13.9467,13.5833,-0.12787,20.6752,18.1816,2610
401282667,2021,8,virginia,georgia-tech,0,8,88,9.725,57.4175,0.68025,0.67258,-1.6664,8.0586,0.64293,13.938,13.5625,-0.12592,20.6353,18.1826,2610
401282730,2021,8,indiana,ohio-state,0,-47,61,-15.213,60.5355,0.22637,0.22041,-6.0937,-21.3067,0.14237,13.5359,13.6232,-0.12676,20.3853,17.9461,2610
401310728,2021,8,hawaii,new-mexico-state,0,14,82,10.705,62.014,0.69088,0.68986,5.318,16.023,0.77447,13.8871,13.5579,-0.12635,20.5972,18.1408,2610
401301033,2021,9,east-carolina,south-florida,0,15,43,2.464,54.212,0.54838,0.53875,-0.4644,1.9996,0.52961,13.5467,13.4947,-0.11455,20.1867,17.9928,2716
401309627,2021,9,coastal-carolina,troy,0,7,63,6.128,59.1905,0.62338,0.60941,-0.6241,5.5039,0.59754,13.6309,13.5225,-0.1134,20.2599,18.0791,2716
401301030,2021,9,tulsa,navy,0,-3,37,-2.7163,57.5343,0.42488,0.43677,6.5119,3.7957,0.56478,13.5186,13.5278,-0.11628,20.2061,17.9784,2716
401310734,2021,9,nevada,unlv,0,31,71,5.6552,56.2493,0.612,0.60069,0.5546,6.2098,0.61125,13.5936,13.4826,-0.11373,20.2053,18.0245,2716
401309631,2021,9,louisiana,texas-state,0,45,45,14.9242,50.4107,0.78812,0.76794,0.1358,15.06,0.77004,13.597,12.9087,-0.1045,19.7027,17.7434,2716
401286297,2021,9,liberty,umass,0,45,79,23.5205,60.9755,0.89237,0.87691,-1.3762,22.1443,0.86222,13.63,13.0443,-0.10718,19.8504,17.8275,2716
401282726,2021,9,maryland,indiana,0,3,73,-2.8825,56.6965,0.42413,0.4335,0.789,-2.0935,0.44891,13.5221,13.544,-0.11362,20.1967,18.0186,2716
401282671,2021,9,georgia-tech,virginia-tech,0,-9,43,-3.5935,50.284,0.40363,0.41918,0.8275,-2.766,0.43536,13.3553,13.5342,-0.11383,20.0671,17.8994,2716
401282763,2021,9,wisconsin,iowa,0,20,34,3.9823,42.7302,0.58362,0.57023,1.7758,5.7581,0.60534,13.3056,13.1189,-0.10912,19.6784,17.6366,2716
401309578,2021,9,buffalo,bowling-green,0,-12,100,15.832,54.5145,0.8035,0.77967,-2.1586,13.6734,0.74618,13.6033,13.0974,-0.10881,19.8838,17.8275,2716
401282719,2021,9,illinois,rutgers,0,-6,34,9.343,48.172,0.68575,0.67184,1.083,10.426,0.69128,13.5578,13.1291,-0.10876,19.8722,17.8176,2716
401301032,2021,9,tulane,cincinnati,0,-19,43,-6.158,57.0055,0.351,0.37054,-3.1057,-9.2637,0.31399,13.4461,13.5244,-0.11629,20.1495,17.928,2716
401287929,2021,9,baylor,texas,0,7,55,5.4222,59.3422,0.60787,0.59616,-4.0558,1.3665,0.51709,13.5758,13.5069,-0.11494,20.2211,18.0163,2716
401301031,2021,9,temple,ucf,0,-42,56,-7.563,57.5985,0.32662,0.34459,-2.6146,-10.1776,0.29818,13.438,13.5596,-0.11515,20.1595,17.9577,2716
401282777,2021,9,michigan-state,michigan,0,4,70,-6.1318,50.8298,0.34975,0.37017,-2.954,-9.0857,0.31596,13.2778,13.5342,-0.11395,20.0107,17.8472,2716
401287933,2021,9,west-virginia,iowa-state,0,7,69,-6.1113,51.1778,0.35,0.37055,-0.0439,-6.1551,0.36972,13.2672,13.5269,-0.11528,20.0094,17.8218,2716
401282246,2021,9,rice,north-texas,0,-6,54,-1.1322,53.1512,0.47038,0.4677,-1.456,-2.5883,0.43906,13.4789,13.4991,-0.11434,20.1373,17.9526,2716
401282119,2021,9,vanderbilt,missouri,0,-9,65,-9.45,52.0425,0.29313,0.30867,-0.7202,-10.1702,0.29605,13.1233,13.55,-0.11463,19.9146,17.7498,2716
401309885,2021,9,arizona-state,washington-state,0,-13,55,2.232,54.9915,0.53937,0.53417,2.5316,4.7636,0.5836,13.5875,13.4779,-0.11365,20.1965,18.018,2716
401310731,2021,9,utah-state,hawaii,0,20,82,1.7668,59.5643,0.53287,0.52501,-0.0581,1.7086,0.52386,13.6121,13.4378,-0.11497,20.1971,17.9945,2716
401309884,2021,9,oregon,colorado,0,23,81,14.2222,50.5722,0.7745,0.75637,4.6514,18.8736,0.82385,13.5806,12.9762,-0.10608,19.7535,17.7603,2716
401282245,2021,9,middle-tennessee,southern-miss,0,25,45,5.8243,52.7627,0.6175,0.60426,0.5333,6.3576,0.61443,13.5634,13.4176,-0.11408,20.1376,17.9575,2716
401287931,2021,9,oklahoma,texas-tech,0,31,73,10.3745,64.9495,0.70075,0.6873,5.4753,15.8498,0.77605,13.6108,13.4826,-0.11453,20.2255,18.0278,2716
401282795,2021,9,northwestern,minnesota,0,-27,55,-6.7203,48.5568,0.33813,0.35824,-0.0847,-6.805,0.35665,13.1277,13.5241,-0.11269,19.8809,17.7546,2716
401309628,2021,9,appalachian-state,louisiana-monroe,0,31,87,15.7205,61.705,0.79862,0.77462,2.6159,18.3364,0.81159,13.6644,13.3997,-0.11209,20.182,18.0338,2716
401282242,2021,9,marshall,fiu,0,38,38,-13.6397,75.5443,0.23563,0.2432,-1.2102,-14.85,0.22494,13.5936,13.6094,-0.11537,20.3148,18.0919,2716
401287930,2021,9,kansas-state,tcu,0,19,43,3.825,54.588,0.57663,0.56542,-2.4476,1.3774,0.51734,13.5685,13.4786,-0.11391,20.1852,18.0031,2716
401282670,2021,9,clemson,florida-state,0,10,50,13.4477,51.7897,0.7585,0.74242,3.1399,16.5877,0.79064,13.6103,13.1287,-0.10689,19.8947,17.8719,2716
401282244,2021,9,old-dominion,louisiana-tech,0,3,43,-4.6875,50.386,0.38313,0.3978,-2.1115,-6.799,0.35775,13.3007,13.537,-0.11348,20.0256,17.8688,2716
401282801,2021,9,nebraska,purdue,0,-5,51,3.8422,51.9808,0.57937,0.56603,1.8892,5.7315,0.60268,13.5226,13.4427,-0.1112,20.0996,17.9761,2716
401282117,2021,9,florida,georgia,1,-27,41,-7.5258,47.3332,0.31913,0.34239,-2.2055,-9.7312,0.3024,13.0416,13.4886,-0.11034,19.7698,17.6977,2716
401282675,2021,9,syracuse,boston-college,0,15,27,1.997,57.5415,0.53712,0.5295,-1.3156,0.6814,0.50358,13.5781,13.5263,-0.11372,20.2261,18.0431,2716
401282676,2021,9,wake-forest,duke,0,38,52,8.6835,59.3655,0.66737,0.65692,-0.3111,8.3724,0.65125,13.6272,13.502,-0.11465,20.2532,18.0504,2716
401282241,2021,9,western-kentucky,charlotte,0,32,58,6.6127,53.8137,0.62987,0.61911,1.1833,7.796,0.64126,13.5847,13.4477,-0.11283,20.1645,18.0045,2716
401310732,2021,9,san-jose-state,wyoming,0,6,48,-1.0957,47.7908,0.46775,0.46815,1.5985,0.5027,0.50005,13.3082,13.4484,-0.11356,19.9654,17.8135,2716
401309629,2021,9,south-alabama,arkansas-state,0,18,44,0.3565,58.299,0.50138,0.49717,-1.1523,-0.7958,0.47447,13.5685,13.5294,-0.11498,20.2328,18.026,2716
401282243,2021,9,florida-atlantic,utep,0,3,53,12.8023,52.8372,0.7455,0.73129,4.4563,17.2586,0.79958,13.6003,13.196,-0.10813,19.9479,17.8967,2716
401309630,2021,9,georgia-southern,georgia-state,0,-7,35,3.6142,57.7317,0.57188,0.56119,-0.5726,3.0416,0.55,13.6063,13.5027,-0.11322,20.2251,18.0514,2716
401309882,2021,9,california,oregon-state,0,14,64,0.1345,52.1895,0.49488,0.49276,0.4074,0.5419,0.50083,13.4927,13.4898,-0.11444,20.1417,17.9546,2716
401310730,2021,9,colorado-state,boise-state,0,-9,47,-6.6933,54.3298,0.34125,0.36009,-2.1753,-8.8685,0.32041,13.3745,13.5234,-0.11462,20.0804,17.8969,2716
401309886,2021,9,usc,arizona,0,7,75,11.66,58.058,0.72075,0.71004,5.8288,17.4888,0.80027,13.6362,13.3981,-0.11244,20.1629,18.0102,2716
401282116,2021,9,auburn,ole-miss,0,11,51,8.0853,53.3558,0.6585,0.64686,2.0581,10.1433,0.68407,13.6142,13.3972,-0.1104,20.1272,18.0155,2716
401282118,2021,9,mississippi-state,kentucky,0,14,48,-2.1708,50.2433,0.4415,0.44706,0.1349,-2.0359,0.44972,13.3817,13.4947,-0.115,20.0677,17.8786,2716
401287932,2021,9,oklahoma-state,kansas,0,52,58,14.5745,54.9455,0.7795,0.75925,1.2458,15.8203,0.77822,13.64,13.211,-0.10888,19.9955,17.9259,2716
401301034,2021,9,houston,smu,0,7,81,-2.4428,64.9087,0.43312,0.44231,-0.0915,-2.5343,0.44053,13.598,13.5566,-0.11556,20.2804,18.0578,2716
401282814,2021,9,ohio-state,penn-state,0,9,57,12.0858,55.8252,0.72888,0.71805,3.1219,15.2076,0.76808,13.5851,13.3448,-0.11161,20.0775,17.9492,2716
401282672,2021,9,nc-state,louisville,0,15,41,-0.0765,57.8435,0.4915,0.48865,1.7586,1.6821,0.52327,13.5984,13.5481,-0.1135,20.2556,18.0734,2716
401282673,2021,9,notre-dame,north-carolina,0,10,78,8.1032,57.0837,0.65775,0.6462,1.041,9.1443,0.6651,13.6463,13.5312,-0.1127,20.2715,18.1023,2716
401309887,2021,9,utah,ucla,0,20,68,10.4593,56.3573,0.69937,0.68977,-0.7274,9.7318,0.6769,13.5877,13.3722,-0.1129,20.1114,17.956,2716
401282669,2021,9,byu,virginia,0,17,115,1.2915,57.3425,0.52438,0.51563,-3.3519,-2.0604,0.44957,13.5424,13.5116,-0.11496,20.1998,17.9969,2716
401309883,2021,9,stanford,washington,0,-7,33,-3.5775,50.055,0.40575,0.41938,-0.8397,-4.4172,0.40308,13.3202,13.5181,-0.11493,20.0388,17.8543,2716
401310733,2021,9,san-diego-state,fresno-state,0,-10,50,2.9988,46.8338,0.56025,0.54988,-0.8004,2.1984,0.53395,13.4387,13.3102,-0.11039,19.9312,17.8401,2716
401309579,2021,10,akron,ball-state,0,-6,56,-12.663,55.1395,0.25588,0.25059,-0.1394,-12.8024,0.24833,13.2647,13.2079,-0.0929,19.5693,17.8283,2820
401308839,2021,10,ohio,miami-oh,0,2,68,2.553,54.1565,0.54612,0.54124,-0.8695,1.6835,0.5238,13.6887,13.1339,-0.09198,19.823,18.0778,2820
401309580,2021,10,toledo,eastern-michigan,0,-3,101,7.5517,61.7652,0.648,0.63827,2.3703,9.9221,0.68181,13.766,13.1785,-0.09376,19.9297,18.1426,2820
401309581,2021,10,western-michigan,central-michigan,0,-12,72,3.1747,56.7927,0.5565,0.55352,2.4231,5.5979,0.60119,13.7353,13.166,-0.09176,19.8794,18.1332,2820
401309582,2021,10,kent-state,northern-illinois,0,5,99,3.4343,55.9532,0.563,0.55866,0.0691,3.5034,0.56003,13.7016,13.1817,-0.09364,19.8825,18.1016,2820
401309632,2021,10,louisiana,georgia-state,0,4,38,13.9825,54.9505,0.7565,0.75331,0.4125,14.395,0.75988,13.7481,12.9299,-0.08794,19.6839,18.0258,2820
401282677,2021,10,boston-college,virginia-tech,0,14,20,1.1453,51.8678,0.5215,0.513,-0.5189,0.6264,0.50255,13.6113,13.1871,-0.09205,19.8044,18.0589,2820
401309888,2021,10,stanford,utah,0,-45,59,-7.965,52.0125,0.338,0.33274,0.7138,-7.2512,0.34609,13.3082,13.1749,-0.09304,19.5784,17.8343,2820
401310253,2021,10,air-force,army,1,-7,35,5.1048,52.4612,0.59988,0.59207,-1.5424,3.5623,0.56154,13.6808,13.0865,-0.09098,19.7736,18.0511,2820
401282122,2021,10,georgia,missouri,0,37,49,17.1595,49.309,0.8205,0.80752,6.7245,23.884,0.88866,13.7561,12.3383,-0.07732,19.1758,17.7543,2820
401282124,2021,10,ole-miss,liberty,0,13,41,2.2257,54.7737,0.54162,0.53468,10.9641,13.1898,0.7389,13.6803,13.1485,-0.09215,19.8289,18.0799,2820
401282799,2021,10,nebraska,ohio-state,0,-9,43,-15.6417,60.0537,0.21712,0.20545,-4.5847,-20.2265,0.14551,13.3209,13.2078,-0.09502,19.6298,17.8453,2820
401287935,2021,10,kansas,kansas-state,0,-25,45,-11.3197,52.9032,0.28338,0.27241,-0.4093,-11.729,0.26549,13.211,13.2117,-0.09148,19.5196,17.8086,2820
401282250,2021,10,uab,louisiana-tech,0,14,90,3.0585,48.8135,0.55463,0.55175,-1.4456,1.6129,0.52256,13.566,13.0654,-0.0906,19.6687,17.9617,2820
401282678,2021,10,duke,pittsburgh,0,-25,83,-6.531,52.7955,0.36662,0.36072,-1.1985,-7.7295,0.33823,13.4481,13.2473,-0.09136,19.7203,17.9942,2820
401301039,2021,10,memphis,smu,0,3,53,4.5663,66.6118,0.5885,0.58069,-0.0741,4.4922,0.57924,13.7578,13.2175,-0.09528,19.9658,18.1473,2820
401282720,2021,10,minnesota,illinois,0,-8,20,8.0815,52.2355,0.66137,0.64946,0.4385,8.52,0.65765,13.7381,13.0129,-0.08955,19.7506,18.0569,2820
401282682,2021,10,north-carolina,wake-forest,0,3,113,2.2783,62.1368,0.54187,0.53545,3.9714,6.2497,0.6132,13.8366,13.1885,-0.09342,19.9871,18.2015,2820
401309633,2021,10,arkansas-state,appalachian-state,0,-34,62,-9.084,64.3795,0.32238,0.31498,0.4881,-8.5959,0.32375,13.6495,13.2237,-0.09569,19.8927,18.073,2820
401282252,2021,10,southern-miss,north-texas,0,-24,52,1.1002,55.7643,0.52175,0.51206,-0.5768,0.5234,0.50047,13.6866,13.1727,-0.09198,19.8496,18.1018,2820
401309889,2021,10,arizona,california,0,7,13,-3.3835,48.1925,0.42662,0.42136,-1.7948,-5.1783,0.38586,13.3702,13.1505,-0.08915,19.5716,17.8983,2820
401301035,2021,10,east-carolina,temple,0,42,48,2.2645,54.4325,0.5405,0.53542,0.2784,2.5429,0.54099,13.6886,13.1677,-0.09211,19.8487,18.0986,2820
401309635,2021,10,texas-state,louisiana-monroe,0,8,46,2.3345,56.6475,0.54325,0.53678,2.2064,4.5409,0.58057,13.7086,13.1741,-0.09241,19.8712,18.1137,2820
401310736,2021,10,wyoming,colorado-state,0,14,48,4.3427,46.5602,0.58337,0.57767,-2.2129,2.1299,0.53311,13.5685,12.9856,-0.09067,19.6133,17.9103,2820
401301037,2021,10,cincinnati,tulsa,0,8,48,14.3947,52.3612,0.76425,0.76119,2.9639,17.3586,0.80555,13.7462,12.792,-0.08605,19.5666,17.9535,2820
401282247,2021,10,charlotte,rice,0,7,55,8.04,52.2175,0.65987,0.64858,0.8171,8.8571,0.66379,13.7391,13.0374,-0.08907,19.7648,18.0783,2820
401282126,2021,10,texas-a-m,auburn,0,17,23,-0.7762,50.9047,0.48263,0.47422,0.9111,0.1348,0.49262,13.5618,13.1532,-0.09159,19.7384,18.007,2820
401282824,2021,10,rutgers,wisconsin,0,-49,55,-14.4103,46.8277,0.22412,0.21587,-3.376,-17.7863,0.16746,12.5364,13.1733,-0.08766,18.9645,17.3708,2820
401309636,2021,10,troy,south-alabama,0,7,55,4.8183,53.0127,0.5945,0.58627,0.6401,5.4583,0.59881,13.7048,13.1206,-0.09051,19.8122,18.0948,2820
401282710,2021,10,notre-dame,navy,0,28,40,9.5118,57.0812,0.68838,0.67508,13.7789,23.2906,0.87453,13.7713,13.1041,-0.09059,19.8509,18.1293,2820
401287937,2021,10,west-virginia,oklahoma-state,0,-21,27,-3.5373,49.9573,0.425,0.41857,-0.0456,-3.5828,0.41767,13.431,13.1711,-0.09022,19.6415,17.943,2820
401282787,2021,10,purdue,michigan-state,0,11,69,-0.2825,49.4145,0.49363,0.48416,-0.6237,-0.9062,0.47155,13.5088,13.153,-0.09207,19.703,17.9658,2820
401287936,2021,10,tcu,baylor,0,2,58,-5.9887,56.4483,0.376,0.37141,0.7193,-5.2695,0.38524,13.5676,13.1845,-0.09262,19.7748,18.0215,2820
401282768,2021,10,maryland,penn-state,0,-17,45,-11.0747,52.7553,0.287,0.27672,-2.1829,-13.2576,0.2406,13.2128,13.2009,-0.09354,19.5313,17.7823,2820
401282251,2021,10,western-kentucky,middle-tennessee,0,27,69,7.388,53.2,0.64463,0.63607,0.5878,7.9758,0.64716,13.7338,13.0703,-0.09018,19.7946,18.0853,2820
401310738,2021,10,new-mexico-state,utah-state,0,-22,48,-6.541,59.3045,0.366,0.36138,-5.2599,-11.8009,0.2677,13.6177,13.2039,-0.09484,19.8467,18.0465,2820
401282679,2021,10,florida-state,nc-state,0,-14,42,5.4355,52.6775,0.60788,0.59834,1.3181,6.7536,0.62384,13.7331,13.1129,-0.08924,19.8163,18.122,2820
401301036,2021,10,ucf,tulane,0,4,24,9.4145,63.0145,0.68625,0.67266,3.3435,12.758,0.73073,13.8158,13.1662,-0.0908,19.9313,18.1987,2820
401282121,2021,10,arkansas,mississippi-state,0,3,59,-2.3128,56.6052,0.44912,0.44364,0.1267,-2.1861,0.44616,13.6639,13.1968,-0.0912,19.8431,18.1099,2820
401282249,2021,10,florida-atlantic,marshall,0,-15,41,5.0325,49.766,0.59675,0.59094,1.8292,6.8617,0.62657,13.6314,13.0605,-0.09001,19.7089,18.0095,2820
401309634,2021,10,georgia-southern,coastal-carolina,0,-20,36,-1.9525,57.216,0.45813,0.45085,-0.6106,-2.5631,0.4387,13.6532,13.1925,-0.09382,19.8557,18.0735,2820
401282123,2021,10,kentucky,tennessee,0,-3,87,4.233,49.41,0.58087,0.57522,-1.3629,2.8701,0.54793,13.6143,13.0523,-0.08893,19.6804,18.003,2820
401309891,2021,10,colorado,oregon-state,0,3,71,-2.5765,57.1955,0.44613,0.43842,0.0036,-2.5729,0.43849,13.6609,13.1946,-0.09257,19.8516,18.0927,2820
401282248,2021,10,fiu,old-dominion,0,-23,71,25.4775,72.3455,0.89413,0.89525,2.1154,27.5929,0.91328,13.8753,13.0833,-0.08938,19.9034,18.2002,2820
401282120,2021,10,alabama,lsu,0,6,34,5.8645,67.5895,0.6125,0.60587,1.9054,7.7699,0.64206,13.8084,13.1787,-0.09504,19.9735,18.1593,2820
401310737,2021,10,new-mexico,unlv,0,-14,48,1.6895,52.7505,0.53213,0.52398,-0.6015,1.088,0.51186,13.6621,13.138,-0.08919,19.7808,18.0898,2820
401282757,2021,10,northwestern,iowa,0,-5,29,-8.6352,40.6893,0.32,0.31405,-0.1633,-8.7986,0.31099,12.5023,13.1163,-0.0833,18.8591,17.3501,2820
401310735,2021,10,fresno-state,boise-state,0,-26,54,-2.7645,56.9985,0.441,0.43458,-1.404,-4.1685,0.40689,13.6332,13.1657,-0.09359,19.8191,18.0444,2820
401287934,2021,10,iowa-state,texas,0,23,37,2.7145,60.3735,0.55012,0.54426,-4.9494,-2.2349,0.4454,13.7431,13.1858,-0.09403,19.9203,18.129,2820
401282680,2021,10,louisville,clemson,0,-6,54,-10.4413,55.3963,0.302,0.28891,-6.2166,-16.6578,0.19139,13.4021,13.1855,-0.09336,19.6588,17.9019,2820
401282727,2021,10,michigan,indiana,0,22,36,12.1158,55.2572,0.7245,0.7216,3.1975,15.3132,0.77318,13.7551,13.0141,-0.08994,19.7679,18.0656,2820
401309890,2021,10,washington,oregon,0,-10,42,-2.1098,50.0752,0.45175,0.44717,-1.8279,-3.9376,0.41067,13.4621,13.1471,-0.09055,19.6501,17.945,2820
401282125,2021,10,south-carolina,florida,0,23,57,-6.984,49.695,0.35612,0.35105,-2.617,-9.601,0.30285,13.284,13.2248,-0.08968,19.5671,17.8844,2820
401301038,2021,10,south-florida,houston,0,-12,96,-4.3883,56.0023,0.40975,0.40255,-0.5831,-4.9713,0.3912,13.5658,13.2086,-0.09465,19.8095,18.016,2820
401310740,2021,10,nevada,san-jose-state,0,3,51,2.261,56.2195,0.54187,0.53536,0.2057,2.4667,0.53947,13.7258,13.1382,-0.09092,19.8444,18.1168,2820
401282253,2021,10,utep,utsa,0,-21,67,0.1133,56.1337,0.50287,0.49223,-3.6109,-3.4977,0.42025,13.6968,13.1836,-0.09179,19.8635,18.118,2820
401309892,2021,10,arizona-state,usc,0,15,47,1.3705,54.8,0.527,0.51751,-2.66,-1.2895,0.46405,13.6878,13.1638,-0.09069,19.8324,18.1096,2820
401310739,2021,10,hawaii,san-diego-state,0,-7,27,-1.7863,49.7142,0.45825,0.45362,-0.8395,-2.6257,0.43671,13.3988,13.1557,-0.09184,19.6208,17.8947,2820
401309584,2021,11,western-michigan,akron,0,5,85,16.7957,55.8132,0.8135,0.79674,1.244,18.0398,0.81418,13.7488,12.9642,-0.0795,19.6326,18.1318,2940
401308840,2021,11,miami-oh,buffalo,0,27,63,0.3025,54.3875,0.501,0.49603,2.1071,2.4096,0.53829,13.6044,13.3602,-0.08553,19.8663,18.2342,2940
401309583,2021,11,eastern-michigan,ohio,0,-8,60,2.7817,58.0228,0.5545,0.54558,0.1586,2.9403,0.54873,13.6955,13.3709,-0.08407,19.9283,18.3182,2940
401309585,2021,11,bowling-green,toledo,0,-32,66,-14.4047,61.3537,0.223,0.22554,-1.6079,-16.0127,0.20188,13.4312,13.4237,-0.08472,19.7774,18.1671,2940
401309587,2021,11,northern-illinois,ball-state,0,1,59,-2.2405,57.682,0.44662,0.4453,0.302,-1.9385,0.45129,13.6534,13.3914,-0.08531,19.9234,18.2907,2940
401309586,2021,11,central-michigan,kent-state,0,24,84,6.4257,57.7278,0.63175,0.61696,-1.6896,4.7361,0.58421,13.7332,13.3364,-0.08255,19.9173,18.3363,2940
401282683,2021,11,pittsburgh,north-carolina,0,7,53,3.9225,58.014,0.57788,0.56779,-2.4619,1.4606,0.51911,13.7869,13.4203,-0.0854,20.0445,18.4006,2940
401301040,2021,11,south-florida,cincinnati,0,-17,73,-12.8293,51.7782,0.24275,0.24625,-1.634,-14.4632,0.22051,13.0685,13.3753,-0.07862,19.4208,17.95,2940
401310742,2021,11,boise-state,wyoming,0,10,36,9.2532,48.9887,0.6855,0.67261,4.3881,13.6414,0.74898,13.6619,12.9928,-0.07827,19.5767,18.1018,2940
401301043,2021,11,temple,houston,0,-29,45,-4.652,58.155,0.39813,0.39788,-1.3259,-5.9779,0.37243,13.6291,13.4048,-0.08424,19.9053,18.2937,2940
401301042,2021,11,memphis,east-carolina,0,-1,59,12.1227,59.2143,0.73112,0.72068,1.0649,13.1877,0.7384,13.7388,13.2699,-0.08253,19.8731,18.2963,2940
401287939,2021,11,kansas-state,west-virginia,0,17,51,8.1532,47.9472,0.66875,0.65206,-0.7909,7.3624,0.63701,13.6723,12.9974,-0.07734,19.5794,18.1212,2940
401282128,2021,11,auburn,mississippi-state,0,-9,77,9.6992,53.3648,0.69125,0.67905,2.3591,12.0584,0.72049,13.7117,13.1656,-0.08298,19.7814,18.204,2940
401301041,2021,11,smu,ucf,0,27,83,0.1932,65.3767,0.50038,0.49388,-1.1971,-1.0039,0.47002,13.7386,13.3982,-0.08521,19.9907,18.3546,2940
401282780,2021,11,penn-state,michigan,0,-4,38,1.3747,49.3392,0.52487,0.51766,-0.2256,1.1491,0.51311,13.5504,13.2924,-0.0828,19.7516,18.179,2940
401287938,2021,11,baylor,oklahoma,0,13,41,0.5672,62.1107,0.5095,0.50135,-4.4582,-3.891,0.41278,13.6763,13.362,-0.0857,19.9224,18.2828,2940
401282728,2021,11,indiana,rutgers,0,-35,41,10.715,51.101,0.71,0.69803,1.7305,12.4455,0.72794,13.735,13.0371,-0.08145,19.6923,18.1506,2940
401282806,2021,11,wisconsin,northwestern,0,28,42,16.7192,44.6732,0.82662,0.80602,1.9392,18.6584,0.83311,13.6914,11.9285,-0.07106,18.787,17.508,2940
401282684,2021,11,clemson,uconn,0,37,51,28.7472,52.6388,0.93012,0.9378,11.4562,40.2034,0.9846,13.7692,11.3542,-0.06223,18.3838,17.2931,2940
401282687,2021,11,louisville,syracuse,0,38,44,2.3455,59.931,0.54375,0.53682,0.7707,3.1162,0.55213,13.7311,13.3783,-0.08468,19.9657,18.3415,2940
401282127,2021,11,alabama,new-mexico-state,0,56,62,27.198,64.4645,0.9135,0.91322,16.8394,44.0374,0.98676,13.8476,12.8547,-0.07837,19.6189,18.141,2940
401309639,2021,11,coastal-carolina,georgia-state,0,-2,82,7.8432,57.9778,0.66088,0.64362,0.038,7.8812,0.64433,13.7542,13.3243,-0.0849,19.9457,18.3193,2940
401309896,2021,11,arizona,utah,0,-9,67,-13.4823,52.5928,0.23087,0.23607,-2.6611,-16.1434,0.19605,13.0724,13.3742,-0.08131,19.447,17.9255,2940
401282259,2021,11,rice,western-kentucky,0,-21,63,-10.4657,48.5577,0.29225,0.28583,-2.0003,-12.4661,0.25181,13.0151,13.3843,-0.07843,19.3871,17.9222,2940
401309637,2021,11,appalachian-state,south-alabama,0,24,38,14.5697,53.6317,0.779,0.76336,0.6642,15.2339,0.77367,13.7463,12.9615,-0.07842,19.619,18.1388,2940
401309640,2021,11,texas-state,georgia-southern,0,-8,68,-2.3808,50.2922,0.44437,0.44205,0.8494,-1.5314,0.45906,13.491,13.3639,-0.08307,19.7625,18.1837,2940
401282689,2021,11,virginia-tech,duke,0,31,65,7.4698,49.6372,0.65413,0.63797,1.1056,8.5753,0.65875,13.686,13.14,-0.08275,19.7416,18.1714,2940
401282257,2021,11,marshall,uab,0,-7,35,6.2142,47.4828,0.63062,0.61463,0.2393,6.4536,0.61929,13.6337,13.0532,-0.07935,19.6088,18.1113,2940
401282260,2021,11,utsa,southern-miss,0,10,44,6.968,53.7925,0.641,0.62783,0.8135,7.7815,0.64324,13.6863,13.2674,-0.08269,19.8335,18.2568,2940
401282762,2021,11,iowa,minnesota,0,5,49,3.974,46.217,0.58225,0.57028,0.0786,4.0526,0.57185,13.5638,13.1287,-0.08011,19.6181,18.1055,2940
401282255,2021,11,middle-tennessee,fiu,0,40,60,-14.537,77.654,0.22375,0.22663,-0.5065,-15.0435,0.21909,13.7145,13.4573,-0.08884,20.0495,18.3411,2940
401282256,2021,11,old-dominion,florida-atlantic,0,14,46,-9.2082,49.2927,0.3135,0.30904,-2.7344,-11.9427,0.26141,13.137,13.3604,-0.08001,19.4722,17.9721,2940
401287942,2021,11,texas-tech,iowa-state,0,3,79,-4.2363,58.0367,0.40788,0.40604,-0.1235,-4.3597,0.40364,13.6457,13.3944,-0.08548,19.9214,18.2857,2940
401282686,2021,11,georgia-tech,boston-college,0,-11,71,-2.858,53.1155,0.43475,0.43291,1.3464,-1.5116,0.45969,13.6125,13.3824,-0.08377,19.8724,18.2722,2940
401282812,2021,11,ohio-state,purdue,0,28,90,21.2755,58.2325,0.866,0.85597,6.474,27.7495,0.91825,13.7628,12.8343,-0.08009,19.5558,18.051,2940
401282254,2021,11,louisiana-tech,charlotte,0,10,74,2.755,57.2355,0.55075,0.54501,1.098,3.853,0.56676,13.7141,13.3714,-0.08407,19.9424,18.3313,2940
401282133,2021,11,tennessee,georgia,0,-24,58,-10.5272,49.2027,0.291,0.28499,-4.1967,-14.7239,0.21643,13.0675,13.3685,-0.07817,19.411,17.949,2940
401309641,2021,11,troy,louisiana,0,-14,56,-7.6007,55.2812,0.34013,0.341,0.2496,-7.3512,0.34564,13.4746,13.3758,-0.08429,19.7702,18.1685,2940
401282132,2021,11,missouri,south-carolina,0,3,59,2.5102,51.0932,0.5465,0.5404,-1.902,0.6083,0.50218,13.6262,13.308,-0.08257,19.8172,18.2436,2940
401282258,2021,11,north-texas,utep,0,3,37,3.0282,57.7527,0.558,0.55047,3.3743,6.4025,0.61645,13.6885,13.3791,-0.08413,19.9296,18.3183,2940
401282771,2021,11,michigan-state,maryland,0,19,61,8.89,54.8895,0.67738,0.66355,-0.5455,8.3445,0.65347,13.7672,13.2451,-0.08229,19.8741,18.3018,2940
401301044,2021,11,tulane,tulsa,0,-7,33,5.171,57.085,0.60387,0.59266,-0.1419,5.0291,0.58989,13.7163,13.351,-0.08402,19.9289,18.3197,2940
401310745,2021,11,unlv,hawaii,0,14,40,-3.6075,59.5815,0.42063,0.41809,-0.0948,-3.7023,0.41623,13.6738,13.3177,-0.08311,19.8645,18.2774,2940
401309638,2021,11,louisiana-monroe,arkansas-state,0,-3,51,-0.5275,67.5135,0.48488,0.47953,-3.104,-3.6315,0.41824,13.7345,13.3958,-0.08862,20.0173,18.3159,2940
401309894,2021,11,oregon-state,stanford,0,21,49,5.262,58.9845,0.6065,0.59435,-1.9874,3.2746,0.55532,13.7272,13.3719,-0.08329,19.9455,18.3485,2940
401309897,2021,11,washington,arizona-state,0,-5,65,3.1215,46.4015,0.56125,0.55318,1.0458,4.1673,0.57418,13.5309,13.1515,-0.07984,19.6077,18.1007,2940
401310741,2021,11,colorado-state,air-force,0,-14,56,-5.7267,51.0258,0.37525,0.37599,7.8411,2.1143,0.53265,13.3848,13.3892,-0.08313,19.7033,18.1281,2940
401282134,2021,11,vanderbilt,kentucky,0,-17,51,-11.994,49.344,0.2635,0.25915,-1.8851,-13.8791,0.22861,12.9633,13.3848,-0.07751,19.3416,17.8969,2940
401282131,2021,11,ole-miss,texas-a-m,0,10,48,-0.8145,49.9805,0.478,0.47351,-2.9692,-3.7837,0.41428,13.5218,13.3512,-0.08356,19.7804,18.1913,2940
401310743,2021,11,fresno-state,new-mexico,0,27,41,12.5405,54.029,0.7405,0.72957,2.3361,14.8766,0.76735,13.6994,13.0813,-0.08063,19.6899,18.163,2940
401282690,2021,11,wake-forest,nc-state,0,3,87,6.0383,57.5777,0.6215,0.60934,-2.1115,3.9268,0.56819,13.7293,13.3639,-0.08427,19.9502,18.3348,2940
401287941,2021,11,texas,kansas,0,-1,113,18.1545,60.1605,0.83313,0.81392,6.1934,24.3479,0.886,13.7747,13.1244,-0.08115,19.7822,18.2388,2940
401282688,2021,11,virginia,notre-dame,0,-25,31,-5.261,61.3905,0.38775,0.38638,-4.4347,-9.6957,0.30466,13.6985,13.401,-0.0839,19.9509,18.3421,2940
401282130,2021,11,lsu,arkansas,0,-3,29,16.599,61.8065,0.8105,0.79158,3.4355,20.0345,0.83773,13.742,13.2145,-0.08178,19.8284,18.2692,2940
401287940,2021,11,oklahoma-state,tcu,0,46,80,6.36,55.1595,0.63,0.61582,-1.6112,4.7488,0.58455,13.7135,13.3156,-0.08347,19.8959,18.2997,2940
401309898,2021,11,ucla,colorado,0,24,64,6.0845,56.829,0.6235,0.61037,1.9975,8.082,0.64822,13.7105,13.3425,-0.08479,19.9254,18.3024,2940
401310746,2021,11,san-diego-state,nevada,0,2,44,7.4417,45.8993,0.65537,0.639,0.3797,7.8214,0.64626,13.6211,12.9327,-0.0792,19.5113,18.0246,2940
401310744,2021,11,san-jose-state,utah-state,0,-31,65,0.575,54.869,0.50862,0.5015,0.3122,0.8872,0.50776,13.6366,13.3708,-0.08575,19.8999,18.261,2940
401309895,2021,11,oregon,washington-state,0,14,62,8.4853,57.9733,0.671,0.65602,5.4052,13.8905,0.74968,13.6975,13.3183,-0.08305,19.8821,18.2948,2940
401309589,2021,12,ohio,toledo,0,-12,58,-2.7252,63.5692,0.438,0.436,-2.5289,-5.2542,0.38689,13.8456,13.5494,-0.06793,20.0193,18.7029,3064
401309588,2021,12,eastern-michigan,western-michigan,0,1,43,1.924,59.6515,0.53663,0.52836,-1.0611,0.8629,0.50723,13.8269,13.5211,-0.07114,20.0151,18.6387,3064
401308841,2021,12,miami-oh,bowling-green,0,27,41,14.4718,52.7903,0.77275,0.76148,-0.0515,14.4203,0.76067,13.8431,13.1014,-0.06288,19.6491,18.4518,3064
401309590,2021,12,buffalo,northern-illinois,0,-6,60,6.6285,57.8575,0.624,0.62049,-1.6547,4.9738,0.5886,13.8695,13.4741,-0.0674,19.9776,18.6742,3064
401309591,2021,12,ball-state,central-michigan,0,-20,54,1.5567,58.1063,0.52925,0.52111,1.3185,2.8752,0.54736,13.8045,13.5134,-0.06764,19.9603,18.6532,3064
401282691,2021,12,duke,louisville,0,-40,84,-4.7118,59.8998,0.4,0.39703,-0.0418,-4.7535,0.39623,13.7701,13.568,-0.06674,19.9661,18.6753,3064
401282264,2021,12,louisiana-tech,southern-miss,0,-16,54,8.1468,53.2673,0.65475,0.65002,1.0359,9.1826,0.66916,13.8273,13.3584,-0.06513,19.8419,18.5898,3064
401301045,2021,12,houston,memphis,0,18,44,-1.4453,63.3388,0.46338,0.46127,-0.0175,-1.4627,0.46092,13.8302,13.5138,-0.07038,20.0051,18.6437,3064
401309899,2021,12,washington-state,arizona,0,26,62,10.571,58.1225,0.70212,0.69313,0.6372,11.2082,0.70425,13.8946,13.4249,-0.06658,19.9531,18.6668,3064
401310747,2021,12,nevada,air-force,0,-2,80,-6.181,54.3135,0.3695,0.36773,7.4323,1.2513,0.51516,13.5279,13.5313,-0.068,19.7736,18.4718,3064
401310751,2021,12,unlv,san-diego-state,0,-8,48,-6.4387,45.0433,0.35887,0.35989,-0.9343,-7.373,0.34198,13.0121,13.4875,-0.06513,19.3414,18.121,3064
401287947,2021,12,west-virginia,texas,0,8,54,-4.465,56.388,0.4055,0.40133,-4.9933,-9.4583,0.3081,13.6679,13.5189,-0.06799,19.867,18.5592,3064
401287944,2021,12,oklahoma,iowa-state,0,7,49,6.1567,62.5832,0.61987,0.61133,5.3518,11.5086,0.70895,13.8799,13.5141,-0.06631,20.0039,18.7191,3064
401286305,2021,12,army,umass,0,16,50,23.973,61.027,0.88712,0.88438,-2.1971,21.7759,0.86106,13.9042,13.0324,-0.05868,19.607,18.4907,3064
401282693,2021,12,clemson,wake-forest,0,21,75,13.2362,56.4862,0.7525,0.73971,6.5695,19.8057,0.83494,13.8485,13.3027,-0.06582,19.8241,18.5604,3064
401309592,2021,12,akron,kent-state,0,-38,38,-8.5307,56.4952,0.32538,0.32401,-0.5105,-9.0413,0.31479,13.5234,13.5413,-0.0685,19.7822,18.4705,3064
401282818,2021,12,penn-state,rutgers,0,28,28,19.1355,46.431,0.85175,0.83871,4.7023,23.8378,0.89228,13.8548,12.0896,-0.0502,18.8396,17.9248,3064
401282786,2021,12,ohio-state,michigan-state,0,49,63,19.5372,59.2387,0.84575,0.83239,5.8502,25.3875,0.89613,13.8965,13.2087,-0.06179,19.7551,18.5714,3064
401301048,2021,12,tulane,south-florida,0,31,59,9.1775,56.2435,0.675,0.66857,-1.4718,7.7057,0.64133,13.8472,13.4055,-0.06658,19.904,18.6207,3064
401282692,2021,12,boston-college,florida-state,0,-3,49,1.7937,56.0517,0.5335,0.52583,-2.5318,-0.738,0.47529,13.7818,13.5538,-0.06753,19.9717,18.6659,3064
401282263,2021,12,western-kentucky,florida-atlantic,0,35,69,2.2948,51.7687,0.54437,0.53602,-0.5377,1.7571,0.52525,13.7216,13.4376,-0.06808,19.8483,18.5404,3064
401282137,2021,12,kentucky,new-mexico-state,0,40,72,17.1642,55.1262,0.81975,0.80161,11.237,28.4013,0.92202,13.8982,13.0932,-0.06085,19.6657,18.5053,3064
401282808,2021,12,northwestern,purdue,1,-18,46,-5.8807,47.2353,0.37362,0.37165,0.0866,-5.7941,0.37333,13.2316,13.4866,-0.0635,19.484,18.284,3064
401309644,2021,12,coastal-carolina,texas-state,0,14,56,12.4052,54.7078,0.73388,0.72614,-0.2387,12.1665,0.72211,13.869,13.2846,-0.06333,19.8032,18.5874,3064
401309643,2021,12,georgia-state,arkansas-state,0,8,48,4.5717,63.4843,0.59088,0.58053,-1.1743,3.3974,0.5575,13.8766,13.5176,-0.06954,20.0343,18.6867,3064
401282721,2021,12,iowa,illinois,0,10,56,9.1135,43.0005,0.6785,0.67263,0.5172,9.6307,0.68226,13.6741,12.7981,-0.05781,19.2615,18.1807,3064
401282697,2021,12,notre-dame,georgia-tech,0,55,55,18.491,54.6835,0.83525,0.82065,2.7682,21.2592,0.85522,13.8881,13.0138,-0.06076,19.6011,18.4465,3064
401309903,2021,12,colorado,washington,0,3,37,-5.3628,49.1478,0.38488,0.38228,-2.8235,-8.1862,0.32861,13.3281,13.5071,-0.06416,19.5749,18.357,3064
401301047,2021,12,navy,east-carolina,0,-3,73,7.1278,57.2933,0.63488,0.62994,-7.3775,-0.2497,0.48504,13.8945,13.4809,-0.0654,19.9823,18.7161,3064
401282770,2021,12,maryland,michigan,0,-41,77,-12.6115,57.3425,0.25412,0.25271,-2.4085,-15.02,0.21526,13.3851,13.5676,-0.06709,19.6878,18.4086,3064
401282265,2021,12,middle-tennessee,old-dominion,0,-7,41,8.2545,50.927,0.65813,0.65271,1.6089,9.8634,0.68229,13.8081,13.2883,-0.06209,19.7491,18.5596,3064
401282267,2021,12,utsa,uab,0,3,65,0.2583,52.4912,0.50325,0.49514,1.2231,1.4814,0.51971,13.723,13.4772,-0.06528,19.852,18.596,3064
401301046,2021,12,cincinnati,smu,0,34,62,6.6785,60.9255,0.62688,0.62132,0.9593,7.6378,0.63943,13.8416,13.5135,-0.06871,19.9977,18.6681,3064
401309642,2021,12,troy,appalachian-state,0,-38,52,-7.8788,59.6148,0.33775,0.33706,-0.0241,-7.9029,0.33662,13.6625,13.5727,-0.07054,19.926,18.5667,3064
401282698,2021,12,pittsburgh,virginia,0,10,86,5.487,59.403,0.60725,0.59824,0.9318,6.4188,0.61611,13.9118,13.5236,-0.06733,20.0439,18.7374,3064
401282732,2021,12,indiana,minnesota,0,-21,49,-2.95,54.5705,0.43,0.43113,0.2089,-2.7411,0.43526,13.6551,13.5356,-0.06951,19.8839,18.5467,3064
401282803,2021,12,wisconsin,nebraska,0,7,63,12.027,49.666,0.73187,0.72191,0.1366,12.1636,0.72425,13.8098,13.0635,-0.06166,19.586,18.4152,3064
401282261,2021,12,charlotte,marshall,0,-21,77,-4.001,53.852,0.413,0.4102,0.1083,-3.8927,0.41233,13.6033,13.5185,-0.06869,19.8259,18.5077,3064
401282135,2021,12,alabama,arkansas,0,7,77,20.3432,62.1857,0.85537,0.84094,5.3408,25.6841,0.89743,13.9529,13.2785,-0.06496,19.8764,18.6261,3064
401301049,2021,12,tulsa,temple,0,34,54,6.7618,52.2387,0.62725,0.62396,-0.5871,6.1747,0.61267,13.8051,13.3754,-0.06337,19.8213,18.6031,3064
401282695,2021,12,nc-state,syracuse,0,24,58,3.5545,52.517,0.569,0.56103,2.5293,6.0838,0.61055,13.7879,13.4351,-0.0673,19.8882,18.5923,3064
401309645,2021,12,georgia-southern,byu,0,-17,51,-3.3133,54.6317,0.42638,0.42381,-1.1276,-4.4409,0.40169,13.658,13.5226,-0.06613,19.8452,18.5735,3064
401282266,2021,12,utep,rice,0,10,66,5.0685,50.869,0.59988,0.59108,-1.9183,3.1502,0.55314,13.7532,13.3825,-0.06852,19.836,18.5207,3064
401286298,2021,12,liberty,louisiana,0,-28,56,-1.909,53.513,0.45125,0.45168,-5.3348,-7.2438,0.34815,13.6584,13.4915,-0.06796,19.8398,18.5345,3064
401286293,2021,12,ucf,uconn,0,32,66,24.7185,59.1845,0.8955,0.89273,5.8339,30.5524,0.93824,13.901,12.8582,-0.06202,19.5127,18.3412,3064
401287945,2021,12,tcu,kansas,0,3,59,13.1523,60.3008,0.74875,0.73723,2.8569,16.0092,0.78177,13.8713,13.4051,-0.06747,19.93,18.6284,3064
401309904,2021,12,usc,ucla,0,-29,95,5.3683,62.6058,0.606,0.59587,2.4402,7.8085,0.64219,13.8954,13.5202,-0.07062,20.0603,18.6907,3064
401282141,2021,12,missouri,florida,0,1,47,-5.2638,54.8627,0.38888,0.3857,-4.519,-9.7828,0.3021,13.592,13.5663,-0.06705,19.8372,18.5489,3064
401287943,2021,12,kansas-state,baylor,0,-10,30,-2.004,50.776,0.45038,0.44949,-1.7284,-3.7324,0.41505,13.5856,13.4582,-0.06383,19.724,18.5027,3064
401282262,2021,12,fiu,north-texas,0,-42,56,20.0167,77.5002,0.84975,0.83438,0.463,20.4798,0.84005,13.9186,13.5322,-0.07073,20.0871,18.7138,3064
401309900,2021,12,stanford,california,0,-30,52,0.396,45.876,0.50362,0.49788,1.58,1.976,0.53002,13.4501,13.4034,-0.06536,19.599,18.3573,3064
401282142,2021,12,south-carolina,auburn,0,4,38,-6.3075,50.649,0.36488,0.36428,-1.7569,-8.0644,0.3312,13.3494,13.5109,-0.06661,19.6158,18.35,3064
401282139,2021,12,ole-miss,vanderbilt,0,14,48,17.6805,52.192,0.8285,0.81092,2.3209,20.0014,0.84143,13.8736,12.8562,-0.06246,19.4945,18.316,3064
401309901,2021,12,utah,oregon,0,31,45,3.6795,53.7075,0.5695,0.56358,-3.3813,0.2982,0.49595,13.76,13.4421,-0.06665,19.8667,18.5842,3064
401282143,2021,12,tennessee,south-alabama,0,46,74,10.845,51.1265,0.708,0.70003,6.9469,17.7919,0.80968,13.8349,13.1952,-0.06436,19.7236,18.4938,3064
401287946,2021,12,texas-tech,oklahoma-state,0,-23,23,-3.0358,56.8927,0.43025,0.42955,-0.1252,-3.1609,0.42708,13.7162,13.5283,-0.06882,19.9171,18.5906,3064
401310750,2021,12,utah-state,wyoming,0,-27,61,2.0975,48.8195,0.53913,0.53228,1.2862,3.3837,0.55812,13.6687,13.3971,-0.06205,19.7242,18.5361,3064
401310748,2021,12,boise-state,new-mexico,0,37,37,19.4085,53.059,0.847,0.83518,3.7401,23.1486,0.87853,13.8886,12.7799,-0.05634,19.3964,18.3363,3064
401282138,2021,12,lsu,louisiana-monroe,0,13,41,21.7035,64.2895,0.8665,0.85743,11.2327,32.9362,0.94898,13.8829,13.2847,-0.06592,19.8377,18.5715,3064
401309902,2021,12,oregon-state,arizona-state,0,14,34,0.7265,56.7075,0.51338,0.50453,-1.7814,-1.0549,0.46894,13.7826,13.5135,-0.06807,19.9482,18.6338,3064
401310749,2021,12,hawaii,colorado-state,0,5,95,2.3418,57.4633,0.54375,0.53681,-0.8685,1.4732,0.51947,13.7531,13.5022,-0.06951,19.9317,18.5914,3064
401309593,2021,13,ball-state,buffalo,0,17,23,2.8305,58.7565,0.55213,0.54715,1.3527,4.1832,0.57426,13.532,13.2641,-0.0779,19.6727,18.1958,3194
401309594,2021,13,northern-illinois,western-michigan,0,-21,63,-1.5645,58.692,0.4585,0.45811,-0.8026,-2.3671,0.44192,13.485,13.2806,-0.07512,19.6247,18.2021,3194
401310757,2021,13,san-jose-state,fresno-state,0,-31,49,-2.5822,56.0362,0.43388,0.43739,-1.3857,-3.968,0.40965,13.4139,13.2596,-0.07525,19.5581,18.1379,3194
401282151,2021,13,mississippi-state,ole-miss,0,-10,52,0.667,55.2595,0.51038,0.5034,-0.301,0.366,0.49727,13.4641,13.2408,-0.07518,19.5807,18.1603,3194
401309595,2021,13,central-michigan,eastern-michigan,0,21,41,4.767,57.241,0.58975,0.58602,-1.362,3.405,0.55881,13.5354,13.2351,-0.07585,19.6355,18.1988,3194
401310753,2021,13,san-diego-state,boise-state,0,11,43,-2.9708,44.2082,0.42375,0.42808,-2.2043,-5.1751,0.38347,12.9846,13.1465,-0.07376,19.1472,17.7834,3194
401287952,2021,13,texas,kansas-state,0,5,39,2.1285,56.784,0.53675,0.53312,5.7841,7.9126,0.6474,13.5014,13.2434,-0.07338,19.5937,18.2053,3194
401309596,2021,13,bowling-green,ohio,0,11,31,-9.4273,56.2578,0.307,0.30519,0.921,-8.5063,0.32195,13.2446,13.3033,-0.07717,19.4832,18.0334,3194
401310755,2021,13,new-mexico,utah-state,0,-25,45,-6.8475,52.697,0.34963,0.35275,-0.6382,-7.4857,0.34064,13.1871,13.2896,-0.07848,19.4428,17.9723,3194
401282761,2021,13,nebraska,iowa,0,-7,49,-2.7127,46.6878,0.4265,0.43397,1.6393,-1.0735,0.46755,13.1091,13.2175,-0.07726,19.3216,17.8823,3194
401282274,2021,13,uab,utep,0,17,67,7.709,51.663,0.65025,0.64423,2.3878,10.0968,0.68873,13.4855,13.1106,-0.07445,19.4955,18.0947,3194
401301050,2021,13,ucf,south-florida,0,4,30,16.1885,58.1735,0.80175,0.78886,1.8718,18.0603,0.81547,13.6065,13.0517,-0.07522,19.55,18.1319,3194
401301051,2021,13,east-carolina,cincinnati,0,-22,48,-10.4277,54.8032,0.29325,0.28649,-2.0983,-12.5261,0.25083,13.1248,13.2685,-0.0791,19.3872,17.9099,3194
401310752,2021,13,air-force,unlv,0,34,62,14.8825,54.0345,0.78313,0.77139,-6.8777,8.0048,0.65096,13.5685,12.9022,-0.06768,19.346,18.0797,3194
401309648,2021,13,south-alabama,coastal-carolina,0,-6,48,-5.613,54.328,0.37513,0.377,-0.016,-5.629,0.37669,13.3138,13.2738,-0.07664,19.5074,18.0655,3194
401282145,2021,13,arkansas,missouri,0,17,51,-0.153,56.5085,0.4915,0.48672,1.4264,1.2734,0.51572,13.4769,13.2527,-0.0771,19.6164,18.1582,3194
401309906,2021,13,utah,colorado,0,15,41,16.5925,52.0995,0.81562,0.79976,1.2701,17.8626,0.81783,13.5595,12.6761,-0.06344,19.1403,17.9649,3194
401287949,2021,13,iowa-state,tcu,0,34,62,8.786,58.518,0.67288,0.66329,-1.6129,7.1731,0.63285,13.5611,13.2331,-0.07669,19.6607,18.2069,3194
401282699,2021,13,nc-state,north-carolina,0,4,64,0.5078,55.9603,0.50525,0.50016,-1.86,-1.3522,0.4625,13.5119,13.3075,-0.07664,19.6779,18.2236,3194
401309905,2021,13,washington,washington-state,0,-27,53,3.0032,54.3427,0.55512,0.55083,3.5773,6.5806,0.62185,13.4744,13.2363,-0.07603,19.5929,18.156,3194
401282148,2021,13,georgia-tech,georgia,0,-45,45,-19.851,49.777,0.15475,0.13767,-5.5923,-25.4433,0.08218,12.1176,13.2949,-0.07595,18.6564,17.2951,3194
401309597,2021,13,toledo,akron,0,35,63,22.69,60.3615,0.8775,0.87466,2.5532,25.2432,0.89988,13.5974,12.8198,-0.06861,19.3172,18.0365,3194
401282766,2021,13,rutgers,maryland,0,-24,56,-0.5993,53.2477,0.48075,0.4776,-2.5194,-3.1187,0.42664,13.4189,13.2557,-0.07626,19.5681,18.1288,3194
401282700,2021,13,boston-college,wake-forest,0,-31,51,-0.3255,61.903,0.49038,0.48328,0.8978,0.5723,0.50147,13.536,13.2879,-0.07735,19.6879,18.22,3194
401287948,2021,13,baylor,texas-tech,0,3,51,12.7417,55.9393,0.74175,0.73502,1.0171,13.7588,0.75183,13.56,13.0659,-0.07138,19.4907,18.1466,3194
401282781,2021,13,michigan,ohio-state,0,15,69,-6.503,60.433,0.35725,0.36032,-2.8962,-9.3992,0.3066,13.4257,13.2553,-0.07736,19.5828,18.1224,3194
401282147,2021,13,florida,florida-state,0,3,45,8.4657,54.7717,0.66438,0.65765,2.2015,10.6672,0.69786,13.5665,13.2137,-0.07311,19.6179,18.2328,3194
401301052,2021,13,uconn,houston,0,-28,62,-15.5965,59.4055,0.20775,0.20304,-4.5452,-20.1417,0.14335,13.09,13.3024,-0.07775,19.3747,17.9227,3194
401286299,2021,13,liberty,army,0,-15,47,3.6615,55.1115,0.56713,0.56405,0.8209,4.4824,0.58047,13.5058,13.2437,-0.0745,19.6074,18.1976,3194
401308842,2021,13,kent-state,miami-oh,0,1,95,-0.1845,55.109,0.49038,0.48605,-0.3833,-0.5678,0.47824,13.4414,13.2461,-0.07498,19.566,18.1502,3194
401301054,2021,13,temple,navy,0,-24,52,-6.1135,55.084,0.36488,0.3673,7.099,0.9855,0.50993,13.3074,13.2894,-0.07605,19.5088,18.0775,3194
401282271,2021,13,rice,louisiana-tech,0,4,66,-3.7515,52.328,0.41188,0.41369,-1.9151,-5.6666,0.37589,13.3084,13.2551,-0.07745,19.497,18.0412,3194
401309647,2021,13,arkansas-state,texas-state,0,-2,46,5.5858,57.6522,0.60588,0.60212,0.8976,6.4834,0.61964,13.5438,13.2413,-0.07607,19.6482,18.2067,3194
401282268,2021,13,old-dominion,charlotte,0,22,90,0.6307,54.1803,0.50888,0.50266,-1.0135,-0.3827,0.48203,13.4521,13.2655,-0.07566,19.5942,18.1639,3194
401282273,2021,13,north-texas,utsa,0,22,68,1.666,57.848,0.52988,0.52367,-0.2367,1.4293,0.51887,13.5117,13.2681,-0.07605,19.6437,18.2027,3194
401309649,2021,13,georgia-state,troy,0,27,47,2.6665,58.766,0.54912,0.5439,-0.6621,2.0044,0.53051,13.5223,13.2609,-0.07633,19.649,18.2024,3194
401309646,2021,13,appalachian-state,georgia-southern,0,24,30,14.359,56.9465,0.7725,0.76123,1.2589,15.6179,0.78077,13.5743,13.0668,-0.0725,19.5121,18.1462,3194
401282269,2021,13,southern-miss,fiu,0,20,54,-14.42,71.821,0.22437,0.22452,-1.0399,-15.4599,0.20903,13.4814,13.3741,-0.07717,19.709,18.2425,3194
401286306,2021,13,new-mexico-state,umass,0,17,71,12.3452,63.6028,0.73562,0.72621,-2.0851,10.2602,0.68988,13.591,13.2298,-0.07847,19.6968,18.2078,3194
401310756,2021,13,wyoming,hawaii,0,-24,52,5.6988,52.8713,0.60813,0.60505,-1.3443,4.3544,0.5783,13.5151,13.1149,-0.07343,19.5113,18.1281,3194
401282146,2021,13,auburn,alabama,0,-2,46,-4.4898,60.2378,0.39775,0.39968,-3.1084,-7.5981,0.33998,13.459,13.2905,-0.07707,19.6304,18.1716,3194
401309908,2021,13,oregon,oregon-state,0,9,67,9.39,58.869,0.68625,0.67438,4.655,14.045,0.7545,13.5596,13.2209,-0.07845,19.6668,18.1804,3194
401282785,2021,13,michigan-state,penn-state,0,3,57,-5.0083,46.8012,0.3825,0.38755,-2.7283,-7.7366,0.3346,13.0192,13.2463,-0.07744,19.2789,17.8397,3194
401282272,2021,13,marshall,western-kentucky,0,-32,74,1.7505,49.7945,0.531,0.52559,-1.2915,0.459,0.49916,13.3727,13.1927,-0.07527,19.4791,18.0642,3194
401282753,2021,13,purdue,indiana,0,37,51,4.6125,53.404,0.58713,0.5832,-0.3802,4.2323,0.57561,13.5001,13.1937,-0.0754,19.5751,18.1512,3194
401282722,2021,13,illinois,northwestern,0,33,61,7.7192,43.9488,0.6535,0.64726,-0.3538,7.3654,0.64036,13.3808,12.7464,-0.06844,19.1013,17.8374,3194
401282703,2021,13,virginia,virginia-tech,0,-5,53,3.3438,56.5138,0.562,0.55744,-0.8389,2.5048,0.54057,13.5327,13.2813,-0.07737,19.6809,18.2131,3194
401282153,2021,13,tennessee,vanderbilt,0,24,66,17.0443,53.3577,0.81963,0.80471,3.248,20.2922,0.84782,13.5944,12.7567,-0.06858,19.2698,17.9932,3194
401309909,2021,13,arizona-state,arizona,0,23,53,10.9145,50.4035,0.71363,0.70481,3.1688,14.0833,0.75869,13.5192,12.9228,-0.07026,19.3472,18.0338,3194
401301055,2021,13,smu,tulsa,0,-3,65,8.681,61.8225,0.67337,0.66121,2.0045,10.6855,0.69764,13.5893,13.2337,-0.07614,19.677,18.2322,3194
401282794,2021,13,minnesota,wisconsin,0,10,36,-4.24,50.342,0.4015,0.40346,-1.8545,-6.0945,0.36692,13.2023,13.2232,-0.07724,19.3938,17.9495,3194
401309650,2021,13,louisiana,louisiana-monroe,0,5,37,18.2907,57.6367,0.83475,0.82061,2.3422,20.633,0.85048,13.5685,12.9128,-0.07135,19.3868,18.0511,3194
401282270,2021,13,florida-atlantic,middle-tennessee,0,-10,44,7.009,54.14,0.63613,0.63039,1.1255,8.1345,0.65189,13.5129,13.1673,-0.07412,19.5538,18.1549,3194
401287950,2021,13,kansas,west-virginia,0,-6,62,-5.4252,53.2203,0.37763,0.38037,-1.2002,-6.6254,0.35711,13.2627,13.2584,-0.0766,19.4582,18.0207,3194
401282150,2021,13,lsu,texas-a-m,0,3,51,6.4755,54.629,0.62313,0.61994,0.2919,6.7674,0.62561,13.511,13.1896,-0.07436,19.5708,18.1662,3194
401282149,2021,13,louisville,kentucky,0,-31,73,0.2392,56.8657,0.50162,0.4947,-1.924,-1.6847,0.45566,13.5037,13.2525,-0.07476,19.6147,18.1995,3194
401287951,2021,13,oklahoma-state,oklahoma,0,4,70,-1.179,59.3485,0.46613,0.4659,-5.3501,-6.5291,0.36007,13.5002,13.245,-0.07619,19.6197,18.1779,3194
401282702,2021,13,syracuse,pittsburgh,0,-17,45,-3.8955,54.916,0.40837,0.41098,-1.9274,-5.8229,0.37308,13.3598,13.3005,-0.07362,19.5334,18.1445,3194
401301053,2021,13,memphis,tulane,0,5,61,7.4645,60.491,0.6445,0.63847,2.0723,9.5368,0.67718,13.544,13.2328,-0.07726,19.653,18.1893,3194
401282152,2021,13,south-carolina,clemson,0,-30,30,-10.7858,47.1018,0.27975,0.27649,-3.5555,-14.3412,0.21763,12.6617,13.2522,-0.07719,19.0222,17.6079,3194
401282711,2021,13,stanford,notre-dame,0,-31,59,-12.4808,53.6928,0.249,0.25034,-2.0474,-14.5282,0.21781,12.9872,13.2945,-0.07575,19.2762,17.8677,3194
401310754,2021,13,colorado-state,nevada,0,-42,62,2.8697,56.5387,0.55238,0.548,0.4087,3.2785,0.55622,13.5077,13.2667,-0.07713,19.6496,18.1884,3194
401309910,2021,13,usc,byu,0,-4,66,1.4002,58.8212,0.52563,0.51824,8.193,9.5933,0.67792,13.5428,13.2748,-0.07781,19.6876,18.2113,3194
401309907,2021,13,ucla,california,0,28,56,3.295,52.341,0.56175,0.55678,1.5937,4.8887,0.58871,13.4626,13.2171,-0.07625,19.5722,18.1328,3194
401282156,2021,14,utsa,western-kentucky,0,8,90,-6.3762,56.2837,0.36925,0.36502,-0.3077,-6.6839,0.35923,13.377,13.3327,-0.11313,19.9263,17.7863,3322
401331159,2021,14,utah,oregon,1,28,48,1.1125,53.1635,0.51787,0.51226,-3.3813,-2.2688,0.44476,13.4792,13.2591,-0.11143,19.933,17.8231,3322
401331160,2021,14,northern-illinois,kent-state,1,18,64,-2.9965,59.579,0.43412,0.43076,-0.0691,-3.0656,0.42941,13.5267,13.3377,-0.1134,20.0446,17.8871,3322
401287953,2021,14,oklahoma-state,baylor,1,-5,37,-4.3075,50.707,0.40638,0.404,-0.8919,-5.1994,0.38664,13.2995,13.2753,-0.10843,19.7838,17.7432,3322
401310676,2021,14,san-diego-state,utah-state,0,-33,59,5.2,45.542,0.60075,0.59456,0.8976,6.0976,0.61217,13.4184,12.9742,-0.10753,19.6424,17.6336,3322
401331161,2021,14,louisiana,appalachian-state,0,8,40,0.5373,53.8362,0.50575,0.50075,-0.2737,0.2636,0.49527,13.4758,13.2832,-0.109,19.9264,17.8611,3322
401331162,2021,14,cincinnati,houston,0,15,55,8.5805,57.373,0.67338,0.65673,1.0509,9.6314,0.67582,13.5883,13.2231,-0.11533,20.0234,17.8339,3322
401282154,2021,14,alabama,georgia,1,17,65,-4.2252,54.7807,0.40787,0.40618,0.0427,-4.1825,0.40701,13.4414,13.2916,-0.1089,19.906,17.8445,3322
401331163,2021,14,wake-forest,pittsburgh,1,-24,66,-2.6507,60.6813,0.43838,0.43764,-1.5096,-4.1603,0.40821,13.55,13.3604,-0.11298,20.075,17.922,3322
401331447,2021,14,iowa,michigan,1,-39,45,-5.815,47.483,0.3755,0.37379,-3.3278,-9.1428,0.31156,13.0941,13.2831,-0.10665,19.6213,17.6294,3322
401387250,2021,14,california,usc,0,10,38,-0.4163,51.8312,0.48613,0.48168,-4.0339,-4.4502,0.40199,13.4442,13.3077,-0.11151,19.9436,17.8309,3322
401301056,2021,15,army,navy,0,-4,30,0.5785,56.303,0.50975,0.50161,-0.3058,0.2727,0.49535,13.3685,13.2794,-0.07048,19.4957,18.1669,3344
401405059,2022,1,northwestern,nebraska,1,3,59,-9.0182,48.3072,0.31313,0.31071,-1.8735,-10.8917,0.27725,12.88,13.1719,-0.09464,19.2745,17.5294,3346
401404146,2022,1,utah-state,uconn,0,11,51,18.4072,57.3207,0.83113,0.82105,2.5109,20.9181,0.85274,13.478,12.7809,-0.0998,19.478,17.6246,3346
401405058,2022,1,illinois,wyoming,0,32,44,2.5865,45.2,0.55637,0.54282,6.4468,9.0333,0.66998,13.2126,12.9561,-0.09906,19.3997,17.5647,3346
401426530,2022,1,florida-atlantic,charlotte,0,30,56,9.7052,58.2557,0.689,0.67966,1.2017,10.9069,0.70114,13.4602,13.0903,-0.10332,19.7217,17.7798,3346
401426531,2022,1,utep,north-texas,0,-18,44,-1.473,56.974,0.474,0.46018,-4.0945,-5.5675,0.37926,13.3858,13.1934,-0.10267,19.736,17.8039,3346
401409235,2022,1,new-mexico-state,nevada,0,-11,35,-8.806,61.297,0.32113,0.31895,-4.3127,-13.1187,0.2455,13.3597,13.2569,-0.10381,19.7737,17.8173,3346
401403853,2022,1,hawaii,vanderbilt,0,-53,73,11.704,57.2695,0.72225,0.71637,-3.9927,7.7113,0.64364,13.4204,13.0151,-0.09748,19.5844,17.7608,3346
401411092,2022,1,pittsburgh,west-virginia,0,7,69,9.5195,51.1035,0.68712,0.67797,-0.1521,9.3674,0.67517,13.4719,12.8937,-0.09597,19.5213,17.7313,3346
401416569,2022,1,oklahoma-state,central-michigan,0,14,102,6.9875,52.901,0.64163,0.62956,5.4329,12.4204,0.72828,13.4124,13.0302,-0.10069,19.6183,17.7337,3346
401403864,2022,1,tennessee,ball-state,0,49,69,6.5478,57.4967,0.633,0.62033,7.9678,14.5155,0.76114,13.474,13.1172,-0.10212,19.741,17.8189,3346
401426537,2022,1,missouri,louisiana-tech,0,28,76,3.513,56.558,0.5745,0.56069,4.5887,8.1017,0.64998,13.4489,13.1435,-0.1009,19.7306,17.8312,3346
401405064,2022,1,purdue,penn-state,0,-4,66,-6.6245,48.2615,0.36363,0.35643,-3.5015,-10.126,0.29154,12.9924,13.1534,-0.0964,19.3587,17.5746,3346
401405060,2022,1,minnesota,new-mexico-state,0,38,38,19.3582,58.5457,0.84463,0.83359,8.7379,28.0962,0.92179,13.4994,12.7789,-0.09752,19.4725,17.6603,3346
401416591,2022,1,michigan-state,western-michigan,0,22,48,4.938,55.863,0.6015,0.58908,4.6347,9.5727,0.67737,13.4665,13.1139,-0.09935,19.7081,17.8389,3346
401426330,2022,1,old-dominion,virginia-tech,0,3,37,-3.1867,47.4702,0.42975,0.42488,-3.8516,-7.0383,0.34927,13.0976,13.1558,-0.09926,19.4636,17.6186,3346
401411094,2022,1,duke,temple,0,30,30,2.273,54.172,0.551,0.53577,1.8708,4.1438,0.57321,13.4707,13.1383,-0.10112,19.7451,17.8404,3346
401405061,2022,1,indiana,illinois,0,3,43,-0.9138,50.9453,0.48725,0.47124,0.936,0.0222,0.49027,13.2712,13.1406,-0.10042,19.5915,17.7137,3346
401403966,2022,1,colorado,tcu,0,-25,51,-1.1543,56.1983,0.4805,0.4665,-1.819,-2.9732,0.42995,13.3828,13.1728,-0.09813,19.6779,17.8333,3346
401411096,2022,1,east-carolina,nc-state,0,-1,41,-1.8605,54.802,0.46375,0.45225,-3.6347,-5.4952,0.3803,13.3447,13.1867,-0.09992,19.6758,17.799,3346
401405069,2022,1,boston-college,rutgers,0,-1,43,9.212,50.552,0.68262,0.67261,0.6298,9.8418,0.6842,13.4277,12.8809,-0.09653,19.4836,17.6869,3346
401405066,2022,1,maryland,buffalo,0,21,41,-0.8773,58.9643,0.48838,0.47225,5.8738,4.9965,0.58991,13.4305,13.1971,-0.10364,19.7808,17.8271,3346
401405067,2022,1,michigan,colorado-state,0,44,58,18.8788,55.2268,0.83888,0.82876,7.8984,26.7772,0.91265,13.4963,12.6166,-0.09841,19.3609,17.5447,3346
401411095,2022,1,appalachian-state,north-carolina,0,-2,124,8.2118,59.2658,0.6615,0.65196,-6.7668,1.4449,0.51909,13.4569,13.1586,-0.10032,19.7425,17.8525,3346
401403971,2022,1,ucla,bowling-green,0,28,62,16.8547,59.3478,0.80963,0.79735,6.044,22.8987,0.8728,13.5231,12.9468,-0.10208,19.653,17.7411,3346
401403858,2022,1,georgia,oregon,1,46,52,7.9995,49.1085,0.6605,0.65045,2.124,10.1235,0.69005,13.3741,12.8464,-0.0947,19.4021,17.6453,3346
401415211,2022,1,wyoming,tulsa,0,3,77,3.1663,47.7253,0.56675,0.55436,-3.6816,-0.5154,0.47924,13.2981,13.0097,-0.09933,19.5054,17.6557,3346
401403967,2022,1,san-diego-state,arizona,0,-18,58,9.9393,45.0337,0.69688,0.68896,-5.3137,4.6256,0.58528,13.3622,12.519,-0.09409,19.1507,17.4297,3346
401426542,2022,1,utsa,houston,0,-2,72,-2.2208,61.8813,0.45513,0.44532,-2.153,-4.3738,0.40272,13.4221,13.2113,-0.1038,19.7865,17.8292,3346
401403855,2022,1,arkansas,cincinnati,0,7,55,-10.1772,55.1047,0.29762,0.29201,1.7126,-8.4647,0.32287,13.134,13.1813,-0.09834,19.5012,17.6691,3346
401426541,2022,1,oklahoma,utep,0,32,58,16.322,63.025,0.79975,0.78902,11.034,27.356,0.91357,13.4892,13.0538,-0.10179,19.703,17.7907,3346
401415612,2022,1,south-florida,byu,0,-29,71,-7.8712,53.6298,0.3345,0.33414,3.0224,-4.8489,0.39212,13.1557,13.1913,-0.09964,19.5363,17.6776,3346
401403860,2022,1,ole-miss,troy,0,18,38,10.284,56.401,0.6965,0.69044,5.5667,15.8507,0.78229,13.4802,13.0444,-0.10097,19.682,17.7866,3346
401415212,2022,1,nevada,texas-state,0,24,52,8.581,54.297,0.67087,0.65971,-0.9158,7.6652,0.64245,13.458,13.0168,-0.0993,19.6302,17.7698,3346
401426538,2022,1,james-madison,middle-tennessee,0,37,51,2.2165,55.2085,0.53538,0.5311,-6.1004,-3.8839,0.42101,16.3915,13.149,-0.09803,21.9962,19.983,3346
401426536,2022,1,ohio,florida-atlantic,0,3,79,-4.0818,54.8863,0.41238,0.40768,-3.5093,-7.5911,0.34002,13.3038,13.1597,-0.09929,19.6197,17.7596,3346
401426540,2022,1,usc,rice,0,52,80,11.787,56.3835,0.72362,0.71679,7.9427,19.7297,0.83566,13.4974,13.0061,-0.10322,19.6871,17.751,3346
401403857,2022,1,florida,utah,0,3,55,-2.2862,52.2182,0.45162,0.44352,2.8837,0.5975,0.50198,13.2882,13.1346,-0.10219,19.6155,17.7038,3346
401404134,2022,1,coastal-carolina,army,0,10,66,2.5413,56.2943,0.55612,0.54125,8.1539,10.6951,0.69756,13.4264,13.1408,-0.10015,19.7051,17.8216,3346
401403859,2022,1,kentucky,miami-oh,0,24,50,7.31,52.0745,0.64625,0.63591,6.4589,13.7689,0.75085,13.4301,12.9879,-0.10005,19.5948,17.7242,3346
401414778,2022,1,tulane,umass,0,32,52,24.7628,62.9143,0.89637,0.89382,4.3631,29.1258,0.92941,13.5108,12.7324,-0.09837,19.4551,17.6299,3346
401404157,2022,1,southern-miss,liberty,0,-2,56,-4.231,52.977,0.411,0.40457,6.0225,1.7915,0.52629,13.2675,13.1681,-0.09788,19.5863,17.7546,3346
401403861,2022,1,mississippi-state,memphis,0,26,72,-1.921,59.465,0.4605,0.45113,3.6522,1.7312,0.5249,13.405,13.1798,-0.09991,19.7156,17.8353,3346
401403863,2022,1,south-carolina,georgia-state,0,21,49,3.7977,51.9488,0.579,0.56666,5.523,9.3207,0.67329,13.389,13.0887,-0.10082,19.6448,17.7551,3346
401403854,2022,1,alabama,utah-state,0,55,55,17.6113,62.6598,0.819,0.80786,12.2585,29.8697,0.93232,13.5251,12.9798,-0.10082,19.6672,17.7766,3346
401404124,2022,1,ohio-state,notre-dame,0,11,31,10.105,60.9915,0.694,0.68691,2.2157,12.3207,0.72558,13.4707,13.1158,-0.09992,19.7178,17.8375,3346
401426539,2022,1,north-texas,smu,0,-38,58,-4.4798,64.2063,0.40863,0.40068,-1.7762,-6.256,0.36643,13.431,13.2266,-0.1026,19.7936,17.8572,3346
401411099,2022,1,syracuse,louisville,0,24,38,-1.9405,60.738,0.46163,0.45088,-0.6659,-2.6064,0.43757,13.4243,13.2167,-0.10139,19.7705,17.8582,3346
401404059,2022,1,texas,louisiana-monroe,0,42,62,14.0795,64.3245,0.76062,0.75363,10.2357,24.3152,0.88552,13.5279,13.1235,-0.10324,19.7962,17.8487,3346
401403973,2022,1,washington,kent-state,0,25,65,8.3748,53.6153,0.6665,0.6561,7.1182,15.4929,0.77789,13.4502,12.9832,-0.0989,19.5963,17.7463,3346
401403969,2022,1,oregon-state,boise-state,0,17,51,-4.237,59.189,0.41363,0.405,1.9365,-2.3005,0.44349,13.3805,13.1859,-0.10004,19.703,17.8215,3346
401426543,2022,1,hawaii,western-kentucky,0,-32,66,-5.9775,59.6,0.37938,0.371,-1.4454,-7.4229,0.34359,13.3089,13.1951,-0.10219,19.6757,17.758,3346
401403867,2022,1,florida-state,lsu,1,1,47,-10.5532,58.8862,0.29375,0.28699,-1.7445,-12.2978,0.25754,13.2746,13.2113,-0.102,19.6604,17.7476,3346
401411101,2022,1,georgia-tech,clemson,1,-31,51,-21.6457,51.4042,0.12787,0.11836,-4.3213,-25.967,0.07867,12.1071,13.2271,-0.08983,18.7166,17.1104,3346
401415613,2022,2,ucf,louisville,0,-6,34,7.3225,63.496,0.64425,0.63062,0.204,7.5265,0.63438,13.8182,13.4173,-0.12822,20.4576,17.9839,3532
401415214,2022,2,new-mexico,boise-state,0,-17,45,-15.322,51.692,0.21937,0.21033,-4.1999,-19.5219,0.15409,12.8843,13.4352,-0.11414,19.6475,17.5212,3532
401405073,2022,2,northwestern,duke,0,-8,54,3.1163,49.1572,0.56825,0.55156,0.9402,4.0564,0.56992,13.6226,13.2931,-0.1248,20.1862,17.8068,3532
401411103,2022,2,georgia-state,north-carolina,0,-7,63,-3.9402,61.5138,0.419,0.41389,-6.4785,-10.4188,0.29633,13.7148,13.4821,-0.12624,20.4094,17.9772,3532
401426553,2022,2,army,utsa,0,-3,79,4.3805,56.958,0.59313,0.57583,-9.4678,-5.0873,0.39153,13.7298,13.3282,-0.12466,20.2921,17.9031,3532
401403879,2022,2,vanderbilt,wake-forest,0,-20,70,-10.3972,59.8547,0.30488,0.2951,1.0321,-9.3652,0.31294,13.5273,13.4513,-0.12509,20.2349,17.8438,3532
401405080,2022,2,penn-state,ohio,0,36,56,14.6105,52.343,0.76562,0.75979,8.826,23.4365,0.87431,13.7941,12.9178,-0.1199,19.9969,17.7318,3532
401405079,2022,2,ohio-state,arkansas-state,0,33,57,29.07,67.613,0.9165,0.92167,9.7147,38.7847,0.97115,13.871,12.9813,-0.12761,20.1711,17.7472,3532
401403868,2022,2,texas,alabama,0,-1,39,-9.084,66.2695,0.32162,0.3194,-2.4566,-11.5406,0.2777,13.7092,13.4978,-0.12638,20.4182,17.9823,3532
401403869,2022,2,arkansas,south-carolina,0,14,74,1.241,51.8855,0.5335,0.51462,-0.4097,0.8313,0.50654,13.6532,13.3173,-0.12281,20.2094,17.8634,3532
401403876,2022,2,kansas-state,missouri,0,28,52,6.41,51.3975,0.6325,0.61522,-2.482,3.928,0.56747,13.7161,13.2041,-0.12281,20.1733,17.8324,3532
401416597,2022,2,central-michigan,south-alabama,0,-14,62,10.0478,53.6542,0.68725,0.68165,-1.5548,8.493,0.65373,13.7688,13.178,-0.12506,20.2144,17.8285,3532
401416594,2022,2,ball-state,western-michigan,0,-7,67,1.5158,59.3918,0.53875,0.51986,-1.9867,-0.4709,0.48102,13.7498,13.4258,-0.12671,20.3984,17.959,3532
401404125,2022,2,notre-dame,marshall,0,-5,47,10.953,51.196,0.703,0.6983,7.8095,18.7625,0.81796,13.7559,13.0636,-0.12514,20.1211,17.7456,3532
401403984,2022,2,wisconsin,washington-state,0,-3,31,10.8338,53.6408,0.70137,0.6957,3.2953,14.129,0.75028,13.7626,13.1315,-0.12559,20.1802,17.789,3532
401415617,2022,2,navy,memphis,0,-24,50,-1.4345,58.92,0.47537,0.46212,-10.1282,-11.5627,0.2766,13.7151,13.4029,-0.12539,20.3431,17.9344,3532
401403977,2022,2,air-force,colorado,0,31,51,12.3665,52.0965,0.72675,0.72235,-11.705,0.6615,0.5032,13.7889,13.0244,-0.12517,20.1178,17.7428,3532
401426545,2022,2,charlotte,maryland,0,-35,77,1.027,61.8625,0.53025,0.51032,-3.6653,-2.6383,0.43879,13.7509,13.4219,-0.12405,20.3721,17.9845,3532
401403878,2022,2,texas-a-m,appalachian-state,0,-3,31,0.9315,53.1475,0.52638,0.50849,9.3187,10.2502,0.68477,13.6651,13.345,-0.12594,20.2671,17.8575,3532
401403877,2022,2,pittsburgh,tennessee,0,-7,61,2.3758,56.7053,0.5555,0.53672,-2.0938,0.282,0.49573,13.7475,13.377,-0.12566,20.3508,17.9366,3532
401405078,2022,2,michigan-state,akron,0,52,52,21.5255,51.7855,0.869,0.85874,4.5158,26.0413,0.90414,13.8474,12.296,-0.11697,19.5645,17.41,3532
401403976,2022,2,california,unlv,0,6,34,9.381,48.027,0.68063,0.67144,5.4134,14.7944,0.76254,13.7161,12.9806,-0.12255,20.0066,17.6916,3532
401404063,2022,2,texas-tech,houston,0,3,63,0.502,62.939,0.51937,0.50004,0.5924,1.0944,0.51162,13.7726,13.4139,-0.12611,20.4013,17.9727,3532
401405070,2022,2,illinois,virginia,0,21,27,2.5015,56.5375,0.55638,0.53918,0.1048,2.6063,0.54123,13.7152,13.4039,-0.12565,20.3463,17.9325,3532
401426548,2022,2,colorado-state,middle-tennessee,0,-15,53,-1.7688,54.6967,0.46987,0.45543,0.113,-1.6557,0.45764,13.6556,13.3821,-0.12357,20.2663,17.8996,3532
401404064,2022,2,iowa,iowa-state,0,-3,17,0.8512,47.1852,0.52637,0.50699,1.7388,2.5901,0.54151,13.4863,13.2552,-0.12412,20.0489,17.6976,3532
401426551,2022,2,liberty,uab,0,7,35,1.904,53.188,0.54563,0.52765,-5.3545,-3.4505,0.42263,13.6917,13.3202,-0.12296,20.242,17.8897,3532
401404065,2022,2,west-virginia,kansas,0,-13,97,9.4703,55.2983,0.6805,0.67075,1.6767,11.147,0.70006,13.7943,13.2471,-0.1263,20.2959,17.8777,3532
401415024,2022,2,east-carolina,old-dominion,0,18,60,2.992,52.9295,0.56612,0.5489,1.078,4.07,0.56987,13.6914,13.3372,-0.12582,20.2801,17.8713,3532
401403871,2022,2,florida,kentucky,0,-10,42,3.8938,51.8217,0.58375,0.56651,2.2719,6.1657,0.61012,13.7091,13.2992,-0.12531,20.2609,17.8638,3532
401404148,2022,2,uconn,syracuse,0,-34,62,-12.2763,54.9022,0.26375,0.26132,-6.6702,-18.9464,0.16526,13.2516,13.4478,-0.12051,19.985,17.7059,3532
401414779,2022,2,toledo,umass,0,45,65,28.688,67.0875,0.91538,0.91895,3.9285,32.6165,0.94441,13.871,12.9757,-0.12705,20.1621,17.7493,3532
401426544,2022,2,texas-state,fiu,0,29,53,-16.632,71.453,0.20738,0.20147,0.094,-16.538,0.20276,13.7025,13.5533,-0.12957,20.4835,17.9812,3532
401416598,2022,2,louisiana,eastern-michigan,0,28,70,10.663,52.699,0.69863,0.69305,1.0266,11.6896,0.71072,13.728,13.1353,-0.12418,20.144,17.7824,3532
401404066,2022,2,oklahoma,kent-state,0,30,36,17.5227,66.2332,0.8145,0.7986,9.1812,26.704,0.9011,13.8324,13.2667,-0.1271,20.3467,17.9078,3532
401415620,2022,2,tulsa,northern-illinois,0,3,73,5.8567,56.5712,0.62088,0.60403,1.4437,7.3004,0.63114,13.7659,13.2953,-0.12604,20.3076,17.8922,3532
401403980,2022,2,stanford,usc,0,-13,69,-4.864,59.302,0.402,0.39616,-1.9432,-6.8072,0.35991,13.6717,13.4492,-0.12841,20.372,17.9046,3532
401403975,2022,2,oklahoma-state,arizona-state,0,17,51,6.3165,49.7805,0.63138,0.61385,0.0066,6.3231,0.61398,13.6722,13.1605,-0.12194,20.1,17.7833,3532
401405072,2022,2,nebraska,georgia-southern,0,-3,87,7.828,55.035,0.6555,0.64131,6.4193,14.2473,0.75144,13.7515,13.2611,-0.12319,20.2457,17.8894,3532
401403870,2022,2,auburn,san-jose-state,0,8,40,15.722,53.439,0.7845,0.77655,6.9499,22.6719,0.86604,13.8052,12.9178,-0.12081,20.0136,17.7304,3532
401405077,2022,2,michigan,hawaii,0,46,66,20.784,61.274,0.85687,0.84268,8.1233,28.9073,0.92047,13.825,13.02,-0.12852,20.1722,17.7309,3532
401411108,2022,2,virginia-tech,boston-college,0,17,37,4.3915,50.465,0.59225,0.57622,-0.4517,3.9398,0.56747,13.7344,13.2556,-0.12472,20.2424,17.8587,3532
401426552,2022,2,utep,new-mexico-state,0,7,33,9.0118,57.7272,0.67337,0.6625,1.8997,10.9114,0.69598,13.7869,13.267,-0.12578,20.3005,17.8907,3532
401404062,2022,2,byu,baylor,0,6,46,-4.4503,53.4942,0.40813,0.40319,-4.7646,-9.2148,0.31526,13.5458,13.3912,-0.12434,20.1971,17.8243,3532
401403979,2022,2,fresno-state,oregon-state,0,-3,67,1.856,60.2565,0.54688,0.52652,-2.5378,-0.6818,0.47688,13.758,13.4061,-0.126,20.3835,17.959,3532
401403875,2022,2,arizona,mississippi-state,0,-22,56,-6.0718,56.9047,0.377,0.37296,-1.3958,-7.4675,0.34722,13.612,13.4391,-0.12421,20.2815,17.9011,3532
401411109,2022,3,louisville,florida-state,0,-4,66,2.091,59.9535,0.53875,0.53246,-2.9504,-0.8594,0.47226,13.3583,13.1992,-0.08173,19.5316,17.9956,3694
401415217,2022,3,wyoming,air-force,0,3,31,-4.7823,48.4502,0.38688,0.39151,5.5465,0.7643,0.5055,12.9776,13.1303,-0.07942,19.1804,17.7131,3694
401403888,2022,3,south-carolina,georgia,0,-41,55,-15.6295,46.413,0.20037,0.19245,-4.3139,-19.9434,0.13538,12.1505,13.1657,-0.07382,18.5631,17.2438,3694
401426563,2022,3,indiana,western-kentucky,0,3,63,-5.9565,54.504,0.366,0.36937,3.5156,-2.4409,0.43963,13.1489,13.1661,-0.08241,19.3591,17.8243,3694
401415623,2022,3,miami-oh,cincinnati,1,-21,55,-13.1048,54.1108,0.23675,0.2387,-4.8172,-17.9219,0.168,12.8675,13.1731,-0.08125,19.148,17.651,3694
401404149,2022,3,michigan,uconn,0,59,59,32.6347,58.6082,0.957,0.96053,11.5491,44.1838,0.99154,13.3969,11.6264,-0.06391,18.2909,17.168,3694
401404071,2022,3,baylor,texas-state,0,35,49,19.6923,50.4977,0.86138,0.84788,3.825,23.5173,0.89105,13.349,12.1707,-0.0697,18.6807,17.4263,3694
401404070,2022,3,nebraska,oklahoma,0,-35,63,-7.443,62.829,0.33963,0.3419,-2.2454,-9.6884,0.30069,13.2754,13.2157,-0.08398,19.5027,17.9283,3694
401405084,2022,3,syracuse,purdue,0,3,61,-0.9342,54.8227,0.4745,0.47059,-1.0583,-1.9925,0.44898,13.2767,13.1585,-0.08135,19.4381,17.9163,3694
401416601,2022,3,coastal-carolina,buffalo,0,12,64,5.4395,58.6465,0.60362,0.60011,1.4363,6.8758,0.62831,13.3517,13.1305,-0.08162,19.4755,17.946,3694
401403991,2022,3,ucla,south-alabama,0,1,63,9.8245,57.2965,0.68938,0.68434,5.0704,14.8949,0.7706,13.3739,13.0392,-0.08225,19.4311,17.894,3694
401405089,2022,3,temple,rutgers,0,-2,30,0.769,48.601,0.51112,0.50557,-2.3929,-1.6239,0.45613,13.1794,13.0527,-0.07973,19.2744,17.7943,3694
401404069,2022,3,iowa-state,ohio,0,33,53,12.0675,57.7925,0.73038,0.72452,4.2675,16.335,0.79284,13.3766,13.008,-0.08084,19.3978,17.8888,3694
401411113,2022,3,virginia,old-dominion,0,2,30,7.6057,57.1457,0.65275,0.64247,3.5684,11.1742,0.70829,13.3735,13.0807,-0.08266,19.4648,17.9175,3694
401403987,2022,3,notre-dame,california,0,7,41,13.8392,47.0142,0.7725,0.7603,4.0487,17.888,0.82172,13.3346,12.3779,-0.07479,18.8604,17.5025,3694
401404074,2022,3,kansas-state,tulane,0,-7,27,6.2102,53.4682,0.61962,0.61583,1.1931,7.4034,0.63911,13.3291,13.0405,-0.08094,19.3871,17.8769,3694
401426558,2022,3,unlv,north-texas,0,31,85,-3.524,57.2305,0.41525,0.41812,-2.596,-6.12,0.36691,13.2688,13.1699,-0.08443,19.4683,17.8885,3694
401403886,2022,3,georgia-tech,ole-miss,0,-42,42,-10.4487,54.3272,0.28913,0.28524,-0.796,-11.2447,0.2714,13.0369,13.1933,-0.08255,19.2982,17.7658,3694
401403989,2022,3,oregon,byu,0,21,61,5.1662,55.6578,0.598,0.59488,8.7888,13.9551,0.75565,13.3054,13.097,-0.08345,19.4332,17.874,3694
401403882,2022,3,auburn,penn-state,0,-29,53,-0.7935,48.83,0.4775,0.47326,-0.8845,-1.678,0.45504,13.1468,13.093,-0.08031,19.285,17.7937,3694
401405085,2022,3,wisconsin,new-mexico-state,0,59,73,25.4642,53.4918,0.915,0.91143,10.5424,36.0067,0.97255,13.3821,11.8721,-0.06959,18.497,17.2603,3694
401403988,2022,3,minnesota,colorado,0,42,56,13.3663,52.7358,0.7585,0.74838,0.6296,13.9959,0.7587,13.3677,12.7871,-0.07968,19.221,17.7472,3694
401426560,2022,3,uab,georgia-southern,0,14,56,6.8422,52.8882,0.63575,0.62843,0.5633,7.4056,0.63938,13.3126,13.0229,-0.08004,19.3539,17.8625,3694
401403891,2022,3,northern-illinois,vanderbilt,0,-10,66,7.296,55.9665,0.64463,0.63694,-4.1766,3.1194,0.5537,13.3333,13.0481,-0.08153,19.401,17.8791,3694
401426333,2022,3,appalachian-state,troy,0,4,60,14.584,59.291,0.7775,0.76633,-0.1451,14.4389,0.76403,13.3669,12.9775,-0.0819,19.378,17.8515,3694
401403880,2022,3,alabama,louisiana-monroe,0,56,70,27.4498,65.6492,0.9255,0.91978,12.6923,40.142,0.98052,13.4276,12.7222,-0.07755,19.2002,17.7668,3694
401404068,2022,3,houston,kansas,0,-18,78,13.1095,64.692,0.75038,0.74117,1.0414,14.1509,0.75816,13.383,13.1182,-0.08171,19.4906,17.9583,3694
401403995,2022,3,washington-state,colorado-state,0,31,45,10.4558,58.0718,0.7005,0.69586,2.6507,13.1064,0.74183,13.3639,13.0494,-0.08151,19.4244,17.9011,3694
401415029,2022,3,bowling-green,marshall,0,3,65,-14.7692,51.6787,0.21675,0.21062,-0.7639,-15.5331,0.19919,12.6452,13.2066,-0.07816,18.9848,17.5559,3694
401404159,2022,3,wake-forest,liberty,0,1,73,4.1,62.5755,0.57675,0.57317,7.8544,11.9544,0.72135,13.3385,13.1694,-0.08424,19.5178,17.9375,3694
401403885,2022,3,lsu,mississippi-state,0,15,47,9.7793,60.1617,0.69,0.68321,2.7931,12.5724,0.73243,13.3524,13.104,-0.08263,19.4658,17.9189,3694
401404072,2022,3,nc-state,texas-tech,0,13,41,2.086,56.73,0.53738,0.53242,0.4915,2.5775,0.54243,13.3413,13.1401,-0.08409,19.4971,17.9212,3694
401426554,2022,3,georgia-state,charlotte,0,-1,83,4.5453,61.6078,0.587,0.58209,-0.2925,4.2528,0.57623,13.3653,13.1468,-0.08396,19.5185,17.9433,3694
401403889,2022,3,tennessee,akron,0,57,69,24.2575,55.936,0.90512,0.8969,5.8622,30.1197,0.94249,13.3974,12.2464,-0.07238,18.794,17.4847,3694
401415622,2022,3,memphis,arkansas-state,0,12,76,14.0683,65.1017,0.76725,0.75668,1.1702,15.2384,0.77507,13.3806,13.1087,-0.08422,19.5044,17.9259,3694
401405088,2022,3,ohio-state,toledo,0,56,98,18.685,68.0295,0.84075,0.82468,9.1957,27.8807,0.92004,13.3901,13.0755,-0.08377,19.4833,17.9145,3694
401405087,2022,3,maryland,smu,0,7,61,-5.43,66.307,0.3765,0.38094,1.5523,-3.8777,0.4115,13.3422,13.2337,-0.08449,19.5699,17.9809,3694
401403994,2022,3,washington,michigan-state,0,11,67,0.8985,48.9495,0.513,0.50824,1.2879,2.1864,0.53481,13.187,13.0695,-0.08095,19.3031,17.799,3694
401405082,2022,3,iowa,nevada,0,27,27,9.656,47.842,0.68988,0.68425,5.0434,14.6994,0.7715,13.2994,12.7149,-0.0766,19.0906,17.6816,3694
401403883,2022,3,florida,south-florida,0,3,59,16.1912,54.4207,0.80825,0.79356,5.368,21.5592,0.8641,13.3792,12.7252,-0.07721,19.1631,17.7382,3694
401426559,2022,3,rice,louisiana,0,12,54,-13.5912,50.9297,0.23,0.22883,-0.3081,-13.8993,0.22394,12.6693,13.1645,-0.07838,18.9726,17.5405,3694
401426555,2022,3,florida-atlantic,ucf,0,-26,54,0.1242,56.5212,0.49913,0.4923,-1.6268,-1.5025,0.45903,13.2785,13.1621,-0.0839,19.465,17.895,3694
401411115,2022,3,western-michigan,pittsburgh,0,-21,47,-3.7315,59.024,0.41025,0.41421,-3.8873,-7.6188,0.33878,13.2969,13.2155,-0.08477,19.5256,17.935,3694
401426562,2022,3,texas,utsa,0,21,61,9.5922,63.2488,0.685,0.67937,7.0595,16.6518,0.79609,13.3849,13.12,-0.08393,19.5133,17.9391,3694
401426556,2022,3,clemson,louisiana-tech,0,28,68,18.2035,52.8265,0.839,0.82471,8.9123,27.1158,0.91975,13.3617,12.4996,-0.07454,18.965,17.6033,3694
401426561,2022,3,new-mexico,utep,0,17,37,-3.3175,52.126,0.41687,0.42174,0.4444,-2.8731,0.43075,13.1611,13.1311,-0.08157,19.3348,17.817,3694
401403993,2022,3,utah,san-diego-state,0,28,42,13.3935,46.12,0.76487,0.75388,6.3214,19.7149,0.84695,13.2935,12.338,-0.0718,18.7749,17.4755,3694
401403992,2022,3,usc,fresno-state,0,28,62,4.4642,62.0333,0.58175,0.58047,6.7968,11.2611,0.70929,13.3543,13.1639,-0.08354,19.5191,17.9514,3694
401403986,2022,3,arizona-state,eastern-michigan,0,-9,51,6.9582,53.1803,0.63538,0.63052,5.0537,12.0119,0.72374,13.3396,13.0134,-0.08157,19.3807,17.8599,3694
401411116,2022,4,virginia-tech,west-virginia,0,-23,43,4.8615,48.3825,0.59737,0.58892,-0.4125,4.449,0.58064,13.2152,13.256,-0.07458,19.4035,18.0065,3836
401426334,2022,4,georgia-state,coastal-carolina,0,-17,65,-3.1017,59.9442,0.43362,0.42747,0.4798,-2.622,0.43704,13.2699,13.5123,-0.08217,19.7012,18.144,3836
401411117,2022,4,syracuse,virginia,0,2,42,0.4605,59.386,0.50862,0.4992,-0.6758,-0.2153,0.48553,13.2981,13.4996,-0.0827,19.7172,18.149,3836
401415220,2022,4,air-force,nevada,0,28,68,9.8903,55.3523,0.6965,0.68476,-7.9094,1.9808,0.53023,13.3069,13.2916,-0.07717,19.5202,18.0677,3836
401426571,2022,4,utep,boise-state,0,17,37,-10.7083,54.0902,0.28888,0.28176,-4.6444,-15.3526,0.20697,12.9057,13.5043,-0.07918,19.4041,17.9256,3836
401405097,2022,4,michigan,maryland,0,7,61,19.6827,59.8912,0.8515,0.83833,3.1722,22.855,0.87512,13.3699,13.1371,-0.0738,19.4233,18.0392,3836
401403894,2022,4,auburn,missouri,0,3,31,10.254,54.328,0.70112,0.69123,1.3012,11.5552,0.71428,13.3412,13.2738,-0.07735,19.534,18.0772,3836
401416604,2022,4,eastern-michigan,buffalo,0,-19,81,2.8665,57.255,0.55388,0.54788,0.6294,3.4959,0.56053,13.2925,13.4507,-0.08176,19.6685,18.1212,3836
401404078,2022,4,smu,tcu,0,-8,76,6.1997,66.8893,0.6215,0.61336,-2.1568,4.0429,0.57106,13.3628,13.5116,-0.08397,19.785,18.1881,3836
401403899,2022,4,mississippi-state,bowling-green,0,31,59,17.0723,56.8083,0.819,0.80296,5.8968,22.969,0.87606,13.3869,13.1157,-0.07655,19.4451,18.0098,3836
401404080,2022,4,iowa-state,baylor,0,-7,55,-0.701,53.243,0.48512,0.4755,-1.4363,-2.1373,0.44633,13.1984,13.4169,-0.07841,19.5444,18.0677,3836
401405098,2022,4,penn-state,central-michigan,0,19,47,14.2818,52.0258,0.77525,0.76201,8.4701,22.7519,0.8751,13.3563,13.0135,-0.07509,19.3351,17.9343,3836
401411119,2022,4,louisville,south-florida,0,38,44,10.287,59.867,0.70162,0.69047,0.9705,11.2575,0.70763,13.3892,13.3855,-0.08109,19.6853,18.1487,3836
401411123,2022,4,wake-forest,clemson,0,-6,96,-8.9713,57.1453,0.318,0.31391,-6.9814,-15.9527,0.19985,13.0775,13.4991,-0.08053,19.5366,18.0226,3836
401404079,2022,4,kansas,duke,0,8,62,-0.04,61.2845,0.49988,0.48907,-0.5639,-0.6039,0.47767,13.2816,13.5286,-0.08141,19.715,18.1705,3836
401403895,2022,4,georgia,kent-state,0,17,61,24.3002,53.8327,0.89613,0.89748,11.4494,35.7496,0.96974,13.3637,12.308,-0.06876,18.7802,17.5345,3836
401403998,2022,4,colorado,ucla,0,-28,62,-5.6013,58.0297,0.382,0.37796,-2.2226,-7.8238,0.33575,13.1997,13.4999,-0.0807,19.6276,18.103,3836
401414781,2022,4,temple,umass,0,28,28,16.552,56.888,0.80912,0.79531,4.052,20.604,0.84925,13.3709,13.1518,-0.07631,19.4574,18.0254,3836
401426569,2022,4,memphis,north-texas,0,10,78,11.1775,60.503,0.71462,0.70663,0.5373,11.7148,0.71597,13.3527,13.3724,-0.08053,19.6436,18.1207,3836
401405092,2022,4,michigan-state,minnesota,0,-27,41,-1.082,52.315,0.47438,0.46771,0.8448,-0.2372,0.48494,13.1648,13.4365,-0.07727,19.524,18.0697,3836
401405096,2022,4,cincinnati,indiana,0,21,69,14.0217,53.9352,0.77112,0.75718,-0.5669,13.4548,0.74795,13.3276,13.1161,-0.07554,19.3923,17.9791,3836
401415037,2022,4,appalachian-state,james-madison,0,-4,60,6.734,57.8825,0.62725,0.61625,6.6935,13.4275,0.73009,13.3215,15.3396,-0.07797,21.0863,19.5167,3836
401404126,2022,4,north-carolina,notre-dame,0,-13,77,-6.9492,59.6418,0.35925,0.35269,-1.0169,-7.9661,0.33372,13.2456,13.5261,-0.08324,19.7035,18.1266,3836
401403901,2022,4,tennessee,florida,0,5,71,0.7695,56.2305,0.51413,0.50548,-1.7502,-0.9807,0.46993,13.2593,13.4682,-0.07803,19.6232,18.1476,3836
401404082,2022,4,texas-tech,texas,0,3,71,-3.623,62.785,0.42062,0.41714,-4.3141,-7.9371,0.33427,13.2716,13.5185,-0.08203,19.7059,18.1508,3836
401426565,2022,4,western-kentucky,fiu,0,73,73,-0.8848,75.4313,0.48337,0.47223,0.6824,-0.2023,0.48591,13.3735,13.5877,-0.08716,19.8784,18.2154,3836
401415224,2022,4,san-diego-state,toledo,0,3,31,-1.9333,52.8957,0.4575,0.45048,-2.4062,-4.3395,0.40225,13.1521,13.4617,-0.07933,19.5521,18.0584,3836
401403898,2022,4,ole-miss,tulsa,0,8,62,8.9037,54.3658,0.68075,0.66653,5.157,14.0607,0.7563,13.2995,13.3069,-0.07731,19.5273,18.0717,3836
401403999,2022,4,washington-state,oregon,0,-3,85,-1.4905,58.106,0.46663,0.45963,-5.8307,-7.3212,0.34522,13.2636,13.4425,-0.08142,19.6382,18.0994,3836
401411122,2022,4,ucf,georgia-tech,0,17,37,17.1657,57.3107,0.81875,0.80363,-1.5065,15.6592,0.78154,13.3964,13.1702,-0.07742,19.4997,18.0443,3836
401403996,2022,4,california,arizona,0,18,80,8.6002,46.3997,0.679,0.66342,0.0237,8.624,0.66387,13.2338,13.0144,-0.07042,19.2032,17.8956,3836
401404160,2022,4,liberty,akron,0,9,33,20.8055,55.1855,0.86388,0.85535,-5.5891,15.2164,0.77875,13.3861,12.7695,-0.07297,19.1623,17.813,3836
401426335,2022,4,old-dominion,arkansas-state,0,3,55,3.2925,57.9435,0.56,0.55648,-0.638,2.6545,0.54363,13.2799,13.4597,-0.08102,19.6592,18.1261,3836
401415624,2022,4,east-carolina,navy,0,-3,43,-1.754,57.129,0.463,0.45432,9.3981,7.6441,0.64196,13.2126,13.5046,-0.08095,19.6426,18.1124,3836
401426570,2022,4,houston,rice,0,7,61,11.5305,58.2225,0.72125,0.71304,3.5553,15.0858,0.77141,13.3473,13.3449,-0.0803,19.6174,18.1006,3836
401416605,2022,4,georgia-southern,ball-state,0,11,57,0.5385,57.029,0.5075,0.50078,1.3077,1.8462,0.52733,13.2562,13.463,-0.07989,19.634,18.1236,3836
401426393,2022,4,troy,marshall,0,9,23,-5.939,54.253,0.3745,0.37089,0.1709,-5.7681,0.3742,13.0891,13.4923,-0.08071,19.5417,18.0239,3836
401403896,2022,4,kentucky,northern-illinois,0,8,54,12.37,54.4345,0.74025,0.72901,6.2196,18.5896,0.82364,13.3541,13.2011,-0.07456,19.465,18.0641,3836
401403893,2022,4,texas-a-m,arkansas,1,2,44,6.2918,52.6658,0.62438,0.61652,3.9171,10.2089,0.69033,13.3012,13.3437,-0.07596,19.5432,18.1111,3836
401405091,2022,4,rutgers,iowa,0,-17,37,-10.1753,42.1213,0.29125,0.28485,-0.9593,-11.1346,0.26777,12.2148,13.4219,-0.07102,18.7786,17.4947,3836
401415222,2022,4,utah-state,unlv,0,-10,58,7.174,56.732,0.6445,0.6331,0.0585,7.2325,0.63423,13.3206,13.3889,-0.07968,19.6245,18.1185,3836
401415040,2022,4,tulane,southern-miss,0,-3,51,7.608,54.529,0.6535,0.64145,0.8146,8.4226,0.65684,13.3076,13.372,-0.08129,19.6172,18.0823,3836
401426567,2022,4,south-alabama,louisiana-tech,0,24,52,-0.8603,54.3242,0.48225,0.47228,-0.1409,-1.0012,0.46942,13.1795,13.4539,-0.07908,19.564,18.0738,3836
401426566,2022,4,purdue,florida-atlantic,0,2,54,1.0818,53.8088,0.51938,0.51185,1.8152,2.8969,0.5487,13.244,13.4128,-0.07952,19.5847,18.0847,3836
401426564,2022,4,south-carolina,charlotte,0,36,76,6.8388,56.7078,0.63838,0.62682,5.2305,12.0692,0.72251,13.3118,13.3843,-0.07784,19.598,18.1275,3836
401405095,2022,4,ohio-state,wisconsin,0,31,73,10.5617,55.9817,0.70613,0.69651,4.5336,15.0954,0.77221,13.333,13.29,-0.07968,19.561,18.0598,3836
401405093,2022,4,northwestern,miami-oh,0,-3,31,-2.5655,48.1255,0.44275,0.43711,4.8664,2.3009,0.53705,12.98,13.4069,-0.07681,19.3639,17.9302,3836
401404150,2022,4,nc-state,uconn,0,31,51,20.0602,54.0618,0.85788,0.84617,8.4903,28.5505,0.92826,13.41,12.7344,-0.07507,19.1737,17.7864,3836
401403897,2022,4,lsu,new-mexico,0,38,38,23.7465,55.642,0.88813,0.88974,10.6327,34.3792,0.96291,13.3585,12.5625,-0.07084,18.9748,17.6774,3836
401403892,2022,4,alabama,vanderbilt,0,52,58,28.1457,60.8922,0.92112,0.927,7.3509,35.4966,0.96714,13.3861,12.6147,-0.06898,19.0161,17.7488,3836
401426336,2022,4,louisiana-monroe,louisiana,0,4,38,-14.163,57.3125,0.2275,0.22494,-2.082,-16.245,0.19409,12.9257,13.4873,-0.07912,19.4054,17.9274,3836
401409237,2022,4,new-mexico-state,hawaii,0,19,71,-6.5685,63.2875,0.36713,0.35966,-4.3716,-10.9401,0.28041,13.2459,13.4723,-0.08386,19.6694,18.0839,3836
401404081,2022,4,oklahoma,kansas-state,0,-7,75,8.0075,57.136,0.66238,0.64904,5.4255,13.433,0.74515,13.3052,13.3937,-0.07958,19.616,18.1123,3836
401411118,2022,4,florida-state,boston-college,0,30,58,5.534,54.5785,0.61062,0.60108,2.2057,7.7397,0.6437,13.3409,13.3891,-0.08117,19.6531,18.1177,3836
401404000,2022,4,oregon-state,usc,0,-3,31,0.8638,65.9638,0.5165,0.50734,-4.259,-3.3952,0.42192,13.3522,13.5152,-0.08349,19.7756,18.1881,3836
401415223,2022,4,byu,wyoming,0,14,62,6.7443,49.1938,0.63425,0.62615,2.3392,9.0834,0.67082,13.2558,13.2172,-0.0754,19.4122,17.9997,3836
401404001,2022,4,washington,stanford,0,18,62,9.1883,51.1707,0.68438,0.67242,0.0743,9.2625,0.6738,13.3068,13.2235,-0.0754,19.4542,18.0388,3836
401415225,2022,4,san-jose-state,western-michigan,0,28,40,-2.1415,57.3535,0.45388,0.44645,-0.6066,-2.7481,0.43425,13.2356,13.4722,-0.07904,19.6181,18.1243,3836
401403997,2022,4,arizona-state,utah,0,-21,47,-8.031,51.41,0.32925,0.32954,-0.6636,-8.6946,0.31722,12.919,13.4453,-0.07552,19.3368,17.9288,3836
401415226,2022,5,byu,utah-state,0,12,64,9.2715,55.296,0.68838,0.67611,0.8323,10.1038,0.69154,13.0648,12.8758,-0.09556,19.1996,17.445,3966
401415625,2022,5,houston,tulane,0,-3,51,3.197,61.3165,0.55525,0.55552,2.0372,5.2342,0.5968,13.0484,13.0325,-0.09721,19.3177,17.5227,3966
401426576,2022,5,middle-tennessee,utsa,0,-15,75,3.707,57.944,0.56875,0.56599,-1.7156,1.9914,0.5308,13.0717,12.9928,-0.09636,19.2981,17.52,3966
401415228,2022,5,boise-state,san-diego-state,0,22,48,7.2308,43.0408,0.64863,0.64052,3.0698,10.3006,0.69985,12.8828,12.4355,-0.0913,18.7046,17.0692,3966
401404007,2022,5,ucla,washington,0,8,72,1.037,56.114,0.51875,0.51111,-0.5398,0.4972,0.49994,13.0133,13.0402,-0.09575,19.2845,17.5185,3966
401415229,2022,5,unlv,new-mexico,0,11,51,7.2003,51.5242,0.64325,0.63705,1.0541,8.2544,0.65753,13.0274,12.8249,-0.09294,19.1114,17.4107,3966
401411124,2022,5,boston-college,louisville,0,1,67,-1.572,58.47,0.46225,0.45727,0.7447,-0.8273,0.4726,13.0008,13.0645,-0.09744,19.308,17.51,3966
401404137,2022,5,army,georgia-state,0,-17,45,6.832,56.5135,0.63538,0.62865,-8.6336,-1.8016,0.45251,13.0664,12.9768,-0.09703,19.2881,17.4992,3966
401404085,2022,5,kansas-state,texas-tech,0,9,65,7.2808,53.1252,0.64513,0.63792,-1.4364,5.8443,0.60955,13.0472,12.9023,-0.09656,19.2148,17.441,3966
401403905,2022,5,ole-miss,kentucky,0,3,41,1.696,50.521,0.52912,0.52488,0.381,2.077,0.53279,12.9345,12.9592,-0.09534,19.1626,17.4149,3966
401415628,2022,5,memphis,temple,0,21,27,16.7617,54.8982,0.81812,0.80393,0.5276,17.2894,0.81152,13.0824,12.5995,-0.09468,19.0029,17.2824,3966
401415227,2022,5,air-force,navy,0,3,23,7.22,53.299,0.6435,0.63681,0.0,7.22,0.63681,13.0471,12.9007,-0.09531,19.2025,17.452,3966
401405099,2022,5,wisconsin,illinois,0,-24,44,11.9068,46.3498,0.73337,0.72865,2.1458,14.0526,0.76524,13.0164,12.348,-0.09091,18.7383,17.1078,3966
401405101,2022,5,minnesota,purdue,0,-10,30,7.9865,53.314,0.66087,0.65181,0.0636,8.0501,0.65303,13.0517,12.878,-0.09494,19.1861,17.4435,3966
401405100,2022,5,iowa,michigan,0,-13,41,-6.1,46.155,0.36688,0.3629,-3.1388,-9.2388,0.3024,12.4805,12.9762,-0.09263,18.8188,17.1505,3966
401404086,2022,5,tcu,oklahoma,0,31,79,-8.0387,65.5648,0.33325,0.33001,-3.0064,-11.0452,0.276,13.0479,13.1161,-0.10084,19.4112,17.5432,3966
401426338,2022,5,james-madison,texas-state,0,27,53,13.6848,51.8122,0.74438,0.74274,-6.8455,6.8393,0.62301,14.7036,12.5973,-0.09252,20.2278,18.4558,3966
401416608,2022,5,ball-state,northern-illinois,0,6,82,5.0945,57.369,0.60162,0.59424,-1.2264,3.8681,0.56938,13.0558,12.975,-0.09575,19.2676,17.5033,3966
401404006,2022,5,utah,oregon-state,0,26,58,12.9975,58.326,0.75,0.7423,1.3151,14.3126,0.76389,13.0766,12.8783,-0.09599,19.214,17.4505,3966
401414782,2022,5,eastern-michigan,umass,0,7,33,23.502,60.9405,0.89138,0.88716,2.1265,25.6285,0.90718,13.129,12.5471,-0.09299,18.9852,17.2963,3966
401415626,2022,5,south-florida,east-carolina,1,-20,76,-4.9883,55.5102,0.3915,0.38759,1.5099,-3.4783,0.41799,12.8951,13.0558,-0.09655,19.2158,17.4421,3966
401404084,2022,5,kansas,iowa-state,0,3,25,-12.9593,59.3928,0.24675,0.24138,-0.3065,-13.2658,0.23642,12.7691,13.0929,-0.09947,19.1764,17.3555,3966
401416611,2022,5,kent-state,ohio,0,7,55,1.8065,60.039,0.532,0.52696,0.4027,2.2092,0.53525,13.0398,13.031,-0.09817,19.3185,17.5065,3966
401416609,2022,5,akron,bowling-green,0,-3,59,-2.2727,52.0528,0.44388,0.44244,0.78,-1.4927,0.45856,12.8878,12.9946,-0.09499,19.1513,17.4109,3966
401405105,2022,5,penn-state,northwestern,0,10,24,20.159,43.517,0.87087,0.86549,3.361,23.52,0.90222,13.0625,11.1217,-0.07575,17.7856,16.5019,3966
401411128,2022,5,north-carolina,virginia-tech,0,31,51,5.0143,54.7673,0.59925,0.59239,3.2685,8.2828,0.65648,13.0762,13.002,-0.09742,19.3174,17.519,3966
401404083,2022,5,baylor,oklahoma-state,0,-11,61,5.7697,50.9728,0.616,0.60859,-0.0851,5.6847,0.60688,12.971,12.8731,-0.09445,19.1182,17.3904,3966
401405104,2022,5,ohio-state,rutgers,0,39,59,30.2922,57.9093,0.9405,0.94794,6.6793,36.9715,0.97668,13.123,11.71,-0.08687,18.3313,16.8119,3966
401416610,2022,5,buffalo,miami-oh,0,4,44,1.7193,54.5968,0.53075,0.52525,-0.4995,1.2197,0.51491,13.0062,13.0005,-0.096,19.252,17.4845,3966
401404151,2022,5,uconn,fresno-state,0,5,33,-15.7377,56.2132,0.20663,0.19628,-4.9969,-20.7346,0.13177,12.4949,13.1197,-0.09899,18.9923,17.1987,3966
401416607,2022,5,toledo,central-michigan,0,21,55,6.0383,63.2103,0.62038,0.61253,2.1747,8.2129,0.65476,13.0873,13.0466,-0.09862,19.3692,17.5446,3966
401411127,2022,5,florida-state,wake-forest,0,-10,52,1.9458,61.9403,0.5355,0.52974,3.9,5.8458,0.60868,13.0989,13.0312,-0.0999,19.3777,17.5297,3966
401405103,2022,5,maryland,michigan-state,0,14,40,-2.5422,55.1148,0.44238,0.43728,-0.26,-2.8023,0.43196,12.9415,13.0643,-0.09802,19.2692,17.4647,3966
401403902,2022,5,arkansas,alabama,0,-23,75,-16.3702,61.9437,0.201,0.18926,-5.2369,-21.6072,0.12425,12.738,13.1148,-0.09801,19.1573,17.364,3966
401403906,2022,5,mississippi-state,texas-a-m,0,18,66,-0.7568,51.4027,0.476,0.47386,-4.2117,-4.9684,0.38769,12.9041,12.9991,-0.09472,19.1643,17.4274,3966
401426575,2022,5,north-texas,florida-atlantic,0,17,73,-4.0275,55.5285,0.41063,0.40689,-0.8649,-4.8924,0.38952,12.9078,13.0337,-0.09782,19.2198,17.4234,3966
401426341,2022,5,louisiana,south-alabama,0,-3,37,13.6507,48.8577,0.76975,0.75832,-0.1556,13.4952,0.75573,13.0221,12.3929,-0.08942,18.7622,17.1551,3966
401404004,2022,5,washington-state,california,0,19,37,6.1528,50.0627,0.623,0.61613,-1.5645,4.5883,0.58457,13.0082,12.8452,-0.09616,19.1402,17.3803,3966
401404161,2022,5,old-dominion,liberty,0,-14,62,-3.1493,51.0877,0.428,0.42428,5.2455,2.0962,0.53328,12.8206,13.0022,-0.09534,19.1105,17.3678,3966
401426573,2022,5,charlotte,utep,0,-6,76,2.052,59.2315,0.53813,0.53201,3.7578,5.8098,0.60827,13.046,13.0363,-0.09754,19.3215,17.5204,3966
401415627,2022,5,tulsa,cincinnati,0,-10,52,-9.5715,55.2295,0.308,0.29901,-3.1342,-12.7057,0.24468,12.7383,13.0619,-0.09623,19.1024,17.3452,3966
401426578,2022,5,western-kentucky,troy,0,-7,61,14.201,55.668,0.7755,0.76312,0.5952,14.7962,0.77262,13.0699,12.753,-0.09699,19.1257,17.353,3966
401426340,2022,5,arkansas-state,louisiana-monroe,0,17,73,5.9385,65.1005,0.61812,0.61049,2.3384,8.2769,0.65588,13.0898,13.0595,-0.0988,19.3822,17.5532,3966
401426337,2022,5,coastal-carolina,georgia-southern,0,4,64,7.3913,58.6903,0.64675,0.63929,0.6161,8.0074,0.65115,13.0784,12.9986,-0.09868,19.3277,17.5059,3966
401403903,2022,5,auburn,lsu,0,-4,38,-1.5278,55.1748,0.46013,0.45804,-1.6854,-3.2132,0.4235,12.9717,13.0309,-0.09553,19.2449,17.4864,3966
401404087,2022,5,texas,west-virginia,0,18,58,9.9805,56.989,0.69875,0.68902,4.2711,14.2516,0.76276,13.0675,12.9127,-0.09541,19.2274,17.4728,3966
401405102,2022,5,nebraska,indiana,0,14,56,5.2155,54.5635,0.60413,0.59672,1.3557,6.5712,0.62372,13.034,12.9687,-0.09687,19.2567,17.4735,3966
401415230,2022,5,wyoming,san-jose-state,0,-17,49,5.068,47.318,0.60188,0.59491,-2.3916,2.6764,0.54556,12.9292,12.7889,-0.09355,19.0173,17.3143,3966
401411126,2022,5,duke,virginia,0,21,55,-4.0968,59.8802,0.41325,0.40612,-0.4171,-4.5138,0.39779,13.0275,13.086,-0.09841,19.3523,17.533,3966
401403907,2022,5,missouri,georgia,0,-4,48,-15.76,49.3485,0.20075,0.19129,-5.2117,-20.9717,0.12446,12.081,13.0579,-0.09616,18.6225,16.9151,3966
401426577,2022,5,rice,uab,0,4,52,-6.9877,49.6707,0.34725,0.34668,-0.0355,-7.0233,0.34599,12.6178,13.0411,-0.09519,18.9896,17.2613,3966
401411125,2022,5,clemson,nc-state,0,10,50,14.6358,48.7037,0.78675,0.77462,4.8776,19.5133,0.84479,13.0549,12.332,-0.08958,18.7444,17.1366,3966
401426574,2022,5,new-mexico-state,fiu,0,-14,28,-17.8277,76.6478,0.18137,0.17282,-5.1346,-22.9623,0.11366,13.0139,13.2031,-0.09891,19.4338,17.598,3966
401411129,2022,5,pittsburgh,georgia-tech,0,-5,47,16.5915,54.0705,0.814,0.80183,-1.1571,15.4344,0.78441,13.0977,12.5728,-0.09207,18.9723,17.3004,3966
401404002,2022,5,arizona,colorado,0,23,63,2.2295,53.03,0.54113,0.53586,0.6796,2.9091,0.54989,12.9921,12.9886,-0.09374,19.2129,17.4889,3966
401404003,2022,5,usc,arizona-state,0,17,67,3.9105,55.138,0.57412,0.57025,3.6075,7.518,0.64217,13.0331,12.9946,-0.09583,19.266,17.5004,3966
401404005,2022,5,oregon,stanford,0,18,72,13.9655,55.274,0.76925,0.75963,2.2814,16.2469,0.7952,13.068,12.7521,-0.09389,19.0967,17.3809,3966
401415629,2022,6,ucf,smu,0,22,60,5.1235,64.114,0.60575,0.59403,0.7155,5.839,0.60825,13.3882,12.7921,-0.10135,19.4319,17.5547,4092
401405111,2022,6,rutgers,nebraska,0,-1,27,-5.7417,51.0122,0.37588,0.37201,-2.2915,-8.0333,0.32765,13.0485,12.762,-0.09688,19.1153,17.3455,4092
401415630,2022,6,memphis,houston,0,-1,65,7.0282,63.0272,0.64825,0.63195,-1.8207,5.2076,0.59601,13.3815,12.7338,-0.09985,19.3711,17.5267,4092
401415233,2022,6,nevada,colorado-state,0,-3,31,6.7517,55.0602,0.6415,0.62695,-0.2838,6.468,0.62137,13.3559,12.6739,-0.09985,19.3083,17.4701,4092
401415236,2022,6,san-jose-state,unlv,0,33,47,5.7845,54.307,0.621,0.60788,0.9432,6.7277,0.62652,13.3556,12.6788,-0.0987,19.3015,17.4842,4092
401403910,2022,6,florida,missouri,0,7,41,10.2273,54.2028,0.70913,0.69335,2.6892,12.9165,0.74057,13.3851,12.547,-0.10087,19.2476,17.3986,4092
401403913,2022,6,lsu,tennessee,0,-27,53,8.103,58.866,0.66912,0.65289,2.0476,10.1506,0.69111,13.3547,12.7145,-0.10016,19.3396,17.4927,4092
401403914,2022,6,mississippi-state,arkansas,0,23,57,7.4758,58.4982,0.65625,0.64067,-0.2946,7.1812,0.63496,13.3757,12.7105,-0.10149,19.3642,17.4916,4092
401416614,2022,6,western-michigan,eastern-michigan,0,-22,68,3.744,59.035,0.57363,0.56648,0.8697,4.6137,0.58407,13.354,12.7424,-0.10197,19.3752,17.4927,4092
401416617,2022,6,bowling-green,buffalo,0,-31,45,-7.4767,56.5533,0.33875,0.33912,0.838,-6.6388,0.35521,13.1713,12.7912,-0.09672,19.2273,17.4502,4092
401405109,2022,6,maryland,purdue,0,-2,60,-1.0308,56.3983,0.47613,0.46845,0.6484,-0.3823,0.4818,13.2907,12.7656,-0.10065,19.3327,17.4772,4092
401404090,2022,6,oklahoma,texas,1,-49,49,3.866,66.544,0.57763,0.56871,-0.325,3.541,0.56214,13.388,12.7995,-0.10229,19.4453,17.5502,4092
401405108,2022,6,indiana,michigan,0,-21,41,-14.262,55.232,0.22587,0.219,-3.1623,-17.4243,0.17317,12.8716,12.8059,-0.09893,19.0338,17.2353,4092
401411136,2022,6,virginia,louisville,0,-17,51,1.0685,62.8835,0.52512,0.51168,0.0099,1.0784,0.51188,13.3803,12.7993,-0.1004,19.4228,17.5632,4092
401404089,2022,6,kansas,tcu,0,-7,69,-6.0815,62.7145,0.37412,0.36733,-2.6165,-8.698,0.31786,13.309,12.8421,-0.10243,19.418,17.5224,4092
401416616,2022,6,ohio,akron,0,21,89,17.081,55.4,0.82175,0.80738,-1.7172,15.3638,0.78182,13.4046,12.3294,-0.09974,19.0963,17.2838,4092
401426342,2022,6,georgia-state,georgia-southern,0,8,74,2.6917,56.8233,0.55313,0.54516,1.0959,3.7876,0.56756,13.3407,12.7258,-0.09808,19.319,17.5105,4092
401415633,2022,6,cincinnati,south-florida,0,4,52,20.9187,54.6737,0.87175,0.86012,1.4543,22.373,0.87653,13.4062,12.0456,-0.09927,18.8914,17.1102,4092
401411135,2022,6,pittsburgh,virginia-tech,0,16,74,7.915,48.8855,0.66663,0.65077,0.2604,8.1754,0.6558,13.3246,12.4831,-0.09908,19.1398,17.3323,4092
401415632,2022,6,navy,tulsa,0,32,74,4.2535,54.594,0.58588,0.57713,-9.2281,-4.9746,0.3883,13.3369,12.6947,-0.09807,19.2934,17.4877,4092
401404164,2022,6,umass,liberty,0,-18,66,-21.706,59.2165,0.13075,0.12032,2.474,-19.232,0.14856,12.6623,12.8684,-0.09887,18.9249,17.138,4092
401403911,2022,6,georgia,auburn,0,32,52,13.2918,47.3023,0.761,0.75156,3.9105,17.2022,0.81249,13.3214,12.0634,-0.09799,18.8276,17.0731,4092
401416618,2022,6,miami-oh,kent-state,0,3,51,4.5747,56.1153,0.59375,0.5835,0.196,4.7708,0.58745,13.3313,12.7021,-0.10157,19.3253,17.4547,4092
401416615,2022,6,northern-illinois,toledo,0,-20,84,-6.0418,63.6138,0.37238,0.36796,-1.6927,-7.7344,0.33559,13.3151,12.8191,-0.10142,19.397,17.5214,4092
401426581,2022,6,uab,middle-tennessee,0,27,55,4.9232,51.7712,0.60325,0.59089,0.3489,5.2722,0.59792,13.3072,12.6419,-0.09951,19.2452,17.4189,4092
401416613,2022,6,central-michigan,ball-state,0,-1,33,5.4795,57.402,0.6145,0.60166,0.7443,6.2238,0.61645,13.352,12.7104,-0.09919,19.3261,17.4976,4092
401404091,2022,6,oklahoma-state,texas-tech,0,10,72,10.8,56.8705,0.71737,0.70345,0.1941,10.9941,0.70692,13.3908,12.6056,-0.09878,19.276,17.4605,4092
401415631,2022,6,tulane,east-carolina,0,15,33,7.0523,57.6593,0.64712,0.63257,0.5136,7.5658,0.64252,13.3671,12.7062,-0.10068,19.3475,17.4907,4092
401405107,2022,6,northwestern,wisconsin,0,-35,49,-13.2758,44.3128,0.23262,0.22669,-1.7276,-15.0034,0.19939,12.1446,12.7523,-0.08865,18.3731,16.8122,4092
401404011,2022,6,ucla,utah,0,10,74,-8.8275,59.0925,0.31925,0.31417,0.5352,-8.2923,0.32409,13.2175,12.7821,-0.09834,19.2695,17.4601,4092
401405110,2022,6,michigan-state,ohio-state,0,-29,69,-16.0615,58.567,0.1995,0.19317,-5.4933,-21.5548,0.12433,12.9608,12.8373,-0.09834,19.1181,17.322,4092
401411132,2022,6,georgia-tech,duke,0,3,43,-0.3995,54.656,0.49,0.48148,2.1177,1.7182,0.52508,13.3249,12.7756,-0.10084,19.3675,17.5052,4092
401404009,2022,6,arizona-state,washington,0,7,83,1.6335,47.688,0.537,0.52368,-1.7386,-0.1051,0.48735,13.1768,12.6022,-0.09552,19.0831,17.3413,4092
401403915,2022,6,vanderbilt,ole-miss,0,-24,80,-12.3285,52.169,0.25212,0.24929,-2.4241,-14.7526,0.21052,12.8094,12.811,-0.09488,18.9564,17.2355,4092
401426582,2022,6,utsa,western-kentucky,0,3,59,-5.5293,58.6208,0.38338,0.3773,0.3821,-5.1471,0.38485,13.2413,12.7819,-0.09843,19.288,17.4754,4092
401415234,2022,6,new-mexico,wyoming,0,-13,41,-6.9307,44.6162,0.34687,0.34607,0.3943,-6.5365,0.35385,12.672,12.7044,-0.09378,18.7664,17.0817,4092
401415231,2022,6,utah-state,air-force,0,7,61,-5.4322,53.2867,0.38288,0.3787,7.0534,1.6212,0.52328,13.1438,12.7753,-0.09787,19.2051,17.4098,4092
401426580,2022,6,louisiana-tech,utep,0,10,72,5.3603,56.2638,0.611,0.59921,3.5017,8.862,0.66726,13.3666,12.6955,-0.10086,19.341,17.4817,4092
401426579,2022,6,fiu,uconn,0,-21,45,26.774,72.5915,0.92062,0.91225,4.1887,30.9627,0.94187,13.5108,12.5935,-0.10287,19.3944,17.4966,4092
401426346,2022,6,troy,southern-miss,0,17,37,3.4752,53.5888,0.5675,0.56134,-0.2786,3.1966,0.55563,13.3057,12.7118,-0.09725,19.2751,17.4853,4092
401426345,2022,6,texas-state,appalachian-state,0,12,60,-13.3878,53.3478,0.23613,0.23201,0.1519,-13.2358,0.23446,12.8237,12.8009,-0.09567,18.9663,17.2309,4092
401426343,2022,6,arkansas-state,james-madison,0,-22,62,-7.059,61.8105,0.35862,0.35551,6.9782,-0.0808,0.48865,13.2847,14.2093,-0.10044,20.4036,18.4519,4092
401403912,2022,6,kentucky,south-carolina,0,-10,38,8.274,48.7175,0.67425,0.65832,-0.4805,7.7935,0.64902,13.2975,12.4257,-0.0969,19.0589,17.2974,4092
401404088,2022,6,iowa-state,kansas-state,0,-1,19,4.5475,49.7155,0.59463,0.58348,0.1092,4.6567,0.5857,13.2844,12.5902,-0.10051,19.1992,17.36,4092
401404012,2022,6,usc,washington-state,0,16,44,2.8357,61.9162,0.55588,0.5479,5.4924,8.3281,0.65667,13.3631,12.7736,-0.10206,19.4057,17.5184,4092
401404127,2022,6,notre-dame,byu,1,8,48,7.2333,54.9128,0.65113,0.63632,8.5714,15.8046,0.78595,13.3693,12.6498,-0.10125,19.3133,17.4503,4092
401404138,2022,6,wake-forest,army,0,35,55,6.4267,61.8203,0.6335,0.61997,10.6009,17.0277,0.8028,13.3729,12.75,-0.10327,19.4065,17.4981,4092
401405106,2022,6,illinois,iowa,0,3,15,-0.799,40.574,0.47788,0.4723,-0.9595,-1.7585,0.45191,12.8025,12.4682,-0.09393,18.6908,17.011,4092
401411131,2022,6,boston-college,clemson,0,-28,34,-12.1887,51.2818,0.2555,0.25132,-5.2871,-17.4758,0.17114,12.771,12.7849,-0.0972,18.9287,17.1701,4092
401426344,2022,6,louisiana-monroe,coastal-carolina,0,-7,49,-7.8278,62.3032,0.33287,0.33365,-1.8623,-9.69,0.29945,13.2878,12.8183,-0.10109,19.373,17.5053,4092
401403909,2022,6,alabama,texas-a-m,0,4,44,14.8315,56.3675,0.77913,0.77209,1.3198,16.1513,0.7923,13.3858,12.4996,-0.10129,19.2176,17.3645,4092
401411134,2022,6,nc-state,florida-state,0,2,36,1.5565,51.665,0.53425,0.52189,-1.7962,-0.2397,0.48467,13.2665,12.7114,-0.09724,19.2452,17.458,4092
401404008,2022,6,arizona,oregon,0,-27,71,-11.211,56.355,0.27463,0.27037,-4.2899,-15.5009,0.20164,13.0416,12.793,-0.09824,19.1448,17.3483,4092
401415232,2022,6,boise-state,fresno-state,0,20,60,8.1028,53.8407,0.66938,0.65347,0.6013,8.7041,0.66492,13.3402,12.6167,-0.10062,19.2617,17.4146,4092
401415235,2022,6,san-diego-state,hawaii,0,2,30,8.7042,50.2758,0.68163,0.66615,-0.8974,7.8068,0.6489,13.3082,12.4486,-0.09998,19.1103,17.2901,4092
401404010,2022,6,stanford,oregon-state,0,-1,55,-3.815,58.7045,0.41513,0.41179,2.3158,-1.4992,0.45887,13.298,12.8016,-0.0996,19.3554,17.5159,4092
401426347,2022,7,marshall,louisiana,0,-10,36,-1.5365,46.4675,0.47,0.4574,-0.0541,-1.5906,0.45628,12.8078,12.7029,-0.11367,19.0366,16.9829,4204
401404092,2022,7,west-virginia,baylor,0,3,83,-9.7315,50.7565,0.30962,0.29505,-0.0661,-9.7976,0.29385,12.6282,12.8192,-0.11412,18.9935,16.9368,4204
401415634,2022,7,ucf,temple,0,57,83,17.6463,51.6668,0.8295,0.81779,2.482,20.1283,0.85043,13.1178,12.1794,-0.11569,18.9045,16.836,4204
401415635,2022,7,smu,navy,0,6,74,5.3565,61.046,0.60987,0.59893,11.3671,16.7236,0.79874,13.115,12.8002,-0.11839,19.3803,17.2076,4204
401426584,2022,7,fiu,utsa,0,-20,40,8.7828,75.2833,0.67238,0.66474,-1.0646,7.7182,0.64459,13.1876,12.8348,-0.11939,19.4695,17.2693,4204
401405115,2022,7,michigan,penn-state,0,24,58,6.2218,49.6048,0.62475,0.61728,0.3191,6.5408,0.62362,13.0177,12.6394,-0.11722,19.1778,17.0482,4204
401404093,2022,7,texas,iowa-state,0,3,45,2.0225,56.3895,0.54225,0.53141,5.6413,7.6638,0.64462,13.0616,12.7918,-0.11653,19.3177,17.1842,4204
401403920,2022,7,ole-miss,auburn,0,14,82,0.8335,50.9745,0.52012,0.50693,-0.5029,0.3306,0.49648,12.9825,12.7433,-0.11517,19.2105,17.1123,4204
401426348,2022,7,coastal-carolina,old-dominion,0,-28,70,9.1227,54.0252,0.67737,0.67276,0.1618,9.2846,0.67578,13.093,12.676,-0.1178,19.2668,17.1174,4204
401416622,2022,7,bowling-green,miami-oh,0,4,30,-8.7012,52.5692,0.326,0.31513,0.3385,-8.3628,0.32145,12.7441,12.8204,-0.11823,19.1156,16.9747,4204
401416619,2022,7,akron,central-michigan,0,-7,49,-15.3955,55.427,0.2115,0.20129,1.3612,-14.0343,0.22203,12.5554,12.8602,-0.11648,18.9904,16.894,4204
401405112,2022,7,illinois,minnesota,0,12,40,-2.358,47.2505,0.45413,0.44051,-0.3413,-2.6993,0.43347,12.7929,12.7612,-0.11658,19.0937,16.9836,4204
401404094,2022,7,oklahoma,kansas,0,10,94,19.1665,65.397,0.84562,0.83328,5.6229,24.7894,0.8959,13.1433,12.6805,-0.11681,19.2997,17.1641,4204
401414783,2022,7,umass,buffalo,0,-27,41,-18.885,60.094,0.16862,0.15475,-1.497,-20.382,0.13681,12.6293,12.8823,-0.11794,19.0743,16.9433,4204
401404014,2022,7,colorado,california,0,7,33,-4.224,44.2235,0.41225,0.40119,-0.7033,-4.9273,0.38685,12.5675,12.7454,-0.11201,18.8751,16.8672,4204
401404153,2022,7,ball-state,uconn,0,4,46,15.9045,54.0825,0.79875,0.79044,2.0155,17.92,0.81955,13.1133,12.4081,-0.11557,19.0665,16.9797,4204
401426352,2022,7,troy,texas-state,0,3,31,7.2398,51.2028,0.64287,0.63728,-0.0068,7.2329,0.63715,13.062,12.624,-0.11608,19.1902,17.0792,4204
401416623,2022,7,western-michigan,ohio,0,-19,47,3.0518,60.0987,0.56112,0.55237,1.5983,4.65,0.58477,13.0923,12.8108,-0.11968,19.3822,17.1865,4204
401405114,2022,7,indiana,maryland,0,-5,71,1.7707,56.2782,0.53863,0.52621,0.0099,1.7806,0.52641,13.0594,12.8026,-0.11726,19.3304,17.1827,4204
401426587,2022,7,middle-tennessee,western-kentucky,0,-18,52,-5.6845,54.5715,0.38487,0.37383,-1.3335,-7.018,0.34786,12.9301,12.8023,-0.11605,19.2225,17.1075,4204
401403921,2022,7,tennessee,alabama,0,3,101,-8.7353,61.6318,0.32575,0.31653,-4.786,-13.5213,0.23428,13.0188,12.8564,-0.11776,19.3441,17.186,4204
401404095,2022,7,tcu,oklahoma-state,0,3,83,-4.2908,57.6977,0.41313,0.40206,0.7886,-3.5022,0.41793,13.0205,12.8181,-0.11762,19.3158,17.1633,4204
401411139,2022,7,syracuse,nc-state,0,15,33,0.6885,51.2435,0.519,0.50391,-1.8201,-1.1316,0.46623,12.9947,12.7741,-0.11646,19.2536,17.1283,4204
401416620,2022,7,eastern-michigan,northern-illinois,0,-29,49,5.5535,58.3125,0.61187,0.60315,-0.1094,5.4441,0.60097,13.076,12.7735,-0.11762,19.3245,17.1712,4204
401416621,2022,7,toledo,kent-state,0,21,83,10.6085,64.3885,0.70175,0.69911,2.128,12.7365,0.73621,13.1352,12.7668,-0.11835,19.3705,17.1997,4204
401426583,2022,7,uab,charlotte,0,14,54,10.7762,57.0202,0.704,0.70318,-0.8251,9.9512,0.68819,13.0964,12.682,-0.11616,19.2596,17.1396,4204
401403916,2022,7,byu,arkansas,0,-17,87,7.6603,56.6257,0.64975,0.64454,-6.1892,1.471,0.52004,13.093,12.7428,-0.11823,19.3199,17.1567,4204
401403918,2022,7,georgia,vanderbilt,0,55,55,28.8268,50.5722,0.93713,0.94453,6.8375,35.6642,0.97608,13.1187,10.7402,-0.10065,17.7712,16.0963,4204
401426349,2022,7,georgia-southern,james-madison,0,7,83,-5.9855,55.8615,0.38413,0.37383,5.8859,-0.0996,0.48814,12.9358,14.0197,-0.11717,20.159,17.9273,4204
401405116,2022,7,michigan-state,wisconsin,0,6,62,-5.8822,47.8702,0.381,0.36844,-0.9597,-6.842,0.34956,12.6726,12.7657,-0.11519,18.9955,16.9201,4204
401415636,2022,7,south-florida,tulane,0,-14,76,-6.133,55.0225,0.377,0.36524,0.9964,-5.1366,0.38486,12.9232,12.8327,-0.11784,19.2554,17.1057,4204
401426586,2022,7,north-texas,louisiana-tech,0,20,74,2.6932,59.3603,0.55338,0.54509,0.5928,3.286,0.5572,13.0837,12.8194,-0.11763,19.3644,17.2064,4204
401404013,2022,7,washington,arizona,0,10,88,12.163,52.5505,0.72813,0.72898,2.0828,14.2458,0.76381,13.1011,12.5126,-0.11498,19.1286,17.0442,4204
401426585,2022,7,florida-atlantic,rice,0,3,31,12.3295,51.6485,0.7295,0.73196,2.0623,14.3918,0.76627,13.0789,12.4936,-0.11738,19.1183,16.9938,4204
401403917,2022,7,florida,lsu,0,-10,80,-0.8295,55.6245,0.48813,0.47256,-0.2974,-1.1269,0.46644,13.045,12.7998,-0.11717,19.3168,17.172,4204
401426350,2022,7,south-alabama,louisiana-monroe,0,7,75,6.8463,54.6598,0.6355,0.62892,2.2376,9.0838,0.67183,13.0873,12.7097,-0.11815,19.2904,17.132,4204
401415238,2022,7,colorado-state,utah-state,0,-4,30,-1.2928,52.9652,0.47687,0.46289,1.1398,-0.153,0.48647,12.9904,12.7696,-0.11603,19.2434,17.1265,4204
401426351,2022,7,southern-miss,arkansas-state,0,1,39,3.5875,58.012,0.57225,0.56335,0.139,3.7265,0.56618,13.105,12.7963,-0.11742,19.3614,17.2077,4204
401403919,2022,7,kentucky,mississippi-state,0,10,44,3.865,52.355,0.57763,0.56938,0.2237,4.0887,0.57394,13.0383,12.7333,-0.11583,19.2508,17.1369,4204
401415637,2022,7,east-carolina,memphis,0,2,92,-6.581,58.6365,0.36875,0.35691,-0.7301,-7.3111,0.34291,12.9838,12.8246,-0.1194,19.3083,17.1256,4204
401411138,2022,7,florida-state,clemson,0,-6,62,-8.879,49.8785,0.32275,0.31074,-3.0814,-11.9604,0.25592,12.6449,12.8059,-0.11401,18.995,16.9399,4204
401404016,2022,7,notre-dame,stanford,0,-2,30,17.541,53.879,0.82512,0.81488,2.064,19.605,0.84244,13.1328,12.3313,-0.11477,19.0185,16.9517,4204
401405113,2022,7,purdue,nebraska,0,6,80,3.9098,53.4868,0.57925,0.57013,-2.014,1.8957,0.52883,13.0488,12.7536,-0.11857,19.2973,17.1307,4204
401409239,2022,7,new-mexico-state,new-mexico,0,12,30,1.254,51.417,0.5275,0.51564,-2.3441,-1.0901,0.46704,13.0014,12.7479,-0.1149,19.2259,17.1307,4204
401411137,2022,7,duke,north-carolina,0,-3,73,-6.6147,60.9262,0.37062,0.35688,-3.9688,-10.5835,0.28386,13.0521,12.8799,-0.11892,19.3967,17.2124,4204
401404017,2022,7,utah,usc,0,1,85,11.0485,57.651,0.70825,0.70777,-2.9439,8.1046,0.6533,13.1,12.705,-0.11722,19.2885,17.1466,4204
401404015,2022,7,oregon-state,washington-state,0,14,34,0.4763,60.2773,0.51612,0.49951,1.2334,1.7097,0.52491,13.0862,12.806,-0.11789,19.3586,17.1968,4204
401415237,2022,7,unlv,air-force,0,-35,49,-10.035,53.8575,0.30588,0.29058,6.9949,-3.0401,0.42646,12.7411,12.8278,-0.11549,19.0956,17.004,4204
401415239,2022,7,fresno-state,san-jose-state,0,7,27,5.571,53.2675,0.61388,0.60364,1.6013,7.1723,0.63524,13.0839,12.7279,-0.11774,19.2977,17.1457,4204
401415240,2022,7,hawaii,nevada,0,15,47,-1.1743,60.6658,0.47963,0.4655,0.0589,-1.1154,0.46671,13.033,12.8249,-0.11856,19.3384,17.1669,4204
401426353,2022,8,appalachian-state,georgia-state,0,25,59,13.1512,58.5087,0.74925,0.74541,-0.2883,12.8629,0.74056,13.3795,12.6096,-0.08686,19.1656,17.57,4308
401411141,2022,8,georgia-tech,virginia,0,-7,25,-5.86,56.1315,0.3755,0.36985,1.7006,-4.1594,0.40384,13.182,12.8057,-0.08491,19.1421,17.5808,4308
401426354,2022,8,south-alabama,troy,0,-4,16,0.678,51.7005,0.51512,0.50373,0.0387,0.7167,0.50454,13.1951,12.6849,-0.08282,19.0457,17.5297,4308
401415638,2022,8,temple,tulsa,0,-11,43,-5.1345,51.6075,0.38762,0.38329,0.3725,-4.762,0.3908,13.0377,12.7443,-0.0838,18.9801,17.4514,4308
401426592,2022,8,western-kentucky,uab,0,3,37,7.1848,51.5388,0.6505,0.63753,0.9846,8.1693,0.65678,13.2744,12.5515,-0.08155,18.9981,17.5093,4308
401416628,2022,8,kent-state,akron,0,6,60,16.5595,57.4845,0.80925,0.80085,-1.3145,15.245,0.78098,13.372,12.4423,-0.0838,19.0133,17.4852,4308
401404096,2022,8,baylor,kansas,0,12,58,19.4082,58.4848,0.84837,0.84042,1.7428,21.151,0.8617,13.3953,12.3665,-0.08422,18.9807,17.4489,4308
401405121,2022,8,rutgers,indiana,0,7,41,-3.0042,49.3858,0.433,0.42652,-0.9358,-3.94,0.40722,13.0389,12.6813,-0.08183,18.918,17.4289,4308
401415640,2022,8,navy,houston,0,-18,58,1.3298,59.1817,0.53075,0.51721,-11.9489,-10.6191,0.28153,13.3126,12.7575,-0.0874,19.2267,17.6151,4308
401404140,2022,8,army,louisiana-monroe,0,24,72,10.385,59.2665,0.70225,0.69681,-6.2916,4.0934,0.57429,13.3672,12.6556,-0.08633,19.1848,17.5965,4308
401405119,2022,8,ohio-state,iowa,0,44,64,17.62,51.4855,0.82888,0.82021,5.7199,23.3399,0.88919,13.3621,12.052,-0.07887,18.6869,17.274,4308
401411142,2022,8,clemson,syracuse,0,6,48,15.8563,50.8383,0.79812,0.79396,6.6977,22.5539,0.8806,13.3427,12.1292,-0.07836,18.7219,17.3142,4308
401415641,2022,8,smu,cincinnati,0,-2,56,-4.167,62.1205,0.40963,0.40402,-0.9952,-5.1622,0.38409,13.2835,12.7705,-0.08681,19.2091,17.6093,4308
401416626,2022,8,buffalo,toledo,0,7,61,-3.7382,62.5053,0.41987,0.41271,-2.4315,-6.1697,0.36425,13.2894,12.7837,-0.08587,19.2148,17.6311,4308
401416629,2022,8,central-michigan,bowling-green,0,-16,52,14.8028,55.1178,0.77737,0.77428,-0.5812,14.2216,0.76498,13.372,12.4193,-0.08346,18.9939,17.4736,4308
401416625,2022,8,ohio,northern-illinois,0,7,41,4.562,59.452,0.594,0.58381,-0.838,3.724,0.5667,13.3252,12.7117,-0.08627,19.1931,17.6046,4308
401416624,2022,8,ball-state,eastern-michigan,0,-4,36,2.6498,56.0962,0.552,0.54463,-1.117,1.5328,0.52147,13.289,12.729,-0.08608,19.1767,17.5927,4308
401404128,2022,8,notre-dame,unlv,0,23,65,21.1375,55.3235,0.87013,0.86418,9.4621,30.5996,0.94557,13.4142,12.0892,-0.08127,18.7736,17.3127,4308
401404099,2022,8,texas-tech,west-virginia,0,38,58,4.0525,57.0665,0.58288,0.57347,-0.0429,4.0096,0.57259,13.3218,12.7194,-0.08463,19.1816,17.623,4308
401426590,2022,8,louisiana-tech,rice,0,-1,83,6.194,55.1035,0.62663,0.61697,0.6045,6.7985,0.62897,13.3156,12.6659,-0.08448,19.1371,17.5851,4308
401426588,2022,8,charlotte,fiu,0,-19,49,-9.5755,76.8805,0.31012,0.30148,0.5229,-9.0526,0.31096,13.3502,12.8978,-0.08901,19.3709,17.718,4308
401404098,2022,8,oklahoma-state,texas,0,7,75,2.8317,57.5292,0.55275,0.54839,-4.12,-1.2882,0.46285,13.2955,12.7166,-0.08654,19.1767,17.5846,4308
401416627,2022,8,miami-oh,western-michigan,0,-6,26,2.6598,55.1163,0.5535,0.54498,-0.9996,1.6601,0.5242,13.2583,12.6838,-0.08516,19.1129,17.5504,4308
401411145,2022,8,wake-forest,boston-college,0,28,58,8.9512,61.2357,0.6845,0.67002,-1.6944,7.2569,0.63749,13.3651,12.6948,-0.08598,19.2083,17.6241,4308
401404163,2022,8,liberty,byu,0,27,55,-0.4255,55.5285,0.49,0.48072,-4.8111,-5.2366,0.3822,13.2543,12.7293,-0.08494,19.1409,17.5798,4308
401426591,2022,8,utsa,north-texas,0,4,58,4.3813,60.4168,0.591,0.58007,0.2049,4.5862,0.58424,13.3336,12.7277,-0.08575,19.2064,17.626,4308
401426355,2022,8,james-madison,marshall,0,-14,38,4.3675,51.578,0.58337,0.57734,-6.6677,-2.3002,0.44384,14.2582,12.6418,-0.083,19.825,18.2534,4308
401403923,2022,8,lsu,ole-miss,0,25,65,8.0435,56.6185,0.66925,0.65343,2.1884,10.2319,0.69465,13.3278,12.636,-0.08362,19.1171,17.5822,4308
401426356,2022,8,old-dominion,georgia-southern,0,-5,51,1.5815,53.3795,0.53375,0.52254,0.4543,2.0358,0.53199,13.2524,12.7171,-0.08499,19.1311,17.57,4308
401415639,2022,8,tulane,memphis,0,10,66,-1.943,59.634,0.45975,0.44945,-0.2165,-2.1595,0.445,13.2693,12.7846,-0.08912,19.2291,17.5864,4308
401405118,2022,8,maryland,northwestern,0,7,55,8.1007,49.8362,0.6695,0.65551,0.5079,8.6086,0.6653,13.2711,12.5139,-0.08411,18.991,17.4581,4308
401405117,2022,8,wisconsin,purdue,0,11,59,10.8095,50.879,0.70875,0.70679,1.8682,12.6777,0.73976,13.2965,12.4316,-0.08403,18.9505,17.4231,4308
401404021,2022,8,oregon,ucla,0,15,75,7.4975,61.313,0.65563,0.64192,2.747,10.2445,0.69368,13.3561,12.7421,-0.08711,19.2457,17.6379,4308
401403924,2022,8,missouri,vanderbilt,0,3,31,12.8182,53.4962,0.74375,0.74185,1.6258,14.4441,0.76875,13.3616,12.424,-0.08222,18.9786,17.4811,4308
401426589,2022,8,utep,florida-atlantic,0,3,45,-6.128,53.29,0.36912,0.36382,-4.9595,-11.0875,0.27131,13.0631,12.7712,-0.08528,19.0316,17.4727,4308
401415242,2022,8,colorado-state,hawaii,0,4,30,1.8533,57.2828,0.53987,0.52812,0.2249,2.0781,0.53279,13.3026,12.7211,-0.08602,19.1807,17.5975,4308
401404018,2022,8,stanford,arizona-state,0,1,29,-3.652,50.7615,0.421,0.41336,1.6644,-1.9876,0.44782,13.0704,12.7112,-0.08214,18.9659,17.4675,4308
401426358,2022,8,texas-state,southern-miss,0,-6,34,-0.9065,47.5905,0.48,0.47033,-0.2718,-1.1783,0.46461,13.0384,12.6524,-0.08139,18.8927,17.4135,4308
401426357,2022,8,louisiana,arkansas-state,0,20,56,14.666,56.7765,0.77312,0.77124,-0.2564,14.4096,0.76715,13.3689,12.4995,-0.08563,19.0679,17.5027,4308
401415243,2022,8,new-mexico,fresno-state,0,-32,50,-10.1478,49.9582,0.29738,0.28514,-3.5986,-13.7464,0.22379,12.7453,12.771,-0.0809,18.7584,17.2976,4308
401403922,2022,8,alabama,mississippi-state,0,24,36,15.991,61.6115,0.7935,0.79013,5.5315,21.5225,0.86324,13.4091,12.6158,-0.08755,19.1986,17.5881,4308
401415241,2022,8,air-force,boise-state,0,-5,33,2.0633,52.0782,0.54225,0.5327,-10.1407,-8.0775,0.32628,13.2107,12.6669,-0.08374,19.0526,17.5199,4308
401415642,2022,8,east-carolina,ucf,0,21,47,-8.4238,58.4343,0.32412,0.32049,-2.6845,-11.1082,0.27205,13.1407,12.8204,-0.0865,19.1361,17.5469,4308
401405120,2022,8,penn-state,minnesota,0,28,62,6.2518,47.2623,0.6315,0.6196,3.4379,9.6897,0.68665,13.2187,12.4648,-0.08153,18.8937,17.4137,4308
401403925,2022,8,south-carolina,texas-a-m,0,6,54,-3.4633,46.3362,0.42188,0.41673,-3.5074,-6.9707,0.34592,12.9096,12.7099,-0.08241,18.8479,17.3539,4308
401411143,2022,8,louisville,pittsburgh,0,14,34,-0.623,58.833,0.48588,0.47674,-0.5535,-1.1765,0.4653,13.2954,12.7997,-0.08818,19.2514,17.6235,4308
401404097,2022,8,tcu,kansas-state,0,10,66,-1.762,54.479,0.46187,0.45284,2.4191,0.6571,0.50328,13.2001,12.7323,-0.08347,19.0895,17.5584,4308
401404020,2022,8,oregon-state,colorado,0,33,51,11.1925,55.5305,0.713,0.71239,0.3723,11.5648,0.719,13.357,12.5655,-0.08278,19.0811,17.5645,4308
401415244,2022,8,wyoming,utah-state,0,14,42,3.3442,48.2013,0.565,0.5597,-1.5069,1.8373,0.52815,13.1697,12.5551,-0.0831,18.9354,17.4239,4308
401404019,2022,8,california,washington,0,-7,49,-0.8545,44.387,0.48063,0.47122,-2.059,-2.9135,0.4278,12.9356,12.5859,-0.08025,18.758,17.3091,4308
401415245,2022,8,nevada,san-diego-state,0,-16,30,-0.4703,44.8862,0.488,0.47941,0.8385,0.3683,0.4972,12.9551,12.5948,-0.08176,18.7922,17.3143,4308
401426359,2022,9,southern-miss,louisiana,0,15,63,-8.066,48.8765,0.33225,0.32596,0.3954,-7.6706,0.3335,12.8109,12.914,-0.08973,18.9889,17.3552,4412
401411146,2022,9,nc-state,virginia-tech,0,1,43,4.012,47.0465,0.58963,0.57265,0.8611,4.8731,0.59019,13.1774,12.7771,-0.09169,19.1774,17.4935,4412
401404026,2022,9,washington-state,utah,0,-4,38,-6.8618,56.7287,0.359,0.35159,-2.5485,-9.4102,0.30399,13.1517,12.9612,-0.09475,19.32,17.5687,4412
401426594,2022,9,fiu,louisiana-tech,0,8,76,11.386,74.8765,0.71925,0.71036,-0.2669,11.1191,0.7057,13.4804,12.9952,-0.09959,19.6339,17.7681,4412
401415645,2022,9,byu,east-carolina,0,-3,51,7.8238,57.3752,0.66475,0.64703,-1.5124,6.3113,0.61768,13.3474,12.8837,-0.0948,19.4099,17.6504,4412
401404100,2022,9,iowa-state,oklahoma,0,-14,40,0.7737,59.9723,0.53,0.50562,-5.3163,-4.5426,0.39769,13.3257,12.9422,-0.09562,19.4436,17.6661,4412
401403927,2022,9,auburn,arkansas,0,-14,68,10.403,55.794,0.70613,0.69548,0.8131,11.2161,0.71002,13.3638,12.7985,-0.09506,19.3626,17.6033,4412
401404103,2022,9,west-virginia,tcu,0,-10,72,-1.3648,59.0433,0.48575,0.46183,-0.9398,-2.3045,0.4427,13.2878,12.9897,-0.09676,19.4602,17.6605,4412
401416631,2022,9,akron,miami-oh,0,-18,36,-12.2085,52.8095,0.2575,0.25175,1.1185,-11.09,0.2709,12.7788,12.9433,-0.09085,18.9968,17.3429,4412
401404154,2022,9,uconn,boston-college,0,10,16,-10.7855,54.038,0.29,0.27754,-8.0808,-18.8663,0.15559,12.9041,12.9769,-0.09185,19.1226,17.44,4412
401404129,2022,9,syracuse,notre-dame,0,-17,65,-8.0987,53.9682,0.33475,0.3274,-5.2443,-13.3431,0.23582,13.0232,12.9857,-0.09348,19.2316,17.5104,4412
401405126,2022,9,penn-state,ohio-state,0,-13,75,-8.8217,57.1093,0.3245,0.31468,-2.9002,-11.722,0.26344,13.0955,13.0001,-0.09563,19.3146,17.548,4412
401411147,2022,9,florida-state,georgia-tech,0,25,57,13.2465,52.3455,0.75538,0.74621,1.2399,14.4864,0.7664,13.3995,12.6302,-0.09159,19.2372,17.5518,4412
401415643,2022,9,houston,south-florida,0,15,69,11.5557,60.5092,0.724,0.71526,1.0408,12.5966,0.73315,13.399,12.8664,-0.09483,19.4364,17.6743,4412
401416630,2022,9,eastern-michigan,toledo,0,-3,51,-5.0183,63.7437,0.402,0.3883,-1.8021,-6.8203,0.3533,13.2917,12.9768,-0.09604,19.4473,17.6617,4412
401426593,2022,9,rice,charlotte,0,-33,79,2.1325,58.839,0.55463,0.53347,-0.8606,1.2719,0.51584,13.3187,12.9423,-0.09528,19.4356,17.6647,4412
401405123,2022,9,minnesota,rutgers,0,31,31,15.0312,49.4197,0.7875,0.77786,0.3411,15.3724,0.78317,13.3554,12.347,-0.09104,18.9958,17.3433,4412
401426361,2022,9,georgia-state,old-dominion,0,14,48,2.9078,53.9348,0.56838,0.54951,0.6416,3.5493,0.56261,13.2733,12.8938,-0.0935,19.3503,17.6189,4412
401415647,2022,9,tulsa,smu,0,-11,79,-3.5778,63.7268,0.4335,0.41714,-2.139,-5.7167,0.37487,13.3191,12.9913,-0.09734,19.49,17.6774,4412
401411148,2022,9,louisville,wake-forest,0,27,69,0.3905,65.6115,0.52225,0.49776,0.9496,1.3402,0.51718,13.3686,12.9677,-0.09658,19.503,17.7029,4412
401404102,2022,9,kansas-state,oklahoma-state,0,48,48,0.1715,50.1505,0.51587,0.4932,-1.6305,-1.459,0.45952,13.1622,12.8987,-0.09384,19.2738,17.5429,4412
401404024,2022,9,california,oregon,0,-18,66,-5.8098,48.3987,0.37925,0.37042,-4.2662,-10.076,0.28966,12.8871,12.9284,-0.09216,19.077,17.3928,4412
401426597,2022,9,western-kentucky,north-texas,0,-27,53,12.0158,57.7803,0.73237,0.72399,-0.1772,11.8385,0.72092,13.3685,12.801,-0.09448,19.3628,17.6138,4412
401403928,2022,9,georgia,florida,1,22,62,10.1435,50.12,0.703,0.69232,2.5225,12.666,0.73691,13.2962,12.6561,-0.09342,19.1939,17.4793,4412
401415646,2022,9,navy,temple,0,7,47,11.382,51.6435,0.72087,0.71415,-9.6006,1.7814,0.52655,13.3447,12.6728,-0.0933,19.2415,17.525,4412
401405124,2022,9,nebraska,illinois,0,-17,35,0.8195,49.876,0.53038,0.50662,2.2917,3.1112,0.55398,13.1713,12.8634,-0.09225,19.2408,17.5411,4412
401405122,2022,9,iowa,northwestern,0,20,46,13.327,39.045,0.77038,0.75956,0.5413,13.8683,0.76872,13.1958,11.5128,-0.0805,18.197,16.7992,4412
401409242,2022,9,umass,new-mexico-state,0,-10,36,-8.1167,60.0907,0.33563,0.32846,1.9519,-6.1648,0.36559,13.1973,13.0087,-0.09601,19.4001,17.619,4412
401415644,2022,9,ucf,cincinnati,0,4,46,-1.463,57.1145,0.48175,0.4597,-0.2798,-1.7428,0.45398,13.2563,12.9493,-0.09565,19.3973,17.6231,4412
401426363,2022,9,arkansas-state,south-alabama,0,-28,34,1.3705,56.962,0.54238,0.51787,0.1009,1.4714,0.51994,13.2845,12.9533,-0.09629,19.427,17.6388,4412
401403929,2022,9,south-carolina,missouri,0,-13,33,3.1945,50.649,0.57475,0.55555,0.8978,4.0923,0.57387,13.2431,12.8432,-0.09337,19.2897,17.566,4412
401426362,2022,9,marshall,coastal-carolina,0,-11,37,4.5083,54.4352,0.60025,0.58185,0.1656,4.6739,0.58519,13.2993,12.9035,-0.0958,19.3972,17.6208,4412
401415246,2022,9,boise-state,colorado-state,0,39,59,14.4558,51.1648,0.77687,0.76736,1.9475,16.4033,0.79731,13.3507,12.5018,-0.09219,19.1131,17.4287,4412
401404022,2022,9,arizona,usc,0,-8,82,-9.3517,61.7968,0.31712,0.3058,-3.9517,-13.3034,0.23839,13.2083,12.9973,-0.09616,19.4011,17.6174,4412
401426595,2022,9,florida-atlantic,uab,0,7,41,2.1827,50.4468,0.55638,0.53477,2.0267,4.2095,0.57627,13.1855,12.8715,-0.09534,19.2846,17.5264,4412
401403930,2022,9,tennessee,kentucky,0,38,50,4.1125,54.041,0.59338,0.57389,0.5217,4.6342,0.58441,13.2947,12.9023,-0.09586,19.3934,17.6163,4412
401404101,2022,9,texas-tech,baylor,0,-28,62,-6.9345,57.7305,0.35913,0.3504,-0.109,-7.0435,0.34832,13.1756,12.966,-0.09559,19.3488,17.5799,4412
401404023,2022,9,colorado,arizona-state,0,-8,76,-6.8637,49.3072,0.35775,0.34987,-1.0237,-7.8875,0.33022,12.8735,12.9645,-0.09209,19.0931,17.4088,4412
401405125,2022,9,michigan,michigan-state,0,22,36,14.7,53.8255,0.77863,0.76998,2.9122,17.6122,0.81335,13.3729,12.6191,-0.09293,19.2208,17.5132,4412
401403931,2022,9,texas-a-m,ole-miss,0,-3,59,3.2302,50.5012,0.57575,0.55635,3.607,6.8372,0.62891,13.2429,12.8206,-0.09229,19.2634,17.5615,4412
401411149,2022,9,north-carolina,pittsburgh,0,18,66,0.5978,60.5872,0.52875,0.502,3.0081,3.6059,0.5632,13.3724,12.992,-0.09641,19.5221,17.7232,4412
401426596,2022,9,utep,middle-tennessee,0,-11,37,-2.1325,55.4775,0.46513,0.44593,-2.5838,-4.7163,0.39382,13.2115,12.9759,-0.09344,19.3637,17.6317,4412
401415249,2022,9,san-jose-state,nevada,0,7,63,2.7003,53.4497,0.56437,0.54523,0.0287,2.7289,0.54582,13.278,12.8944,-0.09458,19.3637,17.6121,4412
401415248,2022,9,fresno-state,san-diego-state,0,4,60,2.9902,44.3558,0.57012,0.55214,2.4685,5.4588,0.60296,13.0671,12.6728,-0.08926,18.9977,17.3721,4412
401404025,2022,9,ucla,stanford,0,25,51,8.4813,59.9393,0.676,0.65893,-0.4655,8.0157,0.65013,13.3837,12.9191,-0.09761,19.4881,17.6712,4412
401415247,2022,9,hawaii,wyoming,0,-7,47,-1.9118,53.4788,0.47025,0.45024,2.4218,0.51,0.50021,13.147,12.9362,-0.09319,19.2844,17.5639,4412
401416632,2022,10,kent-state,ball-state,0,-7,47,1.729,58.1105,0.54087,0.52546,0.7911,2.5201,0.54181,13.3011,12.8641,-0.08134,19.2416,17.7361,4506
401416633,2022,10,ohio,buffalo,0,21,69,1.6687,57.0623,0.5425,0.52417,-0.0991,1.5696,0.52212,13.297,12.8866,-0.0843,19.2812,17.7197,4506
401416634,2022,10,northern-illinois,central-michigan,0,-13,57,-1.1545,58.3595,0.483,0.4658,0.482,-0.6725,0.47575,13.2675,12.9136,-0.08391,19.2754,17.721,4506
401416635,2022,10,bowling-green,western-michigan,0,4,22,-7.091,57.144,0.35275,0.34579,-0.6611,-7.7521,0.33313,13.1391,12.8994,-0.07993,19.1344,17.6618,4506
401426601,2022,10,rice,utep,0,7,67,0.5622,53.2007,0.51987,0.50129,2.8972,3.4594,0.56132,13.2465,12.8417,-0.08055,19.1776,17.6911,4506
401426364,2022,10,coastal-carolina,appalachian-state,0,7,63,-3.8727,60.4728,0.421,0.41017,-0.1914,-4.0642,0.40631,13.278,12.8861,-0.08284,19.2537,17.7203,4506
401404155,2022,10,uconn,umass,0,17,37,10.7575,55.6265,0.71937,0.70353,-1.0061,9.7514,0.68515,13.3469,12.7302,-0.08236,19.1882,17.6694,4506
401411151,2022,10,boston-college,duke,0,-7,69,4.9458,55.2122,0.60538,0.59134,1.1519,6.0977,0.61442,13.3146,12.8515,-0.08172,19.246,17.7334,4506
401404031,2022,10,washington,oregon-state,0,3,45,2.6268,56.5147,0.55675,0.54394,2.3901,5.0168,0.59266,13.298,12.878,-0.08366,19.2701,17.7208,4506
401404141,2022,10,army,air-force,1,-6,20,-6.2755,53.698,0.3655,0.3612,0.328,-5.9475,0.36766,13.0468,12.9,-0.08053,19.0719,17.5932,4506
401405131,2022,10,wisconsin,maryland,0,13,33,14.8195,54.8215,0.7905,0.77306,1.2197,16.0392,0.79182,13.3716,12.5937,-0.08352,19.1189,17.5861,4506
401404108,2022,10,tcu,texas-tech,0,10,58,4.0643,64.1202,0.58662,0.5731,0.9827,5.0469,0.59292,13.3669,12.8931,-0.08482,19.3427,17.7671,4506
401411156,2022,10,virginia,north-carolina,0,-3,59,-1.0475,63.4985,0.48375,0.46816,-3.5517,-4.5992,0.39617,13.3653,12.9463,-0.0835,19.3684,17.8141,4506
401403937,2022,10,texas-a-m,florida,0,-17,65,0.9285,50.982,0.52712,0.50893,1.716,2.6445,0.54459,13.2078,12.8362,-0.08082,19.1473,17.6581,4506
401403936,2022,10,missouri,kentucky,0,-4,38,-2.1117,49.8282,0.46037,0.4455,-0.4173,-2.529,0.43686,13.0716,12.8561,-0.08038,19.0568,17.5821,4506
401405129,2022,10,northwestern,ohio-state,0,-14,28,-26.3925,56.2565,0.0765,0.06985,-6.2612,-32.6537,0.03432,11.9481,12.9348,-0.06956,18.2089,16.9872,4506
401405128,2022,10,nebraska,minnesota,0,-7,33,-3.7297,52.7973,0.4235,0.41229,1.9504,-1.7794,0.45246,13.1031,12.878,-0.07876,19.0818,17.6339,4506
401415649,2022,10,tulsa,tulane,0,-14,40,-0.592,57.387,0.49438,0.47739,-0.6836,-1.2756,0.46327,13.2682,12.8896,-0.08372,19.2568,17.7073,4506
401426598,2022,10,charlotte,western-kentucky,0,-52,66,-10.1052,60.9207,0.306,0.29003,-0.1595,-10.2648,0.28718,13.1479,12.9039,-0.0825,19.1669,17.6461,4506
401405130,2022,10,purdue,iowa,0,-21,27,-0.8752,45.5888,0.48625,0.47091,-0.6818,-1.5571,0.45654,12.9512,12.7373,-0.07626,18.845,17.4589,4506
401411157,2022,10,virginia-tech,georgia-tech,0,-1,55,10.1005,47.765,0.71087,0.69343,-1.4174,8.6831,0.66675,13.3304,12.4924,-0.08044,18.9882,17.5205,4506
401426366,2022,10,old-dominion,marshall,0,-12,12,-3.878,46.948,0.41587,0.40832,-0.3274,-4.2054,0.4016,12.8771,12.8365,-0.07839,18.8816,17.4551,4506
401415648,2022,10,temple,south-florida,0,26,82,0.6195,51.1505,0.521,0.50249,-1.3075,-0.688,0.47522,13.1985,12.8208,-0.07943,19.1169,17.6548,4506
401426600,2022,10,louisiana-tech,middle-tennessee,0,16,64,0.4157,58.2588,0.5165,0.49826,0.9179,1.3337,0.51723,13.2968,12.9124,-0.08426,19.2994,17.737,4506
401426369,2022,10,southern-miss,georgia-state,0,-28,56,2.0287,53.4398,0.54775,0.53167,0.1354,2.1642,0.53447,13.2886,12.8566,-0.08268,19.2388,17.7095,4506
401404104,2022,10,oklahoma,baylor,0,-3,73,1.7975,60.6105,0.5435,0.52681,3.8801,5.6776,0.6058,13.321,12.878,-0.08414,19.2915,17.732,4506
401411155,2022,10,pittsburgh,syracuse,0,10,28,6.9402,54.5868,0.6505,0.63096,1.2194,8.1596,0.65458,13.3428,12.8152,-0.08377,19.259,17.7091,4506
401405127,2022,10,illinois,michigan-state,0,-8,38,2.4982,46.1418,0.55538,0.54191,-1.1861,1.3121,0.51706,13.0983,12.7253,-0.08087,18.9857,17.5083,4506
401403933,2022,10,georgia,tennessee,0,14,40,13.2793,52.4857,0.7655,0.74908,4.2727,17.5519,0.81492,13.3235,12.547,-0.08109,19.0277,17.5451,4506
401404106,2022,10,kansas,oklahoma-state,0,21,53,-11.172,59.082,0.27975,0.27045,-1.8279,-12.9999,0.23972,13.0763,12.9004,-0.07999,19.0892,17.6188,4506
401415651,2022,10,memphis,ucf,0,-7,63,0.7182,60.8152,0.52263,0.50451,-1.9544,-1.2361,0.46416,13.327,12.8976,-0.08272,19.2974,17.7629,4506
401404105,2022,10,iowa-state,west-virginia,0,17,45,11.9527,51.5973,0.73688,0.72594,-1.3702,10.5826,0.7015,13.3469,12.5715,-0.08185,19.0697,17.5703,4506
401404032,2022,10,stanford,washington-state,0,-38,66,-5.016,54.3785,0.39413,0.38659,3.5492,-1.4668,0.45907,13.1205,12.9036,-0.08149,19.1375,17.6368,4506
401404030,2022,10,colorado,oregon,0,-39,59,-12.3707,54.9112,0.253,0.24824,-4.9695,-17.3403,0.17294,12.8543,12.9063,-0.07959,18.9265,17.4755,4506
401426602,2022,10,uab,utsa,0,-6,82,5.0467,54.1158,0.60713,0.59364,-1.3667,3.68,0.5658,13.2907,12.8094,-0.0811,19.1921,17.6949,4506
401405132,2022,10,indiana,penn-state,0,-31,59,-11.3193,49.6298,0.27025,0.26404,-2.8433,-14.1625,0.21689,12.6369,12.9097,-0.07527,18.7326,17.3722,4506
401415252,2022,10,utah-state,new-mexico,0,17,37,12.5723,50.4497,0.75138,0.73754,1.1126,13.6849,0.75628,13.3227,12.4849,-0.08166,18.9877,17.4987,4506
401426599,2022,10,north-texas,fiu,0,38,66,-4.2467,74.0747,0.41337,0.4032,0.8596,-3.3871,0.42047,13.3636,12.9396,-0.08414,19.368,17.8023,4506
401415650,2022,10,cincinnati,navy,0,10,30,12.4055,53.552,0.747,0.73347,12.3624,24.7679,0.89806,13.3326,12.6313,-0.08162,19.0997,17.6016,4506
401426365,2022,10,georgia-southern,south-alabama,0,-7,69,3.4868,52.1497,0.575,0.56192,-0.9914,2.4953,0.54146,13.2741,12.8011,-0.0801,19.1649,17.6875,4506
401403932,2022,10,arkansas,liberty,0,-2,40,0.723,57.462,0.5225,0.50462,11.0004,11.7234,0.71984,13.2963,12.8826,-0.08366,19.2721,17.7227,4506
401426368,2022,10,louisiana-monroe,texas-state,0,1,61,1.277,55.326,0.53438,0.51611,-2.2057,-0.9287,0.4704,13.2776,12.8635,-0.08307,19.2391,17.7028,4506
401426367,2022,10,louisiana,troy,0,-6,40,11.2148,51.3332,0.7265,0.71301,-0.1168,11.0979,0.71092,13.3062,12.5919,-0.08238,19.0582,17.55,4506
401415254,2022,10,san-diego-state,unlv,0,4,24,10.2935,46.4235,0.71613,0.69817,0.076,10.3695,0.69957,13.2611,12.3916,-0.08055,18.8648,17.4051,4506
401404107,2022,10,kansas-state,texas,0,-7,61,1.7555,54.1655,0.54163,0.52609,-5.7505,-3.995,0.40737,13.2659,12.8341,-0.08027,19.1841,17.702,4506
401415652,2022,10,smu,houston,0,14,140,4.9298,68.0593,0.6035,0.59041,-0.5818,4.348,0.57871,13.3917,12.8988,-0.08615,19.3772,17.7751,4506
401415250,2022,10,boise-state,byu,0,-3,59,6.0792,54.3307,0.63163,0.61437,2.255,8.3343,0.65845,13.31,12.7759,-0.082,19.1903,17.6774,4506
401403934,2022,10,lsu,alabama,0,1,63,-4.1678,62.7683,0.41412,0.40446,-2.7384,-6.9062,0.35061,13.2876,12.9257,-0.08441,19.3036,17.7381,4506
401411152,2022,10,louisville,james-madison,0,24,44,1.991,59.654,0.54262,0.52974,9.8988,11.8898,0.71564,13.3502,13.8155,-0.08209,19.9845,18.4069,4506
401403935,2022,10,mississippi-state,auburn,0,6,72,-0.272,53.984,0.50125,0.48395,-1.1077,-1.3797,0.46097,13.2355,12.8548,-0.08064,19.1798,17.6914,4506
401404130,2022,10,notre-dame,clemson,0,21,49,0.0278,50.3457,0.506,0.49012,-1.4533,-1.4256,0.4598,13.1519,12.806,-0.07989,19.0756,17.6084,4506
401404027,2022,10,utah,arizona,0,25,65,21.4885,56.791,0.88038,0.86651,1.0078,22.4963,0.87765,13.3888,12.3218,-0.08011,18.9081,17.4544,4506
401403938,2022,10,vanderbilt,south-carolina,0,-11,65,-8.004,50.263,0.33463,0.32603,-2.5236,-10.5276,0.27937,12.8447,12.8752,-0.07541,18.86,17.4876,4506
401405133,2022,10,rutgers,michigan,0,-35,69,-19.8528,50.6153,0.13725,0.13229,-4.0981,-23.9509,0.09008,12.0295,12.9113,-0.06889,18.2431,17.0297,4506
401411154,2022,10,nc-state,wake-forest,0,9,51,-0.3243,58.2313,0.50162,0.48292,2.1039,1.7796,0.5265,13.3024,12.8812,-0.08099,19.2518,17.7517,4506
401404029,2022,10,usc,california,0,6,76,7.7735,51.828,0.66887,0.64788,3.9279,11.7014,0.72059,13.3185,12.7221,-0.0824,19.1614,17.644,4506
401404028,2022,10,arizona-state,ucla,0,-14,86,1.863,57.295,0.54562,0.52818,-1.1988,0.6642,0.5034,13.3014,12.8835,-0.08366,19.2766,17.7268,4506
401415251,2022,10,san-jose-state,colorado-state,0,12,44,6.2643,49.9147,0.63538,0.61836,-0.2551,6.0092,0.61326,13.2869,12.7151,-0.08322,19.1399,17.6095,4506
401415253,2022,10,fresno-state,hawaii,0,42,68,9.2465,59.4705,0.69788,0.67526,1.5711,10.8176,0.70406,13.359,12.786,-0.08325,19.2454,17.7061,4506
401416637,2022,11,akron,eastern-michigan,0,-6,62,-11.7138,54.8053,0.26425,0.26033,0.9886,-10.7252,0.27748,12.7623,12.9656,-0.0924,19.0147,17.3322,4624
401416638,2022,11,miami-oh,ohio,0,-16,58,2.274,54.738,0.54912,0.53688,0.5987,2.8727,0.54927,13.0471,12.8721,-0.09294,19.1608,17.4556,4624
401416636,2022,11,toledo,ball-state,0,7,49,10.347,62.3485,0.7085,0.69588,2.919,13.266,0.74683,13.133,12.845,-0.09358,19.2105,17.4899,4624
401416639,2022,11,western-michigan,northern-illinois,0,-3,45,5.153,59.2285,0.60662,0.59576,0.7603,5.9133,0.61103,13.1066,12.8644,-0.09251,19.1956,17.4951,4624
401416640,2022,11,central-michigan,buffalo,0,4,58,3.8335,56.399,0.57937,0.56892,0.2568,4.0903,0.57417,13.0931,12.8726,-0.09327,19.1982,17.4841,4624
401416641,2022,11,bowling-green,kent-state,0,-34,46,-5.0955,56.224,0.39237,0.38521,0.5345,-4.561,0.39591,12.9778,12.9403,-0.09458,19.174,17.4387,4624
401426370,2022,11,louisiana,georgia-southern,0,19,53,11.7505,53.574,0.73037,0.72318,0.8359,12.5864,0.73772,13.1051,12.6006,-0.09163,18.9942,17.328,4624
401415653,2022,11,memphis,tulsa,0,16,36,10.1868,59.1863,0.70838,0.69316,0.9001,11.0868,0.70943,13.1245,12.8242,-0.09352,19.1884,17.4709,4624
401415654,2022,11,cincinnati,east-carolina,0,2,52,15.377,54.554,0.793,0.78428,2.9642,18.3412,0.82728,13.1086,12.4904,-0.09083,18.91,17.2656,4624
401404033,2022,11,usc,colorado,0,38,72,15.0285,58.527,0.78425,0.77667,4.6313,19.6598,0.84221,13.1541,12.6706,-0.09272,19.0914,17.3973,4624
401415259,2022,11,unlv,fresno-state,0,-7,67,-6.797,56.423,0.359,0.35176,-2.5445,-9.3415,0.30388,12.9687,12.9585,-0.09385,19.1743,17.4518,4624
401411159,2022,11,duke,virginia-tech,0,17,31,-1.4892,51.8032,0.4695,0.45868,-0.7003,-2.1895,0.44421,13.0078,12.9211,-0.09318,19.1697,17.4595,4624
401411163,2022,11,virginia,pittsburgh,0,-30,44,-2.0963,56.5427,0.45513,0.44631,-0.5436,-2.6398,0.43516,13.0563,12.934,-0.09533,19.2341,17.4802,4624
401415656,2022,11,south-florida,smu,0,-18,64,-10.0135,65.262,0.30625,0.29313,-0.4591,-10.4726,0.28501,13.0584,13.0116,-0.09808,19.3171,17.507,4624
401403939,2022,11,arkansas,lsu,0,-3,23,-9.4107,59.3683,0.31875,0.30285,-2.4985,-11.9093,0.25902,12.9731,12.9751,-0.09486,19.1986,17.4562,4624
401404131,2022,11,navy,notre-dame,1,-3,67,-11.272,53.1135,0.27563,0.26746,-16.4571,-27.7291,0.06838,12.727,12.9678,-0.09023,18.9716,17.3308,4624
401405134,2022,11,illinois,purdue,0,-7,55,4.0433,48.6593,0.585,0.57401,-0.2777,3.7656,0.56827,13.0088,12.7019,-0.09092,18.9898,17.3355,4624
401404156,2022,11,uconn,liberty,0,3,69,-13.3767,52.3517,0.23525,0.23058,1.468,-11.9088,0.25495,12.5691,12.951,-0.08864,18.83,17.2294,4624
401403945,2022,11,tennessee,missouri,0,42,90,11.0538,54.8398,0.71937,0.71025,0.939,11.9928,0.72688,13.1202,12.6703,-0.09051,19.0465,17.3949,4624
401403942,2022,11,kentucky,vanderbilt,0,-3,45,17.2368,51.0528,0.82538,0.81488,2.0431,19.2798,0.84264,13.1249,12.1795,-0.08855,18.6792,17.0966,4624
401405138,2022,11,michigan-state,rutgers,0,6,48,13.2628,46.9257,0.7655,0.75326,1.1859,14.4487,0.7729,13.104,12.1567,-0.0874,18.6373,17.0779,4624
401405139,2022,11,ohio-state,indiana,0,42,70,27.9955,61.8115,0.93025,0.9292,5.7435,33.739,0.96221,13.1638,12.1795,-0.08824,18.7061,17.1269,4624
401404112,2022,11,west-virginia,oklahoma,0,3,43,-8.89,62.3045,0.3285,0.31304,-3.9462,-12.8362,0.24446,13.0361,12.9857,-0.09688,19.2709,17.4862,4624
401426372,2022,11,georgia-state,louisiana-monroe,0,-3,59,9.485,61.2105,0.69538,0.68002,2.342,11.827,0.7223,13.1265,12.8475,-0.09368,19.2084,17.4861,4624
401426374,2022,11,old-dominion,james-madison,0,-34,40,-4.2653,51.6782,0.40963,0.40425,6.3402,2.075,0.53192,12.9121,13.7028,-0.0908,19.6626,17.9543,4624
401426607,2022,11,western-kentucky,rice,0,35,55,17.5427,53.9262,0.82887,0.81802,1.0201,18.5629,0.83202,13.1208,12.3383,-0.08657,18.7728,17.2151,4624
401415655,2022,11,houston,temple,0,7,79,13.74,58.0155,0.7665,0.75654,2.3483,16.0883,0.79347,13.1267,12.6744,-0.08936,19.0443,17.4131,4624
401414784,2022,11,arkansas-state,umass,0,2,68,20.1917,62.7073,0.8595,0.84928,3.4094,23.6012,0.88729,13.1547,12.6229,-0.09261,19.0563,17.3675,4624
401403943,2022,11,ole-miss,alabama,0,-6,54,-9.9488,60.5457,0.30575,0.29333,-4.9268,-14.8755,0.21185,12.9736,12.9871,-0.0961,19.2188,17.4526,4624
401404110,2022,11,oklahoma-state,iowa-state,0,6,34,1.6835,50.644,0.53787,0.52473,1.5213,3.2048,0.55637,13.0017,12.8194,-0.09166,19.0772,17.4019,4624
401426605,2022,11,utsa,louisiana-tech,0,44,58,5.83,61.8145,0.621,0.6092,0.7977,6.6277,0.62504,13.1213,12.8913,-0.09236,19.225,17.5246,4624
401405136,2022,11,minnesota,northwestern,0,28,34,15.1145,45.877,0.79363,0.78597,-0.0769,15.0376,0.78475,13.084,11.9153,-0.08623,18.4405,16.9197,4624
401411161,2022,11,nc-state,boston-college,0,-1,41,7.0258,50.6472,0.64812,0.63418,0.4095,7.4352,0.64225,13.0936,12.6722,-0.09056,19.0284,17.3775,4624
401415256,2022,11,air-force,new-mexico,0,32,38,19.4255,49.0865,0.85575,0.84837,-5.9408,13.4847,0.76,13.1243,11.7883,-0.08647,18.3839,16.8657,4624
401415657,2022,11,tulane,ucf,0,-7,69,-2.9082,57.3162,0.43788,0.42962,-2.1709,-5.0791,0.38579,13.0367,12.9376,-0.09493,19.2188,17.4733,4624
401426603,2022,11,middle-tennessee,charlotte,0,10,38,8.4227,61.1153,0.6755,0.65986,-1.174,7.2488,0.63722,13.1471,12.8482,-0.09386,19.2257,17.499,4624
401426606,2022,11,uab,north-texas,0,20,62,5.2505,53.927,0.60888,0.59811,-1.1618,4.0887,0.57444,13.0777,12.7935,-0.09224,19.1198,17.4309,4624
401426373,2022,11,marshall,appalachian-state,0,7,49,-1.7583,51.1418,0.46237,0.45293,-0.0258,-1.7841,0.4524,12.9642,12.8703,-0.09278,19.0965,17.3998,4624
401411158,2022,11,clemson,louisville,0,15,47,12.2395,54.852,0.73762,0.73137,6.0318,18.2713,0.82484,13.104,12.6422,-0.09213,19.028,17.3498,4624
401405137,2022,11,michigan,nebraska,0,31,37,18.0808,55.4282,0.833,0.82426,1.8066,19.8874,0.8479,13.1448,12.4017,-0.09034,18.8691,17.2376,4624
401405135,2022,11,iowa,wisconsin,0,14,34,-2.4198,41.8323,0.44862,0.43758,-1.1863,-3.6061,0.41257,12.5904,12.6593,-0.08338,18.5837,17.0937,4624
401404142,2022,11,troy,army,0,1,19,0.6253,53.7737,0.517,0.50261,8.4904,9.1157,0.6734,13.0395,12.8829,-0.09423,19.1744,17.4453,4624
401405140,2022,11,penn-state,maryland,0,30,30,15.955,52.987,0.80262,0.79406,2.8531,18.8081,0.83449,13.1208,12.3869,-0.08961,18.834,17.2181,4624
401404035,2022,11,washington-state,arizona-state,0,10,46,5.4208,53.6003,0.61225,0.6017,-1.8849,3.5359,0.56318,13.073,12.7817,-0.09029,19.0906,17.4385,4624
401403941,2022,11,florida,south-carolina,0,32,44,9.8827,52.2417,0.7025,0.68936,1.7914,11.6742,0.72186,13.1193,12.6123,-0.08916,18.9918,17.369,4624
401426375,2022,11,south-alabama,texas-state,0,17,59,6.543,46.4225,0.64038,0.62571,0.0319,6.5749,0.62636,13.0091,12.5296,-0.08966,18.8535,17.2336,4624
401404109,2022,11,baylor,kansas-state,0,-28,34,6.4055,51.4545,0.63413,0.62186,1.5455,7.951,0.65232,13.0455,12.7119,-0.09127,19.0276,17.3639,4624
401404111,2022,11,texas-tech,kansas,0,15,71,9.46,62.246,0.69488,0.6793,1.6338,11.0938,0.70906,13.1385,12.8663,-0.09455,19.2387,17.4985,4624
401403944,2022,11,mississippi-state,georgia,0,-26,64,-12.534,50.3815,0.2485,0.24418,-5.0181,-17.5521,0.16861,12.5353,12.9385,-0.09033,18.8106,17.1825,4624
401404037,2022,11,oregon,washington,0,-3,71,8.2612,54.4733,0.673,0.65806,2.2072,10.4684,0.6995,13.0794,12.731,-0.09064,19.0613,17.4059,4624
401415258,2022,11,colorado-state,wyoming,0,-1,27,-2.8148,45.7468,0.43912,0.43023,2.6467,-0.1681,0.48587,12.7573,12.7998,-0.08861,18.8553,17.2524,4624
401426604,2022,11,fiu,florida-atlantic,0,-45,59,5.0662,69.0752,0.603,0.59345,-1.7246,3.3417,0.55849,13.1593,12.9393,-0.09512,19.3128,17.5556,4624
401426371,2022,11,coastal-carolina,southern-miss,0,3,49,7.7603,55.6882,0.66387,0.64789,-0.6152,7.1451,0.63588,13.1205,12.7805,-0.09024,19.1246,17.4707,4624
401403940,2022,11,auburn,texas-a-m,0,3,23,3.507,49.343,0.575,0.56285,-3.104,0.403,0.49796,13.0133,12.7336,-0.08994,19.0079,17.369,4624
401404113,2022,11,texas,tcu,0,-7,27,8.2408,63.6557,0.67263,0.65605,3.3314,11.5721,0.71721,13.1348,12.9014,-0.09552,19.2703,17.5099,4624
401411164,2022,11,wake-forest,north-carolina,0,-2,70,3.1993,67.4213,0.56888,0.5555,-4.5112,-1.312,0.46268,13.1146,12.9934,-0.09747,19.3401,17.5386,4624
401411162,2022,11,syracuse,florida-state,0,-35,41,0.2995,53.7355,0.5105,0.49583,-3.6163,-3.3168,0.42112,13.0332,12.9132,-0.09244,19.1763,17.4785,4624
401404036,2022,11,oregon-state,california,0,28,48,6.2155,50.147,0.6325,0.6183,-0.331,5.8845,0.61163,13.0592,12.6653,-0.08939,18.9875,17.3604,4624
401404038,2022,11,utah,stanford,0,35,49,19.03,53.779,0.84725,0.83919,-1.0007,18.0293,0.82577,13.1134,12.2251,-0.08772,18.6959,17.1257,4624
401415255,2022,11,nevada,boise-state,0,-38,44,-7.04,54.3535,0.353,0.34657,-2.2313,-9.2713,0.30455,12.8988,12.9361,-0.09413,19.1085,17.387,4624
401404034,2022,11,ucla,arizona,0,-6,62,13.0297,63.0983,0.75238,0.74302,1.543,14.5727,0.76823,13.1534,12.8213,-0.09237,19.1977,17.4998,4624
401415260,2022,11,san-diego-state,san-jose-state,0,16,70,5.2065,42.061,0.613,0.59982,-0.8672,4.3393,0.58172,12.8865,12.3784,-0.08487,18.6109,17.0942,4624
401415257,2022,11,hawaii,utah-state,0,-7,75,-1.1638,59.0453,0.47538,0.46547,0.9149,-0.2489,0.48444,13.0308,12.9242,-0.09407,19.1969,17.4686,4624
401416643,2022,12,ball-state,ohio,0,-14,50,0.5657,56.5097,0.5125,0.50137,-0.3884,0.1773,0.49326,13.0628,13.0004,-0.07265,19.0872,17.7474,4752
401416642,2022,12,toledo,bowling-green,0,-7,77,18.2752,60.0973,0.8395,0.82658,1.5935,19.8688,0.84733,13.1546,12.7144,-0.06676,18.8952,17.6739,4752
401416644,2022,12,kent-state,eastern-michigan,0,-7,55,1.1785,58.115,0.52475,0.51419,-0.3259,0.8526,0.50738,13.0676,12.9863,-0.07154,19.0706,17.7518,4752
401416646,2022,12,northern-illinois,miami-oh,0,-6,52,-0.6195,54.432,0.48875,0.47648,0.2393,-0.3802,0.48151,12.9947,12.9619,-0.06948,18.981,17.705,4752
401416645,2022,12,central-michigan,western-michigan,0,-2,22,3.4975,57.2495,0.56525,0.56242,-1.2423,2.2552,0.53665,13.0895,12.9735,-0.07169,19.0786,17.7566,4752
401415658,2022,12,tulane,smu,0,35,83,-1.3253,64.7793,0.47163,0.46212,-1.4554,-2.7807,0.43215,13.1079,13.0662,-0.0757,19.1957,17.7936,4752
401415659,2022,12,tulsa,south-florida,0,6,90,7.7678,55.9428,0.65875,0.64886,-1.6799,6.0878,0.61558,13.0925,12.9002,-0.07006,19.0129,17.7246,4752
401415264,2022,12,new-mexico,san-diego-state,0,-24,44,-10.575,39.9195,0.27475,0.26976,-1.1301,-11.7051,0.24947,11.8085,12.9207,-0.06374,18.0509,16.9391,4752
401415661,2022,12,ucf,navy,0,-3,31,8.603,55.943,0.67637,0.66521,12.0826,20.6856,0.85612,13.1077,12.8678,-0.06872,18.9888,17.726,4752
401403954,2022,12,texas-a-m,umass,0,17,23,29.4732,53.9032,0.94375,0.94812,12.4435,41.9167,0.98998,13.1716,11.312,-0.05272,17.8091,16.9039,4752
401404143,2022,12,army,uconn,0,17,51,14.849,52.2385,0.78625,0.77873,-4.2145,10.6345,0.70622,13.1193,12.5042,-0.06302,18.6854,17.5441,4752
401404165,2022,12,liberty,virginia-tech,0,-1,45,3.438,49.457,0.564,0.56171,-9.0971,-5.6591,0.37238,13.0185,12.8749,-0.06759,18.9183,17.6801,4752
401405145,2022,12,michigan,illinois,0,2,36,14.7427,49.4762,0.7845,0.77867,4.0983,18.8411,0.83858,13.0981,12.3748,-0.06012,18.5522,17.4702,4752
401411169,2022,12,pittsburgh,duke,0,2,54,11.6553,54.8873,0.72987,0.72238,0.9607,12.6159,0.73916,13.1243,12.7813,-0.06541,18.9091,17.7106,4752
401405142,2022,12,nebraska,wisconsin,0,-1,29,-8.785,49.947,0.312,0.31023,0.1459,-8.6391,0.31298,12.6786,12.9812,-0.06771,18.7496,17.5206,4752
401404114,2022,12,baylor,tcu,0,-1,57,8.848,59.6155,0.68125,0.66965,-0.8737,7.9743,0.65284,13.0975,12.9107,-0.06941,19.0186,17.7415,4752
401405143,2022,12,purdue,northwestern,0,8,26,9.988,47.315,0.70187,0.6947,-0.1405,9.8475,0.69205,13.064,12.5049,-0.0616,18.6324,17.5189,4752
401411166,2022,12,florida-state,louisiana,0,32,66,-0.2408,50.1197,0.49588,0.4844,6.1273,5.8866,0.61196,12.9934,12.9103,-0.06891,18.9374,17.6744,4752
401405146,2022,12,michigan-state,indiana,0,-8,70,7.595,51.016,0.65875,0.64654,0.2501,7.8451,0.65145,13.0804,12.7653,-0.06597,18.8701,17.6641,4752
401403955,2022,12,vanderbilt,florida,0,7,55,-16.4185,54.3725,0.18925,0.18315,-4.315,-20.7335,0.12843,12.5091,13.0735,-0.07127,18.7272,17.438,4752
401426611,2022,12,rice,utsa,0,-34,48,-7.1805,57.0745,0.343,0.3433,-1.4023,-8.5828,0.31663,12.95,13.039,-0.07298,19.0359,17.6938,4752
401404039,2022,12,arizona,washington-state,0,-11,51,-9.24,57.2985,0.3055,0.30408,1.5407,-7.6993,0.33302,12.9183,13.0386,-0.07128,18.9974,17.6883,4752
401426378,2022,12,james-madison,georgia-state,0,2,82,8.7462,55.5737,0.677,0.66374,-6.9818,1.7644,0.52584,13.8565,12.8318,-0.06729,19.5086,18.2409,4752
401404117,2022,12,west-virginia,kansas-state,0,-17,79,-7.411,48.218,0.335,0.33662,1.4794,-5.9316,0.36585,12.6657,12.9911,-0.06903,18.7592,17.5063,4752
401415660,2022,12,east-carolina,houston,0,-39,45,-2.2225,62.611,0.451,0.44336,-2.5508,-4.7733,0.39131,13.0926,13.0223,-0.07115,19.1117,17.7971,4752
401404040,2022,12,arizona-state,oregon-state,0,-24,38,-0.146,54.681,0.49838,0.48644,0.6515,0.5055,0.50011,13.0398,12.958,-0.06852,19.0027,17.7423,4752
401426376,2022,12,appalachian-state,old-dominion,0,13,41,13.7525,53.6235,0.76775,0.75959,0.3533,14.1058,0.7654,13.1136,12.6361,-0.06556,18.798,17.6043,4752
401404132,2022,12,notre-dame,boston-college,0,44,44,15.6498,53.3748,0.80075,0.79074,3.8337,19.4835,0.84464,13.1286,12.538,-0.06415,18.7264,17.5625,4752
401426610,2022,12,middle-tennessee,florida-atlantic,0,28,70,-2.859,51.9025,0.43663,0.42959,-2.3756,-5.2346,0.38099,12.9575,12.9421,-0.06886,18.9338,17.6719,4752
401405147,2022,12,rutgers,penn-state,0,-45,65,-17.2993,45.3147,0.16837,0.16164,-3.779,-21.0783,0.11557,11.6641,13.0168,-0.06337,18.0203,16.9188,4752
401405144,2022,12,maryland,ohio-state,0,-13,73,-23.1778,64.2488,0.11213,0.10508,-5.7534,-28.9311,0.05966,12.6699,13.1131,-0.07385,18.8949,17.5482,4752
401403949,2022,12,kentucky,georgia,0,-10,22,-12.2587,45.8708,0.24487,0.24456,-4.7944,-17.0532,0.17064,12.2293,12.9999,-0.06818,18.4454,17.2301,4752
401426381,2022,12,troy,louisiana-monroe,0,18,50,8.1415,57.955,0.66725,0.65587,2.1988,10.3403,0.69731,13.1207,12.9237,-0.06949,19.0458,17.7653,4752
401426379,2022,12,southern-miss,south-alabama,0,-7,47,1.0143,48.0452,0.52087,0.51089,0.2399,1.2541,0.51597,12.9582,12.844,-0.06563,18.8342,17.6362,4752
401426608,2022,12,charlotte,louisiana-tech,0,5,47,-1.8217,63.9928,0.46287,0.45182,0.256,-1.5657,0.45711,13.0927,13.0694,-0.07447,19.1758,17.7973,4752
401411167,2022,12,louisville,nc-state,0,15,35,4.2295,54.209,0.583,0.57767,-1.1542,3.0753,0.55381,13.0899,12.9408,-0.06935,19.0343,17.7571,4752
401404116,2022,12,kansas,texas,0,-41,69,-11.7913,62.2512,0.26487,0.26016,-5.9478,-17.7391,0.17006,12.9754,13.108,-0.07463,19.1198,17.7424,4752
401426613,2022,12,auburn,western-kentucky,0,24,58,0.9748,52.9637,0.51938,0.50997,5.4744,6.4491,0.62297,13.0229,12.9407,-0.06982,18.9892,17.7067,4752
401415663,2022,12,temple,cincinnati,0,-20,26,-17.1285,50.481,0.17375,0.16999,-2.7618,-19.8903,0.13486,12.207,13.0459,-0.06936,18.4742,17.237,4752
401426609,2022,12,utep,fiu,0,34,46,-8.2725,69.6005,0.32275,0.32436,-3.2349,-11.5074,0.26647,13.0931,13.1366,-0.07809,19.2578,17.8083,4752
401405141,2022,12,minnesota,iowa,0,-3,23,2.4377,42.4693,0.54338,0.54158,-0.6182,1.8195,0.52834,12.8157,12.6467,-0.06245,18.5586,17.4338,4752
401426380,2022,12,texas-state,arkansas-state,0,3,29,-0.1885,55.734,0.497,0.4856,-0.1328,-0.3213,0.48282,13.0378,13.0035,-0.07189,19.0644,17.7397,4752
401411168,2022,12,north-carolina,georgia-tech,0,-4,38,13.6515,58.303,0.76513,0.75577,1.8511,15.5026,0.78532,13.1683,12.8199,-0.06705,18.984,17.7515,4752
401404041,2022,12,california,stanford,0,7,47,5.0452,45.1642,0.6025,0.59615,-1.9848,3.0605,0.55453,12.9649,12.6583,-0.06211,18.6737,17.5481,4752
401426377,2022,12,georgia-southern,marshall,0,-13,33,-4.6297,50.7403,0.395,0.393,-0.7818,-5.4115,0.37718,12.8587,12.9823,-0.0691,18.8934,17.63,4752
401404115,2022,12,iowa-state,texas-tech,0,-4,24,8.6223,54.8038,0.6765,0.66556,-1.3272,7.295,0.63976,13.1075,12.8551,-0.06999,18.9906,17.7052,4752
401415261,2022,12,wyoming,boise-state,0,-3,37,-6.2835,46.804,0.35787,0.35829,-4.5942,-10.8777,0.27129,12.6468,12.9396,-0.06651,18.6853,17.4816,4752
401403953,2022,12,south-carolina,tennessee,0,25,101,-7.421,53.7095,0.33575,0.33782,-0.0412,-7.4622,0.33703,12.8614,13.0239,-0.06972,18.9313,17.6545,4752
401403952,2022,12,missouri,new-mexico-state,0,31,59,14.3437,54.7742,0.77663,0.76848,9.9901,24.3339,0.89678,13.1298,12.6861,-0.0677,18.8648,17.6289,4752
401403947,2022,12,arkansas,ole-miss,0,15,69,-4.5358,55.9973,0.3985,0.39568,-0.3102,-4.8459,0.38942,12.9906,13.0123,-0.07177,19.0352,17.7147,4752
401404118,2022,12,oklahoma,oklahoma-state,0,15,41,4.218,61.8725,0.58087,0.5771,3.795,8.013,0.65284,13.1043,13.0054,-0.07224,19.1177,17.7831,4752
401411171,2022,12,wake-forest,syracuse,0,10,80,6.1268,60.4778,0.62412,0.61585,-0.2838,5.843,0.61017,13.1076,12.973,-0.0725,19.0988,17.761,4752
401404044,2022,12,ucla,usc,0,-3,93,-0.5525,66.272,0.49088,0.47809,-2.4087,-2.9612,0.42829,13.1019,13.041,-0.07323,19.1508,17.7962,4752
401426612,2022,12,lsu,uab,0,31,51,10.8272,53.5147,0.71175,0.70783,8.1444,18.9716,0.83608,13.1062,12.7402,-0.06673,18.8778,17.6578,4752
401415262,2022,12,air-force,colorado-state,0,12,36,13.3938,49.3828,0.764,0.7556,-8.1932,5.2005,0.59961,13.1048,12.4466,-0.06227,18.6271,17.5025,4752
401404042,2022,12,washington,colorado,0,47,61,12.5935,51.5435,0.75088,0.74064,2.7623,15.3558,0.78603,13.1102,12.5942,-0.06275,18.7407,17.6003,4752
401415265,2022,12,utah-state,san-jose-state,0,4,66,2.255,53.1055,0.54275,0.53684,-0.8847,1.3703,0.51829,13.0322,12.9263,-0.06916,18.9797,17.7095,4752
401415263,2022,12,nevada,fresno-state,0,-27,55,-3.945,55.463,0.41388,0.40773,-1.63,-5.575,0.37488,12.9921,13.0198,-0.0723,19.0465,17.7158,4752
401404043,2022,12,oregon,utah,0,3,37,-3.6038,56.0782,0.42125,0.41465,3.2822,-0.3216,0.48279,12.993,13.0112,-0.07165,19.0351,17.7167,4752
401415266,2022,12,hawaii,unlv,0,6,56,3.3037,60.4843,0.5605,0.55842,0.9734,4.2771,0.57848,13.0595,12.995,-0.07213,19.0763,17.7465,4752
401416648,2022,13,miami-oh,ball-state,0,1,35,2.6908,51.8522,0.563,0.54727,0.9871,3.6778,0.56839,12.6949,12.6759,-0.05721,18.4459,17.4192,4880
401416649,2022,13,ohio,bowling-green,0,24,52,12.4388,55.6393,0.75888,0.74143,-0.9371,11.5016,0.72472,12.8071,12.5452,-0.05693,18.4309,17.4101,4880
401403956,2022,13,ole-miss,mississippi-state,0,-2,46,3.801,56.7465,0.58713,0.57068,0.6047,4.4057,0.58346,12.7652,12.7215,-0.05752,18.5329,17.4959,4880
401415269,2022,13,boise-state,utah-state,0,19,65,11.6715,53.3875,0.74313,0.72813,3.0873,14.7588,0.78082,12.7956,12.5168,-0.05666,18.3996,17.3853,4880
401416651,2022,13,western-michigan,toledo,0,6,34,-4.0197,63.1882,0.4115,0.40393,-0.9324,-4.9521,0.38462,12.7676,12.7764,-0.05869,18.5848,17.5242,4880
401404119,2022,13,texas,baylor,0,11,65,0.3047,58.8122,0.51287,0.4958,4.2051,4.5098,0.58568,12.7694,12.7155,-0.05677,18.525,17.5016,4880
401416650,2022,13,eastern-michigan,central-michigan,0,19,57,0.22,55.8015,0.50975,0.49398,0.3726,0.5926,0.50199,12.7285,12.7551,-0.05906,18.5442,17.4794,4880
401415665,2022,13,cincinnati,tulane,0,-3,51,10.0072,54.4363,0.71637,0.69715,2.4507,12.4579,0.74192,12.7617,12.5708,-0.05705,18.4172,17.3949,4880
401404045,2022,13,arizona,arizona-state,0,3,73,-5.421,53.3505,0.37788,0.3738,-0.3442,-5.7652,0.36673,12.5746,12.746,-0.05594,18.3987,17.3968,4880
401403961,2022,13,missouri,arkansas,0,2,56,2.165,55.3225,0.5545,0.53582,-0.4881,1.6769,0.52533,12.7494,12.7265,-0.05708,18.5212,17.4926,4880
401411172,2022,13,north-carolina,nc-state,0,-3,57,4.6127,55.8092,0.60675,0.5877,2.4074,7.0201,0.63735,12.7945,12.7175,-0.058,18.5555,17.5089,4880
401415268,2022,13,colorado-state,new-mexico,0,17,17,8.4082,46.2622,0.69113,0.66818,2.2524,10.6606,0.71184,12.7075,12.3532,-0.05279,18.184,17.2484,4880
401405148,2022,13,iowa,nebraska,0,-7,41,7.4503,43.3923,0.67212,0.65008,-1.3322,6.1181,0.62234,12.6335,12.2486,-0.04959,18.0273,17.1548,4880
401404046,2022,13,california,ucla,0,-7,63,-1.6058,53.2428,0.465,0.45458,-1.5193,-3.125,0.42214,12.6713,12.7258,-0.05603,18.4547,17.4482,4880
401403958,2022,13,florida-state,florida,0,7,83,-1.7865,54.6795,0.4615,0.45074,-1.4471,-3.2336,0.4199,12.7113,12.7283,-0.05417,18.4694,17.4945,4880
401415270,2022,13,fresno-state,wyoming,0,30,30,5.1077,48.6178,0.619,0.59908,3.9929,9.1006,0.68027,12.7035,12.5676,-0.05555,18.3592,17.3662,4880
401405153,2022,13,ohio-state,michigan,0,-22,68,8.2802,61.3047,0.68425,0.66233,2.5811,10.8614,0.7115,12.816,12.7111,-0.05909,18.5762,17.5092,4880
401426615,2022,13,florida-atlantic,western-kentucky,0,-1,63,-2.502,53.258,0.44463,0.43534,1.0421,-1.4599,0.45768,12.6281,12.7404,-0.05681,18.4409,17.4215,4880
401426389,2022,13,south-alabama,old-dominion,0,7,47,3.4672,46.9738,0.58262,0.56446,0.5371,4.0044,0.57599,12.6223,12.5665,-0.05389,18.2849,17.3247,4880
401426383,2022,13,james-madison,coastal-carolina,0,40,54,4.379,59.1105,0.59662,0.58072,-6.5021,-2.1231,0.44521,13.4561,12.7306,-0.05653,19.0395,17.9935,4880
401426390,2022,13,marshall,georgia-state,0,5,51,8.084,50.378,0.68075,0.66018,-0.3141,7.7699,0.65389,12.7496,12.5162,-0.05665,18.3653,17.3531,4880
401404166,2022,13,liberty,new-mexico-state,0,-35,63,16.0902,56.0992,0.81537,0.80181,-0.5221,15.5681,0.79381,12.8223,12.4651,-0.05667,18.3822,17.3688,4880
401404123,2022,13,oklahoma-state,west-virginia,0,-5,43,10.9942,52.2922,0.73037,0.71603,0.1512,11.1454,0.71882,12.7954,12.4896,-0.05615,18.3755,17.3714,4880
401403962,2022,13,clemson,south-carolina,0,-1,61,14.1938,48.7488,0.79038,0.77507,3.4258,17.6195,0.82759,12.8,12.1661,-0.05311,18.1217,17.1847,4880
401405152,2022,13,maryland,rutgers,0,37,37,8.9415,51.7655,0.69888,0.67716,0.9259,9.8674,0.69505,12.7713,12.5187,-0.05401,18.3602,17.3941,4880
401404144,2022,13,umass,army,0,-37,51,-19.9432,56.6388,0.14075,0.12851,5.2206,-14.7226,0.19934,12.1193,12.7828,-0.04852,18.0364,17.1827,4880
401403959,2022,13,georgia,georgia-tech,0,23,51,27.2478,48.7022,0.93212,0.94203,5.2094,32.4572,0.96982,12.8169,10.6829,-0.04054,17.0147,16.3492,4880
401416653,2022,13,buffalo,kent-state,0,-3,57,3.7515,58.5285,0.587,0.56959,-0.3035,3.448,0.56315,12.7814,12.7165,-0.05796,18.545,17.4995,4880
401415664,2022,13,temple,east-carolina,0,-3,95,-3.9462,51.7978,0.41063,0.40459,0.2025,-3.7438,0.40886,12.5766,12.7573,-0.05636,18.412,17.4021,4880
401416652,2022,13,northern-illinois,akron,0,-32,56,14.3958,56.7837,0.79025,0.77447,-0.8792,13.5166,0.7599,12.8288,12.5272,-0.05741,18.438,17.4085,4880
401426617,2022,13,north-texas,rice,0,4,38,10.0785,56.217,0.71625,0.69778,1.1973,11.2758,0.71997,12.7889,12.6248,-0.05875,18.4909,17.4348,4880
401403960,2022,13,kentucky,louisville,0,13,39,3.0058,52.9963,0.57063,0.55387,2.1255,5.1313,0.59883,12.7265,12.711,-0.05804,18.5016,17.4573,4880
401405149,2022,13,northwestern,illinois,0,-38,44,-7.3283,40.9218,0.3285,0.32974,0.4182,-6.91,0.3383,11.9146,12.66,-0.04439,17.7658,16.9953,4880
401405151,2022,13,indiana,purdue,0,-14,46,-2.0137,54.6718,0.45587,0.44583,0.6583,-1.3555,0.45996,12.6752,12.734,-0.05529,18.4571,17.4633,4880
401411174,2022,13,duke,wake-forest,0,3,65,-6.189,63.502,0.365,0.35966,0.5424,-5.6466,0.37062,12.7767,12.7991,-0.05933,18.6136,17.5402,4880
401403957,2022,13,alabama,auburn,0,22,76,12.6915,58.1185,0.76287,0.74503,4.4238,17.1153,0.81541,12.8326,12.6097,-0.05762,18.5021,17.4652,4880
401415666,2022,13,smu,memphis,0,3,65,0.5662,68.2373,0.51887,0.50142,1.2389,1.8052,0.52789,12.82,12.7937,-0.0606,18.6523,17.5543,4880
401426384,2022,13,arkansas-state,troy,0,-29,67,-2.2095,57.693,0.45338,0.44194,0.1396,-2.0699,0.44491,12.7285,12.7741,-0.05814,18.55,17.501,4880
401426616,2022,13,louisiana-tech,uab,0,-10,64,-3.8095,54.7,0.4145,0.40745,0.569,-3.2405,0.41949,12.6435,12.7227,-0.05335,18.4089,17.4517,4880
401404047,2022,13,oregon-state,oregon,0,4,72,-2.3302,59.0168,0.44788,0.43932,-4.5973,-6.9275,0.34432,12.7309,12.7586,-0.05771,18.5366,17.496,4880
401415271,2022,13,san-jose-state,hawaii,0,13,41,5.496,58.064,0.62675,0.60632,-0.0302,5.4658,0.60569,12.8084,12.6622,-0.05762,18.5223,17.4843,4880
401405150,2022,13,wisconsin,minnesota,0,-7,39,5.0715,47.426,0.61688,0.59869,1.8045,6.876,0.63632,12.6539,12.521,-0.0555,18.2889,17.3006,4880
401426618,2022,13,utsa,utep,0,3,65,7.919,57.8075,0.67762,0.65525,4.2994,12.2184,0.736,12.7936,12.703,-0.06088,18.5696,17.4715,4880
401404048,2022,13,colorado,utah,0,-42,84,-18.747,53.195,0.15287,0.14158,-1.6873,-20.4343,0.12153,11.9777,12.7817,-0.04821,17.9332,17.0902,4880
401405154,2022,13,penn-state,michigan-state,0,19,51,12.1573,47.9783,0.75588,0.73983,2.5931,14.7504,0.78401,12.7642,12.2373,-0.0518,18.1345,17.219,4880
401404120,2022,13,tcu,iowa-state,0,48,76,-2.3762,55.2058,0.44838,0.43821,2.3099,-0.0663,0.48779,12.6802,12.7657,-0.05669,18.4961,17.4756,4880
401426386,2022,13,texas-state,louisiana,0,-28,54,-11.0167,47.2073,0.26225,0.26075,0.1236,-10.8931,0.26299,12.1035,12.726,-0.04646,17.9655,17.1503,4880
401426385,2022,13,louisiana-monroe,southern-miss,0,-10,30,-2.6395,56.8435,0.441,0.43276,-2.4774,-5.1169,0.38094,12.6998,12.7902,-0.05774,18.5372,17.4962,4880
401415272,2022,13,unlv,nevada,0,5,49,-1.874,56.244,0.45975,0.44898,-0.9145,-2.7885,0.4295,12.6957,12.7545,-0.05805,18.511,17.466,4880
401426382,2022,13,georgia-southern,appalachian-state,0,3,99,-8.6475,58.605,0.31125,0.31018,-0.8076,-9.4551,0.29491,12.6283,12.7721,-0.0571,18.4667,17.4407,4880
401426614,2022,13,fiu,middle-tennessee,0,-5,61,5.9268,70.6217,0.63425,0.6145,0.6511,6.5778,0.62779,12.846,12.7734,-0.05914,18.6437,17.5719,4880
401415667,2022,13,south-florida,ucf,0,-7,85,-13.3398,58.2538,0.22587,0.22571,-1.1745,-14.5143,0.20697,12.4786,12.8102,-0.05609,18.3779,17.3748,4880
401403963,2022,13,texas-a-m,lsu,0,15,61,-4.2812,50.8638,0.40288,0.39717,1.4186,-2.8627,0.42727,12.537,12.728,-0.0541,18.3424,17.3757,4880
401404122,2022,13,texas-tech,oklahoma,0,3,99,-6.2952,65.7302,0.363,0.35743,-3.9891,-10.2843,0.28102,12.7682,12.7859,-0.05954,18.5997,17.5233,4880
401404133,2022,13,usc,notre-dame,0,11,65,-5.064,60.112,0.38787,0.38207,-0.1208,-5.1848,0.37958,12.7222,12.7779,-0.05757,18.5431,17.5046,4880
401403964,2022,13,vanderbilt,tennessee,0,-56,56,-16.1445,57.6235,0.18737,0.1813,-2.5648,-18.7093,0.1467,12.3727,12.8089,-0.05393,18.2824,17.3222,4880
401411173,2022,13,boston-college,syracuse,0,-9,55,-1.1437,52.8618,0.47675,0.46454,1.4106,0.2669,0.49496,12.6685,12.736,-0.05708,18.4693,17.4435,4880
401415668,2022,13,houston,tulsa,0,-7,67,7.0668,61.8988,0.66012,0.63813,2.7207,9.7875,0.69144,12.8131,12.7228,-0.05853,18.5776,17.5204,4880
401404121,2022,13,kansas-state,kansas,0,20,74,15.2185,55.369,0.80125,0.78843,0.1973,15.4158,0.79153,12.8177,12.4563,-0.05698,18.3751,17.3567,4880
401415267,2022,13,san-diego-state,air-force,0,-10,16,-2.876,42.054,0.43175,0.42553,7.0709,4.1949,0.58141,12.2545,12.5843,-0.04769,17.9791,17.1414,4880
401404051,2022,13,washington-state,washington,0,-18,84,2.6498,53.8953,0.56288,0.54627,-3.6235,-0.9737,0.46824,12.7259,12.7096,-0.05743,18.4948,17.4615,4880
401404049,2022,13,stanford,byu,0,-9,61,-5.2665,53.853,0.38288,0.37711,6.5074,1.2409,0.51604,12.5826,12.7613,-0.05636,18.4193,17.409,4880
401506450,2022,14,buffalo,akron,0,1,45,16.292,55.868,0.81925,0.80026,-1.618,14.674,0.77524,13.171,12.2313,-0.08764,18.7435,17.171,5004
401437032,2022,14,utsa,north-texas,0,21,75,4.3205,59.7735,0.5915,0.57975,0.2049,4.5254,0.58396,13.1164,12.5992,-0.08965,18.9845,17.3536,5004
401437035,2022,14,usc,utah,1,-23,71,-9.0812,59.9778,0.3095,0.30635,2.9439,-6.1373,0.36291,12.9678,12.6703,-0.08981,18.9264,17.297,5004
401437030,2022,14,tcu,kansas-state,1,-3,59,-4.4887,55.1208,0.39825,0.3957,2.4191,-2.0696,0.44582,12.9574,12.6328,-0.08638,18.8616,17.2975,5004
401437033,2022,14,ohio,toledo,1,-10,24,-5.37,63.941,0.38125,0.37883,-2.5306,-7.9006,0.32939,13.075,12.6813,-0.09085,19.0237,17.3679,5004
401437037,2022,14,troy,coastal-carolina,0,19,71,0.152,56.148,0.50275,0.49265,0.3366,0.4886,0.49976,13.036,12.5864,-0.08613,18.8843,17.3231,5004
401437034,2022,14,boise-state,fresno-state,0,-12,44,6.5882,53.5563,0.63962,0.62679,0.6013,7.1896,0.63882,13.081,12.4534,-0.08678,18.8274,17.2605,5004
401437008,2022,14,tulane,ucf,0,17,73,-1.9495,57.7005,0.4555,0.44859,-2.1709,-4.1204,0.40371,13.0502,12.6358,-0.08884,18.9544,17.3399,5004
401437036,2022,14,georgia,lsu,1,20,80,7.305,50.186,0.65787,0.64188,2.225,9.53,0.68522,13.0682,12.3239,-0.0864,18.7213,17.1706,5004
401437031,2022,14,michigan,purdue,1,21,65,13.7192,54.2587,0.778,0.76012,3.8206,17.5399,0.81883,13.1376,12.2465,-0.08499,18.7062,17.1822,5004
401437009,2022,14,north-carolina,clemson,1,-29,49,-10.9065,56.0875,0.2725,0.27215,-2.4702,-13.3767,0.23037,12.8365,12.6747,-0.08758,18.8128,17.2316,5004
401404145,2022,15,army,navy,1,3,37,-1.3828,52.5853,0.46875,0.45998,0.328,-1.0547,0.46693,12.8568,12.8207,-0.06486,18.7364,17.558,5028
401525434,2023,1,notre-dame,navy,1,39,45,10.194,53.4625,0.71263,0.69835,16.5372,26.7312,0.92016,13.1075,12.5108,-0.05995,18.6545,17.5688,5030
401520145,2023,1,jacksonville-state,utep,0,3,31,7.9013,55.2073,0.65163,0.63659,-2.894,5.0073,0.58424,16.3046,12.6016,-0.05875,21.1846,20.0125,5030
401525450,2023,1,new-mexico-state,umass,0,-11,71,14.7258,59.6112,0.78813,0.77615,-3.5452,11.1805,0.71568,13.1543,12.551,-0.06202,18.7362,17.6092,5030
401532392,2023,1,san-diego-state,ohio,0,7,33,3.7778,45.7867,0.58,0.5705,1.8528,5.6305,0.60951,12.8841,12.4819,-0.05802,18.4516,17.4108,5030
401520147,2023,1,vanderbilt,hawaii,0,7,63,-1.5398,58.6898,0.467,0.45664,4.4085,2.8687,0.55032,13.0404,12.6823,-0.06003,18.7282,17.6362,5030
401523986,2023,1,usc,san-jose-state,0,28,84,10.7148,60.2858,0.71813,0.70669,7.2663,17.9811,0.82395,13.1184,12.6567,-0.06211,18.7859,17.6539,5030
401520146,2023,1,louisiana-tech,fiu,0,5,39,-4.1268,73.9873,0.41337,0.40332,-1.0214,-5.1482,0.38255,13.1404,12.786,-0.06309,18.9037,17.7469,5030
401525816,2023,1,ucf,kent-state,0,50,62,13.4543,60.1827,0.77075,0.75539,5.3302,18.7844,0.8355,13.134,12.5782,-0.06103,18.7318,17.6224,5030
401520174,2023,1,uconn,nc-state,0,-10,38,-12.7245,49.5955,0.23563,0.23393,-4.1008,-16.8253,0.17079,12.3692,12.7215,-0.05407,18.2167,17.2574,5030
401520176,2023,1,utah,florida,0,13,35,8.0195,55.518,0.67087,0.65594,-2.3312,5.6883,0.6091,13.0826,12.6272,-0.06149,18.7328,17.6149,5030
401520148,2023,1,minnesota,nebraska,0,3,23,8.9215,50.666,0.69062,0.6746,-2.3692,6.5523,0.62752,13.0749,12.4882,-0.05894,18.6053,17.5403,5030
401520163,2023,1,michigan-state,central-michigan,0,24,38,6.9095,53.0775,0.64863,0.63414,7.8764,14.7859,0.7776,13.0981,12.5836,-0.05956,18.696,17.6147,5030
401525462,2023,1,georgia-tech,louisville,1,-5,73,-11.6622,55.1817,0.2585,0.25576,-0.6327,-12.2949,0.2449,12.7172,12.7546,-0.05801,18.5264,17.4811,5030
401523988,2023,1,hawaii,stanford,0,-13,61,0.6683,57.6688,0.52263,0.50358,-5.7456,-5.0773,0.38305,13.0338,12.6988,-0.0615,18.7483,17.629,5030
401520160,2023,1,liberty,bowling-green,0,10,58,14.1355,54.203,0.78125,0.76796,-1.2788,12.8567,0.74648,13.1389,12.4225,-0.06101,18.6244,17.5224,5030
401520159,2023,1,kentucky,ball-state,0,30,58,10.529,49.6175,0.71825,0.70593,6.4006,16.9296,0.8125,13.079,12.3647,-0.05881,18.5193,17.4621,5030
401525464,2023,1,boston-college,northern-illinois,0,-3,51,4.6902,56.2497,0.60113,0.58841,5.6574,10.3477,0.70026,13.0716,12.661,-0.06184,18.752,17.6266,5030
401523994,2023,1,tcu,colorado,0,-3,87,15.279,59.004,0.79587,0.78506,1.0708,16.3498,0.80138,13.1423,12.5411,-0.06226,18.7223,17.5919,5030
401520170,2023,1,purdue,fresno-state,0,-4,74,1.8035,55.127,0.54338,0.52776,2.1994,4.0029,0.57422,13.0229,12.6694,-0.06163,18.7202,17.6003,5030
401525822,2023,1,oklahoma,arkansas-state,0,73,73,19.6355,69.1035,0.85875,0.84544,7.551,27.1865,0.92197,13.1417,12.642,-0.06454,18.814,17.6374,5030
401520162,2023,1,michigan,east-carolina,0,27,33,22.3115,57.2965,0.88875,0.8824,5.4413,27.7528,0.93099,13.1348,12.1357,-0.05589,18.3744,17.3776,5030
401520179,2023,1,tennessee,virginia,1,36,62,9.9718,61.2867,0.7085,0.69267,3.7676,13.7394,0.75919,13.12,12.6878,-0.06265,18.8141,17.6708,5030
401520157,2023,1,iowa,utah-state,0,10,38,11.5445,45.2415,0.7345,0.7274,4.8742,16.4187,0.80838,13.0286,12.071,-0.05675,18.2566,17.2511,5030
401520172,2023,1,smu,louisiana-tech,0,24,52,11.621,68.356,0.73062,0.72237,5.3273,16.9483,0.80852,13.1621,12.6919,-0.06315,18.8526,17.6982,5030
401531387,2023,1,temple,akron,0,3,45,10.0153,51.3873,0.7115,0.69552,2.0788,12.094,0.73346,13.0829,12.4614,-0.05991,18.6007,17.519,5030
401520156,2023,1,indiana,ohio-state,0,-20,26,-22.2523,62.9898,0.123,0.10905,-5.6451,-27.8973,0.06212,12.5837,12.7922,-0.05988,18.4735,17.3986,5030
401520180,2023,1,wisconsin,buffalo,0,21,55,15.5368,51.3393,0.80513,0.7929,8.4621,23.9989,0.89903,13.1001,12.1993,-0.05851,18.4156,17.3704,5030
401523997,2023,1,washington,boise-state,0,37,75,0.343,52.5215,0.51362,0.49664,3.2524,3.5954,0.5659,12.9731,12.6455,-0.06013,18.6531,17.5636,5030
401520181,2023,1,western-kentucky,south-florida,0,17,65,17.5288,59.8792,0.83538,0.81927,-2.5,15.0287,0.7819,13.1312,12.4924,-0.06005,18.6598,17.5723,5030
401520151,2023,1,auburn,umass,0,45,73,32.5263,57.0787,0.96225,0.96509,3.8991,36.4253,0.97901,13.1642,11.16,-0.04832,17.6646,16.8418,5030
401525824,2023,1,texas,rice,0,27,47,19.5365,56.8815,0.86013,0.84779,8.4796,28.0161,0.93116,13.1561,12.2954,-0.05973,18.536,17.4624,5030
401523991,2023,1,north-texas,california,0,-37,79,1.7383,49.3387,0.5425,0.52656,-3.927,-2.1887,0.44249,12.9225,12.6191,-0.05887,18.5857,17.5223,5030
401523996,2023,1,usc,nevada,0,52,80,12.452,61.717,0.746,0.73767,8.0927,20.5447,0.857,13.1447,12.6282,-0.06235,18.7871,17.6509,5030
401520175,2023,1,louisiana-monroe,army,0,4,30,-7.1225,57.9625,0.34675,0.34172,6.3858,-0.7367,0.47363,12.9315,12.7244,-0.06165,18.6928,17.5739,5030
401525819,2023,1,houston,utsa,0,3,31,3.945,65.01,0.58475,0.57263,1.8182,5.7632,0.61015,13.1062,12.6989,-0.06328,18.8174,17.6627,5030
401525817,2023,1,baylor,texas-state,0,-11,73,20.5603,52.0868,0.87425,0.86467,3.6696,24.2299,0.90372,13.127,11.9088,-0.05596,18.2108,17.2232,5030
401520173,2023,1,texas-a-m,new-mexico,0,42,62,20.5125,45.23,0.87938,0.87138,10.457,30.9695,0.95773,13.1356,11.1941,-0.04816,17.6639,16.843,5030
401523990,2023,1,colorado-state,washington-state,0,-26,74,-8.3848,52.3547,0.32212,0.31553,-3.026,-11.4107,0.25986,12.7197,12.7214,-0.0577,18.5013,17.4629,5030
401525825,2023,1,wyoming,texas-tech,0,2,68,-0.555,50.9495,0.492,0.47742,-6.7569,-7.3119,0.33752,12.9378,12.6676,-0.05905,18.6335,17.5641,5030
401520155,2023,1,illinois,toledo,0,2,58,2.9932,55.6887,0.56675,0.55288,2.532,5.5252,0.60562,13.0676,12.6569,-0.06295,18.7559,17.6106,5030
401520167,2023,1,north-carolina,south-carolina,1,14,48,1.0425,57.5595,0.53063,0.51152,0.8093,1.8518,0.52868,13.0862,12.6905,-0.06197,18.7851,17.6554,5030
401520169,2023,1,penn-state,west-virginia,0,23,53,17.237,49.6025,0.83425,0.82036,3.6434,20.8804,0.86785,13.1087,11.9878,-0.0566,18.2574,17.2557,5030
401520149,2023,1,alabama,middle-tennessee,0,49,63,21.7785,60.2735,0.88188,0.87408,10.0179,31.7964,0.95404,13.1561,12.3552,-0.0587,18.5693,17.5115,5030
401531347,2023,1,tulane,south-alabama,0,20,54,9.528,52.7635,0.70112,0.6858,-0.1516,9.3764,0.68291,13.0947,12.5153,-0.06054,18.6534,17.5574,5030
401525467,2023,1,virginia-tech,old-dominion,0,19,53,6.713,45.797,0.646,0.6318,5.6166,12.3296,0.73922,13.0151,12.3657,-0.05698,18.4565,17.4345,5030
401520152,2023,1,byu,sam-houston,0,14,14,4.544,56.1075,0.5985,0.57616,6.3784,10.9224,0.68971,13.0875,15.7198,-0.06046,21.0541,19.8373,5030
401523995,2023,1,ucla,coastal-carolina,0,14,40,5.8637,65.5773,0.628,0.61194,4.4996,10.3634,0.69949,13.1342,12.7231,-0.06392,18.8613,17.6924,5030
401520171,2023,1,rutgers,northwestern,0,17,31,1.3235,42.3945,0.53375,0.51798,-0.4089,0.9146,0.50905,12.6979,12.4542,-0.05466,18.2656,17.2933,5030
401532573,2023,1,san-jose-state,oregon-state,0,-25,59,-4.7087,56.4917,0.39875,0.39029,-2.6463,-7.355,0.33721,12.9723,12.7188,-0.05941,18.6991,17.6195,5030
401520182,2023,1,florida-state,lsu,1,21,69,-7.6673,57.6073,0.337,0.3311,-2.5447,-10.2119,0.28333,12.9467,12.7322,-0.05998,18.6949,17.6055,5030
401525468,2023,1,duke,clemson,0,21,35,-15.207,53.174,0.2015,0.19531,-5.6405,-20.8475,0.12164,12.4453,12.7312,-0.05606,18.2957,17.2975,5030
401520195,2023,2,kansas,illinois,0,11,57,-7.9485,54.242,0.3345,0.32738,0.0329,-7.9156,0.32801,12.9125,12.7893,-0.08076,18.8937,17.4248,5216
401520216,2023,2,wake-forest,vanderbilt,0,16,56,15.966,61.9405,0.81125,0.79205,-0.6875,15.2785,0.78154,13.1931,12.6137,-0.0848,19.0101,17.4626,5216
401520191,2023,2,georgia,ball-state,0,42,48,25.3252,50.2127,0.9185,0.91759,10.9082,36.2335,0.97722,13.1683,11.2026,-0.0695,17.8719,16.6852,5216
401520215,2023,2,virginia-tech,purdue,0,-7,41,-0.6722,50.1358,0.4855,0.47528,-0.6118,-1.284,0.46241,13.0262,12.6957,-0.08048,18.9072,17.4426,5216
401525829,2023,2,kansas-state,troy,0,29,55,10.649,50.0335,0.72075,0.7058,3.0757,13.7247,0.75964,13.1117,12.3946,-0.08061,18.7547,17.3015,5216
401520188,2023,2,colorado,nebraska,0,22,50,-6.9788,52.3598,0.35263,0.34575,-1.0129,-7.9916,0.32615,12.8802,12.7735,-0.07945,18.8468,17.4045,5216
401525498,2023,2,virginia,james-madison,0,-1,71,-2.6498,57.3418,0.4465,0.4357,8.0942,5.4445,0.6003,13.1105,13.3119,-0.08454,19.4576,17.8769,5216
401523999,2023,2,baylor,utah,0,-7,33,-3.5808,55.5538,0.425,0.41483,-0.8461,-4.4269,0.39753,13.0257,12.7451,-0.08336,18.9679,17.4479,5216
401525436,2023,2,nc-state,notre-dame,0,-21,69,-9.4078,50.3657,0.31212,0.29841,-3.226,-12.6337,0.24158,12.7463,12.7718,-0.07744,18.7296,17.3312,5216
401520202,2023,2,michigan,unlv,0,28,42,26.9308,57.4603,0.92325,0.92483,9.42,36.3507,0.97447,13.1968,11.8134,-0.07691,18.3764,17.0215,5216
401526833,2023,2,umass,miami-oh,0,-13,69,-17.7982,55.4423,0.16887,0.16293,2.9912,-14.807,0.20557,12.5569,12.8354,-0.07585,18.6245,17.2618,5216
401531395,2023,2,utsa,texas-state,0,7,33,11.2737,53.9408,0.73162,0.71619,1.7042,12.978,0.746,13.1247,12.5162,-0.08037,18.85,17.3927,5216
401520194,2023,2,iowa-state,iowa,0,-7,33,1.8885,41.57,0.53687,0.52994,-1.0209,0.8676,0.50793,12.8207,12.4055,-0.0734,18.4829,17.1732,5216
401520214,2023,2,tulane,ole-miss,0,-17,57,-0.1088,56.8768,0.49825,0.48724,-4.1469,-4.2557,0.40132,13.0808,12.7643,-0.08386,19.0273,17.4937,5216
401525497,2023,2,syracuse,western-michigan,0,41,55,5.12,54.4895,0.59963,0.59611,3.9682,9.0882,0.67446,13.1289,12.6888,-0.08176,18.9898,17.4967,5216
401520207,2023,2,northwestern,utep,0,31,45,0.4322,46.6112,0.50775,0.49856,5.2846,5.7169,0.60955,12.9357,12.6103,-0.07792,18.7557,17.3473,5216
401520184,2023,2,arkansas,kent-state,0,22,34,7.3428,59.6848,0.65225,0.64043,6.7919,14.1346,0.76317,13.1521,12.711,-0.08236,19.0284,17.5217,5216
401531411,2023,2,east-carolina,marshall,0,-18,44,-2.875,49.0705,0.43988,0.42892,1.6211,-1.2539,0.46292,12.9136,12.7231,-0.08025,18.8417,17.3858,5216
401524004,2023,2,washington,tulsa,0,33,53,10.1135,54.8275,0.71188,0.69437,4.3853,14.4988,0.77038,13.1442,12.5764,-0.08112,18.9144,17.4389,5216
401525495,2023,2,north-carolina,appalachian-state,0,6,74,-1.2263,62.4838,0.47513,0.46402,5.4713,4.2451,0.57766,13.1527,12.7889,-0.0858,19.1158,17.5409,5216
401531842,2023,2,old-dominion,louisiana,0,7,69,-8.5345,47.978,0.32387,0.31364,-2.5124,-11.0469,0.26743,12.6602,12.7292,-0.07405,18.6059,17.2756,5216
401520198,2023,2,liberty,new-mexico-state,0,16,50,13.7198,58.2712,0.7765,0.75727,-0.925,12.7948,0.74175,13.1832,12.5661,-0.08292,18.952,17.4423,5216
401531378,2023,2,georgia-southern,uab,0,14,84,-3.2052,53.8608,0.43275,0.42252,-1.0782,-4.2835,0.40039,13.0194,12.7485,-0.08238,18.9572,17.4551,5216
401525830,2023,2,oklahoma,smu,0,17,39,8.6295,72.672,0.68263,0.66446,3.2432,11.8727,0.72377,13.1923,12.7931,-0.08529,19.1438,17.5758,5216
401531419,2023,2,florida-atlantic,ohio,0,-7,27,5.7415,55.8125,0.61425,0.60875,4.5581,10.2996,0.69711,13.1265,12.6821,-0.08221,18.9871,17.4863,5216
401520189,2023,2,fiu,north-texas,0,7,85,5.3858,71.7578,0.60625,0.60075,0.2492,5.6349,0.60577,13.1946,12.7883,-0.08484,19.1381,17.5786,5216
401525496,2023,2,pittsburgh,cincinnati,0,-6,48,-3.2207,51.8893,0.43213,0.42203,0.6978,-2.5229,0.43651,12.998,12.7269,-0.08111,18.9145,17.438,5216
401524002,2023,2,texas-tech,oregon,0,-8,68,-6.051,60.5995,0.3745,0.36548,-3.4279,-9.4789,0.30021,13.0791,12.7837,-0.08515,19.0515,17.4932,5216
401525827,2023,2,boise-state,ucf,0,-2,34,0.8425,56.003,0.51675,0.50719,-1.4072,-0.5647,0.47765,13.0697,12.7357,-0.08362,18.9961,17.4694,5216
401520206,2023,2,missouri,middle-tennessee,0,4,42,4.2445,52.9275,0.58163,0.57832,5.0791,9.3236,0.67926,13.0983,12.6762,-0.0808,18.9495,17.4762,5216
401520192,2023,2,georgia-state,uconn,0,21,49,13.7167,55.2293,0.77725,0.75827,0.2798,13.9965,0.76288,13.1616,12.4906,-0.08057,18.8609,17.3997,5216
401525831,2023,2,rice,houston,0,2,84,-9.5942,59.2767,0.30938,0.29747,-3.8645,-13.4588,0.2311,12.9996,12.8017,-0.08286,18.9856,17.4727,5216
401520183,2023,2,alabama,texas,0,-10,58,12.5398,63.5648,0.75275,0.73604,1.9409,14.4806,0.7682,13.185,12.7151,-0.08452,19.0751,17.5265,5216
401520187,2023,2,coastal-carolina,jacksonville-state,0,14,46,0.9615,57.703,0.52025,0.50896,5.478,6.4395,0.61371,13.1067,14.7843,-0.08264,20.5521,18.9298,5216
401531427,2023,2,arkansas-state,memphis,0,-34,40,-11.8085,63.349,0.26362,0.25907,-2.6488,-14.4573,0.21614,13.0295,12.8333,-0.0847,19.047,17.4967,5216
401520205,2023,2,mississippi-state,arizona,0,7,55,11.7068,58.4993,0.73812,0.72247,1.1259,12.8327,0.74199,13.1658,12.6337,-0.08299,18.9883,17.474,5216
401520217,2023,2,washington-state,wisconsin,0,9,53,-3.725,51.924,0.41987,0.41167,-3.1975,-6.9225,0.34746,12.9676,12.7544,-0.08268,18.9258,17.4208,5216
401524001,2023,2,san-diego-state,ucla,0,-25,45,-1.2125,49.244,0.473,0.46377,-5.9344,-7.1469,0.34234,12.9486,12.6915,-0.07873,18.8313,17.4031,5216
401520200,2023,2,maryland,charlotte,0,18,58,9.7442,61.1363,0.70588,0.68616,2.4841,12.2283,0.73083,13.1736,12.7188,-0.0835,19.0602,17.5309,5216
401520204,2023,2,minnesota,eastern-michigan,0,19,31,12.6023,52.2173,0.7565,0.74023,5.0026,17.6048,0.81867,13.149,12.4114,-0.08009,18.7904,17.3435,5216
401520210,2023,2,rutgers,temple,0,29,43,2.9653,46.4502,0.55688,0.55227,1.5551,4.5204,0.58484,12.9946,12.5514,-0.07853,18.762,17.343,5216
401520211,2023,2,sam-houston,air-force,1,-10,16,-5.974,50.32,0.37775,0.37577,4.5663,-1.4077,0.46283,15.0963,12.7494,-0.07183,20.4473,19.0472,5216
401525493,2023,2,florida-state,southern-miss,0,53,79,11.3537,51.5532,0.733,0.71776,6.4599,17.8136,0.82099,13.1642,12.4476,-0.08112,18.8368,17.3682,5216
401520186,2023,2,california,auburn,0,-4,24,-4.7175,46.2085,0.397,0.38989,-1.7056,-6.4231,0.35532,12.7527,12.6995,-0.07502,18.6603,17.3092,5216
401523998,2023,2,arizona-state,oklahoma-state,0,-12,42,-2.4355,49.2185,0.44788,0.4381,0.5988,-1.8367,0.45066,12.9248,12.7185,-0.07991,18.8436,17.3935,5216
401524003,2023,2,usc,stanford,0,46,66,12.9005,60.683,0.75887,0.74283,3.5352,16.4357,0.79898,13.1674,12.6639,-0.08359,19.0166,17.4894,5216
401531428,2023,3,memphis,navy,0,4,52,8.4797,55.6988,0.67912,0.66299,11.906,20.3857,0.85274,13.1037,12.592,-0.08974,18.9706,17.3393,5384
401531396,2023,3,utsa,army,0,-8,66,2.8483,55.4297,0.55788,0.54928,10.9119,13.7601,0.75782,13.0502,12.6438,-0.08906,18.9621,17.3431,5384
401520231,2023,3,maryland,virginia,0,28,56,2.6545,58.469,0.55312,0.54502,1.1975,3.852,0.56983,13.094,12.7183,-0.08927,19.051,17.4205,5384
401532581,2023,3,air-force,utah-state,0,18,60,10.385,51.796,0.71288,0.70014,-8.2808,2.1042,0.53394,13.096,12.4275,-0.08856,18.8354,17.2372,5384
401520236,2023,3,missouri,kansas-state,0,3,57,-5.3155,49.24,0.38875,0.37792,2.6476,-2.6679,0.43275,12.7355,12.6603,-0.08465,18.7023,17.1808,5384
401520249,2023,3,wisconsin,georgia-southern,0,21,49,16.5375,53.401,0.8195,0.80438,6.1716,22.7091,0.88245,13.1521,12.2222,-0.08565,18.7055,17.1705,5384
401520222,2023,3,buffalo,liberty,0,-28,82,-0.3562,55.4082,0.49375,0.482,-0.6496,-1.0058,0.46837,13.0224,12.686,-0.08928,18.974,17.3499,5384
401520226,2023,3,illinois,penn-state,0,-17,43,-6.7945,45.216,0.3545,0.34644,-4.3135,-11.108,0.26485,12.4804,12.6442,-0.08082,18.47,17.0332,5384
401525504,2023,3,old-dominion,wake-forest,0,-3,51,-6.541,57.9395,0.36338,0.355,-4.9479,-11.4889,0.26331,12.9589,12.7095,-0.08816,18.9342,17.3328,5384
401525838,2023,3,ohio,iowa-state,0,3,17,-5.3457,51.6797,0.38613,0.37792,-5.6271,-10.9728,0.27084,12.8078,12.6923,-0.08702,18.7996,17.2291,5384
401520235,2023,3,mississippi-state,lsu,0,-27,55,-4.7843,58.6007,0.40213,0.39044,-2.9063,-7.6906,0.33317,13.0149,12.7086,-0.09055,18.996,17.3477,5384
401520230,2023,3,indiana,louisville,1,-7,35,-6.8948,56.8672,0.35862,0.34811,-1.2647,-8.1595,0.32376,12.9402,12.7312,-0.08863,18.9403,17.33,5384
401525500,2023,3,boston-college,florida-state,0,-2,60,-7.2385,53.8315,0.34825,0.34082,-2.1861,-9.4246,0.2994,12.8248,12.7462,-0.0884,18.8638,17.2638,5384
401526834,2023,3,eastern-michigan,umass,0,2,36,22.0175,58.435,0.88438,0.87475,-3.5817,18.4358,0.83093,13.1879,12.1914,-0.08732,18.7251,17.1601,5384
401525437,2023,3,notre-dame,central-michigan,0,24,58,17.579,55.1385,0.83475,0.81878,10.2194,27.7984,0.92726,13.1488,12.265,-0.08791,18.7531,17.1746,5384
401524009,2023,3,oregon-state,san-diego-state,0,17,35,8.1055,46.266,0.6725,0.65837,4.0457,12.1512,0.73404,13.0075,12.285,-0.08553,18.64,17.1108,5384
401520223,2023,3,duke,northwestern,0,24,52,5.8365,47.7715,0.622,0.61187,-0.7024,5.1341,0.59746,13.0297,12.4457,-0.08614,18.7778,17.2259,5384
401525842,2023,3,tulsa,oklahoma,0,-49,83,-11.4022,63.7987,0.27175,0.2656,-6.9275,-18.3298,0.16094,12.976,12.7519,-0.09164,19.0082,17.3395,5384
401531412,2023,3,appalachian-state,east-carolina,0,15,71,12.032,58.5955,0.73925,0.72828,-0.8809,11.1511,0.71267,13.1447,12.5673,-0.08927,18.9793,17.3558,5384
401520243,2023,3,rutgers,virginia-tech,0,19,51,-4.2443,44.2882,0.409,0.39893,-0.0482,-4.2925,0.39792,12.5594,12.6354,-0.08099,18.5229,17.0788,5384
401520246,2023,3,uconn,fiu,0,-7,41,-13.7125,66.785,0.2285,0.22741,-0.0486,-13.7611,0.22664,12.9894,12.7616,-0.09055,19.0158,17.3656,5384
401520244,2023,3,south-florida,alabama,0,-14,20,-23.925,62.7885,0.103,0.09472,-7.4555,-31.3805,0.04338,12.4911,12.7734,-0.08545,18.6133,17.0856,5384
401520239,2023,3,north-carolina,minnesota,0,18,44,-2.3645,55.248,0.45262,0.44,3.1371,0.7726,0.50573,12.9981,12.7013,-0.09008,18.9741,17.3359,5384
401520225,2023,3,georgia,south-carolina,0,10,38,20.5722,47.7657,0.87775,0.86668,4.0806,24.6529,0.90934,13.1012,11.4305,-0.0808,18.0692,16.6763,5384
401520227,2023,3,iowa,western-michigan,0,31,51,11.9153,44.6467,0.74375,0.73256,5.5232,17.4384,0.82144,13.0237,11.9635,-0.08219,18.3944,16.9449,5384
401520240,2023,3,ohio-state,western-kentucky,0,53,73,18.0918,63.6382,0.8375,0.82252,9.1837,27.2754,0.92042,13.2029,12.5339,-0.09144,19.0179,17.3538,5384
401531348,2023,3,southern-miss,tulane,0,-18,24,-5.8322,53.7883,0.38,0.36868,-2.1365,-7.9688,0.3269,12.8927,12.7075,-0.08805,18.8827,17.2873,5384
401520245,2023,3,texas-a-m,louisiana-monroe,0,44,50,18.5492,53.3362,0.8495,0.83382,11.2002,29.7494,0.94189,13.1793,12.0856,-0.08457,18.6199,17.1118,5384
401520233,2023,3,michigan-state,washington,0,-34,48,-0.6565,51.583,0.4875,0.47556,-0.0718,-0.7283,0.47404,12.949,12.6296,-0.08764,18.8639,17.2777,5384
401531403,2023,3,charlotte,georgia-state,0,-16,66,-2.9243,61.9093,0.43975,0.42868,1.0501,-1.8741,0.45041,13.0731,12.7282,-0.09017,19.0505,17.4042,5384
401531379,2023,3,uab,louisiana,0,-20,62,-0.9712,49.6977,0.48263,0.46882,-0.0378,-1.009,0.46802,12.8827,12.6161,-0.08736,18.8023,17.226,5384
401525835,2023,3,cincinnati,miami-oh,0,-7,55,14.9597,51.5542,0.794,0.78105,4.8531,19.8128,0.84992,13.0978,12.1975,-0.08485,18.6399,17.1237,5384
401520237,2023,3,nebraska,northern-illinois,0,24,46,9.8737,54.2557,0.706,0.69014,7.8411,17.7148,0.81894,13.1099,12.4908,-0.08834,18.8897,17.2904,5384
401520247,2023,3,unlv,vanderbilt,0,3,77,3.8685,55.3615,0.57875,0.57039,-5.421,-1.5525,0.45697,13.0823,12.6476,-0.08923,18.9904,17.3661,5384
401531848,2023,3,troy,james-madison,0,-2,30,-3.0935,54.4935,0.43712,0.42611,4.8913,1.7978,0.52682,12.9551,13.1987,-0.08804,19.2911,17.6616,5384
401520224,2023,3,florida,tennessee,0,13,45,0.8628,58.0973,0.52187,0.5076,0.46,1.3228,0.51724,13.0782,12.7001,-0.09063,19.0378,17.3846,5384
401532403,2023,3,toledo,san-jose-state,0,4,38,9.5578,61.2343,0.69925,0.68263,-0.3075,9.2503,0.67687,13.1408,12.6559,-0.09215,19.0658,17.3839,5384
401520229,2023,3,louisiana-tech,north-texas,0,-3,77,0.3613,60.6432,0.51138,0.49709,-0.7723,-0.411,0.48091,13.0849,12.6914,-0.09001,19.031,17.3894,5384
401525839,2023,3,oklahoma-state,south-alabama,0,-26,40,13.2273,48.4682,0.76987,0.75332,1.9774,15.2046,0.78564,13.0872,12.1296,-0.08454,18.5807,17.0752,5384
401520241,2023,3,ole-miss,georgia-tech,0,25,71,16.2465,53.259,0.81488,0.79985,0.8583,17.1048,0.81245,13.145,12.252,-0.08565,18.7213,17.1846,5384
401520220,2023,3,arkansas,byu,0,-7,69,0.0533,56.0323,0.504,0.49061,2.9378,2.9911,0.55223,13.041,12.6779,-0.08814,18.9722,17.3681,5384
401520232,2023,3,michigan,bowling-green,0,25,37,30.5805,55.2775,0.94538,0.9535,8.6002,39.1807,0.98461,13.2105,11.0991,-0.07838,17.9079,16.5748,5384
401525503,2023,3,west-virginia,pittsburgh,0,11,23,-4.1828,52.6017,0.41275,0.40204,-0.6494,-4.8321,0.38879,12.8881,12.7095,-0.08761,18.8768,17.2897,5384
401520228,2023,3,kentucky,akron,0,32,38,22.6775,50.4355,0.89275,0.88926,5.6128,28.2903,0.93724,13.1745,11.4766,-0.07861,18.1398,16.7781,5384
401520242,2023,3,purdue,syracuse,0,-15,55,4.2697,54.6003,0.58525,0.57886,1.1462,5.416,0.60237,13.0565,12.6181,-0.08875,18.9456,17.3334,5384
401520238,2023,3,new-mexico,new-mexico-state,0,-10,44,0.5462,52.6347,0.51438,0.50098,-0.0691,0.4771,0.49952,12.9909,12.6313,-0.08676,18.8888,17.3159,5384
401525840,2023,3,texas,wyoming,0,21,41,13.6155,51.234,0.7745,0.75812,10.916,24.5315,0.90027,13.1113,12.2711,-0.08793,18.7291,17.152,5384
401525836,2023,3,houston,tcu,0,-23,49,-0.2952,66.7452,0.49725,0.4834,-1.8613,-2.1566,0.4447,13.1083,12.7337,-0.09293,19.1049,17.4055,5384
401525501,2023,3,clemson,florida-atlantic,0,34,62,14.1353,50.3623,0.78125,0.7677,6.3682,20.5034,0.85833,13.0967,12.1894,-0.08628,18.6455,17.1044,5384
401524008,2023,3,oregon,hawaii,0,45,65,19.4288,61.5367,0.85713,0.84169,8.8692,28.2979,0.92931,13.1858,12.4164,-0.0893,18.9017,17.2857,5384
401524007,2023,3,colorado,colorado-state,0,8,78,2.2422,50.0547,0.54738,0.53679,5.6582,7.9005,0.65255,12.9772,12.6039,-0.08785,18.8681,17.2779,5384
401524005,2023,3,arizona-state,fresno-state,0,-29,29,1.0312,51.4168,0.5245,0.51123,2.3935,3.4247,0.56159,12.9728,12.6134,-0.0877,18.8704,17.2827,5384
401525837,2023,3,nevada,kansas,0,-7,55,1.6965,59.6645,0.53613,0.52507,-3.0837,-1.3872,0.46049,13.097,12.6903,-0.08844,19.0256,17.4119,5384
401520219,2023,3,arizona,utep,0,21,41,3.484,56.026,0.56975,0.56247,5.8379,9.3219,0.67899,13.0775,12.64,-0.08868,18.9765,17.363,5384
401531849,2023,4,coastal-carolina,georgia-state,0,-13,47,5.1095,60.786,0.6005,0.59639,0.3043,5.4138,0.60262,13.2477,12.6648,-0.06233,18.8894,17.7477,5532
401520266,2023,4,purdue,wisconsin,0,-21,55,-6.2808,50.7507,0.36988,0.35783,-1.3396,-7.6203,0.33133,12.8984,12.6604,-0.06078,18.6146,17.5158,5532
401525505,2023,4,virginia,nc-state,0,-3,45,0.325,53.4235,0.51213,0.49629,-1.4843,-1.1593,0.46484,13.1912,12.6471,-0.05846,18.8005,17.7328,5532
401532584,2023,4,san-jose-state,air-force,0,-25,65,-6.6288,50.0828,0.3595,0.35049,9.7592,3.1304,0.55634,12.8567,12.6677,-0.05794,18.5644,17.5184,5532
401532583,2023,4,san-diego-state,boise-state,0,-3,65,-3.3125,42.426,0.4335,0.41751,-2.6539,-5.9664,0.36195,12.6394,12.5243,-0.05837,18.3055,17.2665,5532
401520270,2023,4,texas-a-m,auburn,0,17,37,2.1725,47.921,0.54525,0.5357,2.9435,5.116,0.59766,13.1014,12.5381,-0.05964,18.6666,17.5857,5532
401520274,2023,4,vanderbilt,kentucky,0,-17,73,-12.6732,50.4898,0.24675,0.23696,-1.9118,-14.5851,0.20609,12.5701,12.7055,-0.05931,18.3951,17.3347,5532
401520268,2023,4,syracuse,army,0,13,45,2.8813,52.7918,0.55563,0.55052,11.6,14.4812,0.77204,13.1768,12.5955,-0.05839,18.7524,17.6888,5532
401531338,2023,4,northern-illinois,tulsa,0,-8,36,-1.1887,57.8002,0.482,0.46425,-3.1884,-4.3771,0.39777,13.1598,12.6811,-0.06071,18.8216,17.7123,5532
401520271,2023,4,troy,western-kentucky,0,3,51,-5.0868,55.8822,0.397,0.38288,-0.7065,-5.7933,0.36859,13.0731,12.6805,-0.06022,18.7528,17.656,5532
401525845,2023,4,cincinnati,oklahoma,0,-14,26,0.115,62.0615,0.50725,0.49185,-4.203,-4.088,0.40385,13.2031,12.6734,-0.06096,18.8503,17.7352,5532
401520260,2023,4,michigan,rutgers,0,24,38,25.3315,50.9155,0.91812,0.91797,4.066,29.3975,0.94732,13.2618,11.2495,-0.05362,17.8445,16.9242,5532
401525849,2023,4,tcu,smu,0,17,51,3.9933,69.8697,0.57587,0.57315,1.0264,5.0196,0.59429,13.2827,12.697,-0.06287,18.9434,17.7888,5532
401525511,2023,4,marshall,virginia-tech,0,7,41,5.94,42.7555,0.62087,0.61647,-3.0446,2.8954,0.55189,13.0441,12.2257,-0.05538,18.3651,17.3767,5532
401525507,2023,4,clemson,florida-state,0,-7,55,9.9842,52.5002,0.70488,0.69436,2.8974,12.8816,0.7465,13.2035,12.4552,-0.05699,18.6604,17.6272,5532
401532406,2023,4,toledo,western-michigan,0,18,80,9.6007,61.3177,0.69762,0.68528,1.8199,11.4207,0.7187,13.2523,12.6292,-0.06163,18.8613,17.7338,5532
401531871,2023,4,ball-state,georgia-southern,0,-37,43,1.7445,56.8075,0.53713,0.52637,-0.2498,1.4947,0.52108,13.1835,12.6557,-0.0601,18.8156,17.7177,5532
401520261,2023,4,michigan-state,maryland,0,-22,40,4.9275,53.353,0.597,0.59338,1.1698,6.0973,0.6174,13.1931,12.5705,-0.05776,18.7413,17.6895,5532
401524015,2023,4,oregon,colorado,0,36,48,19.2432,57.7022,0.8535,0.8433,3.0934,22.3366,0.8799,13.2701,12.2796,-0.05767,18.5924,17.5525,5532
401524017,2023,4,utah,ucla,0,7,21,12.4332,59.5897,0.74688,0.73707,-0.5707,11.8625,0.72708,13.2573,12.5633,-0.06093,18.812,17.7001,5532
401520250,2023,4,alabama,ole-miss,0,14,34,14.492,60.0045,0.78263,0.77144,4.9266,19.4186,0.84265,13.2704,12.5476,-0.06164,18.8169,17.6923,5532
401532405,2023,4,bowling-green,ohio,0,-31,45,-8.1638,53.3158,0.3295,0.32119,1.045,-7.1188,0.3415,12.9164,12.6944,-0.06128,18.6568,17.5466,5532
401520255,2023,4,illinois,florida-atlantic,0,6,40,5.1677,48.7022,0.60362,0.59872,0.9185,6.0863,0.61762,13.1575,12.4885,-0.05918,18.6689,17.5964,5532
401520263,2023,4,nebraska,louisiana-tech,0,14,42,8.296,55.271,0.6725,0.66111,6.2958,14.5918,0.77368,13.2362,12.5521,-0.05811,18.7632,17.7043,5532
401525850,2023,4,west-virginia,texas-tech,0,7,33,-0.1393,56.6778,0.50375,0.48644,-0.5324,-0.6716,0.47516,13.1693,12.6693,-0.05932,18.8078,17.7242,5532
401526835,2023,4,umass,new-mexico,0,-3,65,-6.356,52.701,0.3695,0.35689,3.6144,-2.7416,0.43116,12.9712,12.6862,-0.06141,18.6923,17.5779,5532
401520272,2023,4,uconn,duke,0,-34,48,-9.0305,53.278,0.31588,0.30452,-2.5823,-11.6128,0.25784,12.9047,12.7083,-0.05858,18.6345,17.5733,5532
401525847,2023,4,kansas,byu,0,11,65,-6.7103,59.9718,0.3615,0.35076,1.0718,-5.6385,0.3721,13.1413,12.7116,-0.05872,18.8121,17.7387,5532
401525506,2023,4,louisville,boston-college,0,28,84,9.915,55.684,0.70138,0.6919,1.784,11.699,0.72448,13.2586,12.5356,-0.05986,18.7838,17.6927,5532
401525846,2023,4,iowa-state,oklahoma-state,0,7,61,2.93,47.809,0.55437,0.55197,-0.2074,2.7226,0.54755,13.0815,12.4998,-0.05711,18.6023,17.5697,5532
401520269,2023,4,tennessee,utsa,0,31,59,11.6885,60.151,0.73188,0.72403,4.6827,16.3712,0.80061,13.2774,12.5643,-0.05883,18.809,17.7348,5532
401531423,2023,4,south-florida,rice,0,13,71,3.4133,55.6107,0.564,0.56163,2.965,6.3782,0.62285,13.1965,12.6272,-0.05748,18.7816,17.7324,5532
401520257,2023,4,jacksonville-state,eastern-michigan,0,21,21,6.1297,53.5187,0.61012,0.61024,-2.8452,3.2846,0.55506,14.9569,12.5828,-0.05952,20.1106,18.964,5532
401531876,2023,4,south-alabama,central-michigan,0,-4,64,1.2487,51.1363,0.52963,0.51596,4.0463,5.295,0.60111,13.1109,12.5999,-0.05926,18.7145,17.6373,5532
401520275,2023,4,fiu,liberty,0,-32,44,3.122,69.0975,0.56075,0.55511,2.9859,6.1079,0.61653,13.2662,12.6953,-0.06196,18.9218,17.7846,5532
401525508,2023,4,wake-forest,georgia-tech,0,-14,46,13.7855,60.161,0.77312,0.7601,-2.0355,11.75,0.7252,13.2742,12.5564,-0.05884,18.8012,17.7271,5532
401520251,2023,4,florida,charlotte,0,15,29,18.8337,59.9688,0.8465,0.83641,5.5142,24.348,0.89876,13.291,12.4042,-0.05948,18.7117,17.6325,5532
401520262,2023,4,middle-tennessee,colorado-state,0,-8,54,7.6795,50.289,0.6585,0.64983,1.4059,9.0854,0.67732,13.2065,12.4442,-0.05701,18.655,17.6219,5532
401531874,2023,4,arkansas-state,southern-miss,0,7,81,-0.6835,55.326,0.49188,0.47487,1.1812,0.4977,0.49995,13.1461,12.6552,-0.05865,18.7747,17.7047,5532
401531870,2023,4,wyoming,appalachian-state,0,3,41,-6.2587,50.8473,0.37125,0.35829,-3.4009,-9.6596,0.29263,12.9064,12.6649,-0.06005,18.6174,17.5312,5532
401520254,2023,4,houston,sam-houston,0,31,45,4.4878,56.7908,0.59038,0.57807,8.1638,12.6515,0.72581,13.2055,14.6032,-0.05774,20.2462,19.1147,5532
401524019,2023,4,washington-state,oregon-state,0,3,73,2.274,59.145,0.54587,0.53749,-1.5172,0.7568,0.50544,13.2175,12.6755,-0.05954,18.8499,17.7601,5532
401520258,2023,4,lsu,arkansas,0,3,65,13.4937,59.1073,0.7685,0.75536,3.198,16.6918,0.80556,13.2475,12.5433,-0.06106,18.7915,17.6788,5532
401524016,2023,4,stanford,arizona,0,-1,41,2.5162,54.4158,0.5485,0.54276,0.442,2.9582,0.55209,13.1743,12.623,-0.05884,18.7743,17.7013,5532
401531877,2023,4,texas-state,nevada,0,11,59,1.5083,50.7987,0.534,0.52147,0.2748,1.7831,0.52731,13.116,12.6051,-0.05979,18.7267,17.6394,5532
401520265,2023,4,penn-state,iowa,0,31,31,8.7338,40.7557,0.68737,0.67502,3.1422,11.876,0.73467,13.0704,11.8865,-0.05487,18.1431,17.1777,5532
401531875,2023,4,louisiana,buffalo,0,7,83,11.295,53.471,0.723,0.71858,3.4066,14.7016,0.77674,13.21,12.4196,-0.05878,18.6557,17.5916,5532
401520267,2023,4,south-carolina,mississippi-state,0,7,67,-0.1485,53.127,0.50213,0.48622,0.3178,0.1693,0.49297,13.126,12.652,-0.05988,18.7683,17.677,5532
401525844,2023,4,baylor,texas,0,-32,44,1.8562,58.2562,0.54037,0.52873,-4.4679,-2.6117,0.43433,13.1986,12.652,-0.0594,18.8179,17.7324,5532
401520256,2023,4,indiana,akron,0,2,56,16.9235,53.1875,0.82437,0.81217,4.4168,21.3403,0.86953,13.2589,12.1823,-0.06022,18.5381,17.4572,5532
401521330,2023,4,notre-dame,ohio-state,0,-3,31,-7.2755,61.235,0.34863,0.33982,-1.977,-9.2525,0.30225,13.1525,12.7027,-0.0604,18.829,17.7247,5532
401520252,2023,4,georgia,uab,0,28,70,20.4058,48.1933,0.87675,0.86615,9.5803,29.986,0.94968,13.2232,11.4843,-0.05204,17.9596,17.0569,5532
401520259,2023,4,missouri,memphis,1,7,61,-5.7063,55.9073,0.38375,0.3706,2.4414,-3.2649,0.4206,13.0857,12.6895,-0.06279,18.7913,17.6467,5532
401520264,2023,4,northwestern,minnesota,0,3,71,-11.3287,43.4528,0.26338,0.2558,0.3309,-10.9979,0.26174,12.1498,12.653,-0.05557,18.0223,17.0478,5532
401531872,2023,4,utah-state,james-madison,0,-7,83,-4.1792,55.8653,0.41887,0.40333,4.5481,0.3688,0.49726,13.1196,13.1483,-0.05952,19.119,18.0129,5532
401525848,2023,4,kansas-state,ucf,0,13,75,3.7943,52.6347,0.5745,0.5698,-0.7212,3.0731,0.55463,13.1616,12.5857,-0.05813,18.7319,17.674,5532
401525510,2023,4,pittsburgh,north-carolina,0,-17,65,3.734,57.5085,0.56962,0.56811,-1.9983,1.7357,0.52613,13.2363,12.6547,-0.05963,18.8499,17.7586,5532
401520273,2023,4,utep,unlv,0,-17,73,4.051,55.148,0.58025,0.57498,0.4782,4.5292,0.58493,13.194,12.6211,-0.05816,18.7815,17.7202,5532
401532407,2023,4,fresno-state,kent-state,0,43,63,10.4202,56.4093,0.71013,0.70162,3.4562,13.8764,0.7622,13.2304,12.5261,-0.05925,18.7506,17.6722,5532
401524014,2023,4,arizona-state,usc,0,-14,70,-4.8807,58.5887,0.40287,0.38759,-4.0852,-8.966,0.30768,13.1577,12.7043,-0.0611,18.8402,17.7228,5532
401524018,2023,4,washington,california,0,27,91,8.6558,46.0733,0.68125,0.67056,1.3291,9.9849,0.69617,13.1488,12.2505,-0.05689,18.4741,17.454,5532
401520253,2023,4,hawaii,new-mexico-state,0,3,37,6.149,61.957,0.62213,0.6177,0.5466,6.6956,0.62871,13.2257,12.646,-0.06287,18.8645,17.7146,5532
401520277,2023,5,western-kentucky,middle-tennessee,0,21,41,10.5647,56.5142,0.7095,0.7085,0.0623,10.627,0.70967,12.9702,12.4115,-0.04288,18.3324,17.5632,5664
401531339,2023,5,tulsa,temple,0,22,74,8.4085,52.392,0.67363,0.66744,-0.6503,7.7582,0.65441,12.9483,12.3657,-0.04133,18.2703,17.531,5664
401520276,2023,5,sam-houston,jacksonville-state,0,-7,63,-0.5545,47.161,0.49313,0.47919,0.2498,-0.3047,0.48412,14.2669,13.802,-0.0365,20.2093,19.4851,5664
401525512,2023,5,nc-state,louisville,0,-3,23,-1.4355,53.24,0.47537,0.45789,-0.8226,-2.2581,0.44011,12.8377,12.5169,-0.0421,18.3032,17.5485,5664
401520278,2023,5,utep,louisiana-tech,0,-14,34,-0.0783,56.1368,0.50388,0.48742,-1.0271,-1.1054,0.46512,12.8921,12.5141,-0.04193,18.3396,17.5864,5664
401524020,2023,5,oregon-state,utah,0,14,28,-6.729,55.0895,0.35862,0.34604,-1.3179,-8.0469,0.31981,12.7745,12.5321,-0.04045,18.2536,17.5297,5664
401525851,2023,5,byu,cincinnati,0,8,62,-4.1385,52.7675,0.41925,0.39969,-1.6606,-5.7991,0.36499,12.7841,12.5168,-0.04058,18.2508,17.5247,5664
401520284,2023,5,minnesota,louisiana,0,11,59,4.3388,48.5452,0.58913,0.58359,3.134,7.4728,0.6493,12.8689,12.3523,-0.03938,18.1854,17.4834,5664
401520287,2023,5,northwestern,penn-state,0,-28,54,-18.2088,43.3008,0.14775,0.13638,-3.802,-22.0108,0.09348,11.1888,12.5516,-0.02944,17.0588,16.5669,5664
401520279,2023,5,arkansas,texas-a-m,1,-12,56,-7.279,50.9595,0.3445,0.33421,-3.7034,-10.9824,0.26361,12.6482,12.5564,-0.03839,18.1614,17.477,5664
401520292,2023,5,uconn,utah-state,0,-1,67,-10.4322,53.1617,0.2865,0.27324,0.9297,-9.5025,0.29056,12.601,12.5522,-0.03889,18.1286,17.4367,5664
401531880,2023,5,james-madison,south-alabama,0,8,54,9.2327,51.6003,0.68675,0.68106,-6.6314,2.6013,0.54509,13.3808,12.3149,-0.04106,18.5536,17.8093,5664
401531370,2023,5,tulane,uab,0,12,58,4.504,53.722,0.59125,0.58642,1.2201,5.7241,0.61213,12.9163,12.4715,-0.04325,18.3385,17.5623,5664
401525514,2023,5,syracuse,clemson,0,-17,45,-9.814,50.332,0.30088,0.28379,-5.8333,-15.6473,0.18541,12.5065,12.5394,-0.03796,18.0431,17.3707,5664
401524023,2023,5,colorado,usc,0,-7,89,-13.301,61.9435,0.2305,0.22573,-3.505,-16.806,0.17253,12.7864,12.6019,-0.04227,18.3282,17.5692,5664
401532412,2023,5,akron,buffalo,0,-3,23,-11.0765,55.9915,0.26813,0.26268,2.8286,-8.2479,0.31564,12.6784,12.5846,-0.04119,18.228,17.492,5664
401520282,2023,5,kentucky,florida,0,19,47,-0.3545,49.298,0.49675,0.48131,-1.9895,-2.344,0.43802,12.7972,12.4837,-0.04016,18.2329,17.5151,5664
401532410,2023,5,central-michigan,eastern-michigan,0,3,49,3.9453,54.2263,0.57975,0.57453,-0.8439,3.1014,0.55642,12.916,12.4797,-0.04204,18.3335,17.5787,5664
401525513,2023,5,boston-college,virginia,0,3,51,-0.8897,55.8828,0.48675,0.46985,0.5229,-0.3669,0.48118,12.894,12.5493,-0.04259,18.3718,17.6055,5664
401532413,2023,5,kent-state,miami-oh,0,-20,26,-1.2303,55.2318,0.47875,0.46237,-0.6615,-1.8918,0.44805,12.8595,12.5219,-0.04139,18.3165,17.5738,5664
401524022,2023,5,california,arizona-state,0,3,45,1.7338,43.9113,0.5405,0.52729,-0.0034,1.7303,0.52722,12.7083,12.3089,-0.03728,18.0187,17.3593,5664
401525855,2023,5,texas-tech,houston,0,21,77,1.4757,62.9552,0.5325,0.5211,0.456,1.9318,0.53094,12.9709,12.5434,-0.04454,18.4411,17.6377,5664
401532411,2023,5,toledo,northern-illinois,0,2,68,12.575,61.9585,0.74875,0.74409,2.7593,15.3343,0.78985,12.9986,12.4738,-0.04394,18.4068,17.6156,5664
401525515,2023,5,georgia-tech,bowling-green,0,-11,65,7.6105,51.091,0.66125,0.65142,5.9492,13.5597,0.76262,12.9545,12.3612,-0.04133,18.2717,17.5323,5664
401532409,2023,5,western-michigan,ball-state,0,18,66,2.6375,54.61,0.55612,0.54641,-0.0327,2.6048,0.5457,12.9254,12.4872,-0.04074,18.3343,17.6025,5664
401531424,2023,5,navy,south-florida,0,-14,74,8.911,54.7715,0.68212,0.67688,-11.8305,-2.9195,0.42598,12.9592,12.4041,-0.04353,18.3248,17.5445,5664
401531881,2023,5,marshall,old-dominion,0,6,76,10.181,43.343,0.70825,0.70622,2.572,12.753,0.75379,12.891,11.8615,-0.03835,17.8494,17.1798,5664
401520286,2023,5,nebraska,michigan,0,-38,52,-14.0613,51.9548,0.21637,0.20851,-1.6188,-15.68,0.18357,12.3688,12.549,-0.0368,17.9413,17.2928,5664
401525856,2023,5,ucf,baylor,0,-1,71,0.1417,56.5798,0.50962,0.49221,-0.4564,-0.3147,0.48229,12.9039,12.5105,-0.04183,18.3448,17.5931,5664
401526836,2023,5,umass,arkansas-state,0,-24,80,-12.6875,62.0545,0.23975,0.23604,1.4862,-11.2013,0.26171,12.8046,12.5911,-0.04283,18.3386,17.5694,5664
401525854,2023,5,texas,kansas,0,26,54,17.324,62.827,0.8305,0.82012,5.3287,22.6527,0.88607,13.007,12.4068,-0.04449,18.3704,17.5713,5664
401520280,2023,5,auburn,georgia,0,-7,47,-10.9352,47.4783,0.26813,0.26081,-3.9302,-14.8655,0.19459,12.2694,12.5168,-0.03643,17.8437,17.2052,5664
401520283,2023,5,maryland,indiana,0,27,61,5.361,54.169,0.61025,0.60447,0.1554,5.5164,0.60772,12.9341,12.4567,-0.04409,18.3485,17.5571,5664
401520289,2023,5,purdue,illinois,0,25,63,0.1675,48.9735,0.50838,0.49272,0.7626,0.9301,0.50941,12.7995,12.4551,-0.0411,18.2226,17.4886,5664
401531429,2023,5,memphis,boise-state,0,3,67,1.4635,56.1255,0.53438,0.52094,0.8923,2.3558,0.54027,12.9109,12.488,-0.04385,18.3516,17.5642,5664
401520293,2023,5,vanderbilt,missouri,0,-17,59,-8.7195,53.5175,0.31875,0.30604,-2.1941,-10.9136,0.26507,12.6623,12.5602,-0.03911,18.1805,17.4829,5664
401532588,2023,5,wyoming,new-mexico,0,9,61,12.9007,43.0687,0.76512,0.75856,-0.6999,12.2009,0.74604,12.895,11.619,-0.03692,17.6733,17.0358,5664
401532586,2023,5,unlv,hawaii,0,24,64,1.471,59.4455,0.53325,0.52106,-1.0125,0.4585,0.4991,12.942,12.5013,-0.04357,18.3814,17.5977,5664
401520288,2023,5,ole-miss,lsu,0,6,104,-3.0658,57.0727,0.44125,0.42291,-2.7211,-5.7869,0.36585,12.8713,12.5308,-0.04202,18.337,17.5823,5664
401524024,2023,5,stanford,oregon,0,-36,48,-12.6185,54.6975,0.24125,0.23464,-3.1236,-15.7421,0.18513,12.5621,12.567,-0.0408,18.1278,17.4027,5664
401531878,2023,5,georgia-southern,coastal-carolina,0,10,66,-0.7505,59.972,0.4895,0.47293,-1.8803,-2.6308,0.4325,12.9414,12.5433,-0.04405,18.4151,17.6213,5664
401531879,2023,5,georgia-state,troy,0,-21,35,1.174,54.391,0.5285,0.51464,0.8663,2.0403,0.53343,12.8974,12.5094,-0.04398,18.3582,17.5681,5664
401531414,2023,5,rice,east-carolina,0,7,41,-3.8875,55.5265,0.42425,0.40545,-1.8454,-5.7329,0.36697,12.8401,12.5518,-0.04298,18.3376,17.5659,5664
401531883,2023,5,southern-miss,texas-state,0,-14,86,3.3665,47.9455,0.56963,0.56259,-1.1316,2.2349,0.53798,12.855,12.3731,-0.03989,18.1944,17.483,5664
401525852,2023,5,oklahoma,iowa-state,0,30,70,7.4642,58.1662,0.654,0.64763,4.6742,12.1384,0.73671,12.9516,12.48,-0.0442,18.3789,17.5842,5664
401531404,2023,5,smu,charlotte,0,18,50,14.6785,68.245,0.7835,0.77873,3.0246,17.7031,0.82426,13.0219,12.5066,-0.04581,18.4636,17.637,5664
401525438,2023,5,duke,notre-dame,0,-7,35,-13.562,55.09,0.226,0.21899,-4.7445,-18.3065,0.1498,12.5812,12.5676,-0.03944,18.1302,17.4287,5664
401520281,2023,5,iowa,michigan-state,0,10,42,5.8407,41.2283,0.62488,0.6177,-1.0393,4.8015,0.59529,12.7427,12.0122,-0.0374,17.8359,17.1819,5664
401520291,2023,5,tennessee,south-carolina,0,21,61,10.6212,54.6012,0.71088,0.70994,1.1025,11.7238,0.73022,12.9821,12.358,-0.04197,18.2955,17.5439,5664
401532589,2023,5,air-force,san-diego-state,0,39,59,7.4725,40.6435,0.65975,0.65295,-8.3598,-0.8873,0.46881,12.7654,11.8489,-0.03619,17.7285,17.0998,5664
401525516,2023,5,virginia-tech,pittsburgh,0,17,59,-3.6852,47.6882,0.428,0.40887,-1.1686,-4.8539,0.38408,12.6754,12.5177,-0.03938,18.1619,17.4604,5664
401525853,2023,5,tcu,west-virginia,0,-3,45,8.6003,57.7067,0.67638,0.67025,1.9377,10.5379,0.70747,12.9686,12.4772,-0.04361,18.3841,17.5998,5664
401531882,2023,5,louisiana-monroe,appalachian-state,0,-1,81,-14.2335,60.701,0.2155,0.21019,-3.4442,-17.6777,0.16009,12.7349,12.5948,-0.04225,18.2855,17.5286,5664
401520285,2023,5,mississippi-state,alabama,0,-23,57,-12.297,59.654,0.24462,0.24193,-5.1118,-17.4088,0.1636,12.7612,12.5768,-0.04077,18.2787,17.5482,5664
401524021,2023,5,arizona,washington,0,-7,55,-9.9575,55.7855,0.29613,0.28311,-1.2176,-11.1751,0.26095,12.7049,12.5634,-0.04106,18.2308,17.4971,5664
401532587,2023,5,fresno-state,nevada,0,18,36,12.4328,53.8833,0.7465,0.74334,1.614,14.0468,0.77098,12.9663,12.3024,-0.04316,18.2549,17.4845,5664
401520294,2023,6,middle-tennessee,jacksonville-state,0,-15,75,-0.5595,51.44,0.496,0.4784,4.9517,4.3922,0.57886,12.8887,13.9237,-0.06312,19.5612,18.3666,5782
401520297,2023,6,new-mexico-state,fiu,0,17,51,-8.8555,70.1225,0.31962,0.31021,-2.0609,-10.9164,0.27281,13.0258,12.804,-0.06966,18.8904,17.6175,5782
401520296,2023,6,liberty,sam-houston,0,5,37,5.2067,50.1722,0.60787,0.59491,1.7069,6.9137,0.62827,12.9818,13.8901,-0.06258,19.5967,18.4091,5782
401520295,2023,6,louisiana-tech,western-kentucky,0,-7,63,-8.0165,59.0495,0.334,0.3244,-1.0929,-9.1094,0.30367,12.8778,12.7458,-0.06519,18.7,17.5183,5782
401525857,2023,6,oklahoma-state,kansas-state,0,8,50,0.0753,48.8263,0.5085,0.49089,0.6418,0.717,0.50466,12.8375,12.6588,-0.0634,18.5916,17.4482,5782
401520301,2023,6,illinois,nebraska,0,-13,27,5.0365,46.4335,0.6035,0.59702,-2.5498,2.4867,0.54283,12.9061,12.4486,-0.06085,18.4686,17.3776,5782
401520304,2023,6,mississippi-state,western-michigan,0,13,69,10.1805,56.923,0.71113,0.69707,6.5425,16.723,0.8064,13.0538,12.6225,-0.06752,18.7611,17.5351,5782
401520307,2023,6,ohio-state,maryland,0,20,54,24.6963,62.4977,0.90875,0.90454,5.4897,30.186,0.94571,13.0743,12.2965,-0.06262,18.5007,17.3784,5782
401526837,2023,6,umass,toledo,0,-17,65,-23.606,64.838,0.09825,0.09663,1.2917,-22.3143,0.10911,12.5618,12.8098,-0.06663,18.5292,17.3333,5782
401520298,2023,6,army,boston-college,0,-3,51,6.4348,52.1052,0.63325,0.62491,-12.3498,-5.9151,0.36536,12.9895,12.5753,-0.06293,18.6393,17.5017,5782
401520305,2023,6,missouri,lsu,0,-10,88,-7.9992,56.2092,0.33287,0.32427,-2.7333,-10.7325,0.27347,12.8349,12.7298,-0.0641,18.6475,17.4882,5782
401520311,2023,6,wisconsin,rutgers,0,11,37,18.8802,46.3267,0.85675,0.84823,1.9996,20.8798,0.87303,13.0454,11.4841,-0.05695,17.8642,16.8819,5782
401525861,2023,6,texas,oklahoma,1,-4,64,-2.4177,65.4052,0.44975,0.43847,0.5369,-1.8808,0.44973,13.0287,12.747,-0.06872,18.843,17.59,5782
401525521,2023,6,nc-state,marshall,0,7,89,1.765,43.2575,0.5415,0.52753,4.2214,5.9864,0.61772,12.7198,12.459,-0.05853,18.3186,17.2763,5782
401532415,2023,6,buffalo,central-michigan,0,24,50,1.1847,56.3132,0.53013,0.51456,-0.6942,0.4906,0.4998,13.0023,12.6987,-0.06484,18.7544,17.5757,5782
401531389,2023,6,temple,utsa,0,-15,83,-7.3025,54.42,0.345,0.33752,-0.3808,-7.6833,0.33008,12.786,12.7341,-0.06373,18.6115,17.461,5782
401524028,2023,6,ucla,washington-state,0,8,42,1.502,61.866,0.53587,0.52119,3.4058,4.9078,0.59243,13.0383,12.7438,-0.0694,18.8537,17.5881,5782
401532416,2023,6,miami-oh,bowling-green,0,27,27,12.735,51.51,0.75287,0.74544,0.2002,12.9352,0.74889,13.0347,12.3488,-0.0654,18.5324,17.3593,5782
401532417,2023,6,ohio,kent-state,0,25,59,7.55,55.5865,0.66,0.64681,-0.5837,6.9663,0.63516,13.0239,12.6204,-0.06481,18.7138,17.5383,5782
401531884,2023,6,louisiana,texas-state,0,4,64,14.49,50.2005,0.78937,0.7766,-0.1774,14.3126,0.77371,13.0216,12.1908,-0.06296,18.3894,17.2681,5782
401532414,2023,6,eastern-michigan,ball-state,0,14,34,3.7748,52.9998,0.57712,0.56954,-0.5027,3.272,0.55895,12.9779,12.6454,-0.06401,18.6907,17.5307,5782
401525517,2023,6,clemson,wake-forest,0,5,29,13.8497,56.8547,0.77525,0.76273,5.9676,19.8174,0.84962,13.0452,12.5119,-0.06666,18.6677,17.4631,5782
401531433,2023,6,navy,north-texas,0,3,51,4.512,56.7065,0.594,0.58462,-9.0099,-4.4979,0.39502,13.0377,12.6743,-0.06572,18.7706,17.5755,5782
401532418,2023,6,akron,northern-illinois,0,-41,69,-7.0185,54.5405,0.34887,0.34311,1.7599,-5.2586,0.3785,12.8092,12.7301,-0.06207,18.6111,17.4896,5782
401520302,2023,6,iowa,purdue,0,6,34,6.8717,44.1232,0.64712,0.63589,0.4087,7.2805,0.64423,12.8775,12.283,-0.06171,18.3364,17.2389,5782
401525518,2023,6,florida-state,virginia-tech,0,22,56,10.0738,50.6202,0.70963,0.69673,2.4015,12.4752,0.74028,13.0341,12.4442,-0.06417,18.5893,17.4336,5782
401520310,2023,6,texas-a-m,alabama,0,-6,46,-8.1822,52.9767,0.32775,0.3198,-1.7001,-9.8823,0.28775,12.717,12.7353,-0.06133,18.5411,17.4369,5782
401525520,2023,6,north-carolina,syracuse,0,33,47,5.7245,58.5305,0.61875,0.60936,3.7014,9.4259,0.68237,13.0519,12.6989,-0.06781,18.8174,17.5823,5782
401531887,2023,6,troy,arkansas-state,0,34,40,10.0313,57.0738,0.70988,0.69446,-0.6332,9.398,0.68251,13.0456,12.6237,-0.06606,18.7431,17.5438,5782
401525860,2023,6,kansas,ucf,0,29,73,-8.917,61.787,0.318,0.30813,-0.4044,-9.3214,0.3006,12.9188,12.7785,-0.06931,18.7901,17.5301,5782
401531380,2023,6,uab,south-florida,0,21,91,10.4253,54.6582,0.71588,0.70256,-2.8381,7.5871,0.64792,13.0413,12.533,-0.06487,18.6643,17.4913,5782
401520299,2023,6,florida,vanderbilt,0,24,52,20.1958,54.7477,0.86638,0.85832,3.9014,24.0971,0.90066,13.0702,12.0948,-0.06306,18.359,17.2389,5782
401520309,2023,6,rice,uconn,0,-7,69,8.3065,51.522,0.67663,0.66237,-0.3449,7.9616,0.65558,13.0198,12.5226,-0.06404,18.6336,17.477,5782
401531340,2023,6,florida-atlantic,tulsa,0,3,37,6.9722,55.1218,0.64575,0.6352,1.1844,8.1567,0.65869,13.0285,12.6262,-0.06524,18.725,17.5413,5782
401524026,2023,6,arizona-state,colorado,0,-3,51,9.954,51.1985,0.71013,0.69447,-0.5802,9.3738,0.68344,13.0281,12.4577,-0.06366,18.5901,17.4431,5782
401520300,2023,6,georgia,kentucky,0,38,64,15.061,45.5215,0.802,0.79003,4.5076,19.5686,0.85456,12.9842,11.7969,-0.05935,18.0538,17.0169,5782
401531885,2023,6,louisiana-monroe,south-alabama,0,-48,62,-3.5568,53.9588,0.42763,0.41397,-3.9783,-7.535,0.33342,12.8878,12.7173,-0.06276,18.6653,17.5286,5782
401531886,2023,6,southern-miss,old-dominion,0,-4,30,2.1375,48.934,0.548,0.53506,1.5582,3.6957,0.56817,12.896,12.6222,-0.06372,18.611,17.4609,5782
401520303,2023,6,minnesota,michigan,0,-42,62,-7.2482,49.9718,0.345,0.33716,-3.988,-11.2362,0.26222,12.6294,12.6971,-0.05998,18.4379,17.3632,5782
401520308,2023,6,ole-miss,arkansas,0,7,47,8.8735,57.2245,0.685,0.67241,0.4769,9.3504,0.68154,13.0469,12.6299,-0.06627,18.7504,17.547,5782
401525439,2023,6,louisville,notre-dame,0,13,53,-5.8955,56.094,0.37312,0.36601,-2.4034,-8.2989,0.31878,12.8916,12.7186,-0.06361,18.6766,17.5242,5782
401532591,2023,6,wyoming,fresno-state,0,5,43,-2.9217,46.7138,0.439,0.42638,-4.1177,-7.0394,0.34129,12.6866,12.6478,-0.05919,18.4367,17.3759,5782
401532590,2023,6,utah-state,colorado-state,0,20,68,7.017,52.497,0.64825,0.63656,0.4184,7.4354,0.64494,13.0054,12.5737,-0.06396,18.6589,17.502,5782
401525858,2023,6,baylor,texas-tech,0,-25,53,9.7333,58.2668,0.7015,0.68862,-0.3088,9.4244,0.68278,13.0358,12.6529,-0.06745,18.7692,17.5436,5782
401525859,2023,6,iowa-state,tcu,0,13,41,3.5555,55.4715,0.57063,0.56476,-2.4573,1.0982,0.51273,13.0085,12.6701,-0.06516,18.7411,17.5577,5782
401532592,2023,6,boise-state,san-jose-state,0,8,62,11.6282,53.1418,0.73362,0.7252,1.2545,12.8827,0.74723,13.0204,12.4603,-0.06502,18.5981,17.4267,5782
401524027,2023,6,california,oregon-state,0,-12,92,-3.3158,49.4868,0.43225,0.41857,0.5314,-2.7843,0.42978,12.7739,12.6983,-0.0621,18.5624,17.4434,5782
401524025,2023,6,usc,arizona,0,2,84,15.493,64.163,0.79863,0.78748,3.9771,19.4701,0.84359,13.0619,12.654,-0.06812,18.7951,17.5562,5782
401520313,2023,7,middle-tennessee,louisiana-tech,0,8,54,4.3785,55.609,0.59488,0.58277,1.0306,5.4091,0.60431,13.0875,12.4718,-0.05392,18.5588,17.5848,5882
401531888,2023,7,appalachian-state,coastal-carolina,0,-3,51,8.391,60.8785,0.68225,0.66375,0.0355,8.4265,0.66445,13.1526,12.5138,-0.05732,18.6669,17.6272,5882
401520312,2023,7,jacksonville-state,liberty,0,-18,44,2.6468,52.3178,0.55725,0.54417,-1.9567,0.6901,0.50392,14.1587,12.4552,-0.05313,19.3478,18.3537,5882
401520314,2023,7,fiu,utep,0,-13,41,8.8505,65.503,0.69188,0.67248,2.0486,10.8991,0.71102,13.161,12.5282,-0.05815,18.6907,17.635,5882
401520315,2023,7,new-mexico-state,sam-houston,0,14,40,-6.3468,51.2617,0.37138,0.36127,2.6319,-3.7149,0.41349,12.7933,13.7953,-0.05064,19.2835,18.3331,5882
401525862,2023,7,houston,west-virginia,0,2,80,4.4102,57.6893,0.59637,0.58329,0.0764,4.4866,0.5849,13.0954,12.4981,-0.05481,18.5912,17.5998,5882
401531415,2023,7,east-carolina,smu,0,-21,41,-5.149,63.74,0.39537,0.381,-2.8541,-8.0031,0.32424,13.0823,12.5876,-0.05559,18.6521,17.6433,5882
401531371,2023,7,memphis,tulane,0,-10,52,4.444,58.3855,0.5945,0.58396,1.6934,6.1374,0.61908,13.1137,12.4862,-0.05543,18.6018,17.599,5882
401532594,2023,7,utah-state,fresno-state,0,-5,69,-3.8457,54.8058,0.42013,0.40729,-2.2661,-6.1118,0.36062,12.9759,12.53,-0.0554,18.5308,17.5317,5882
401524029,2023,7,colorado,stanford,0,-3,89,0.3317,51.5973,0.51125,0.49637,0.0302,0.3619,0.49702,12.9887,12.4821,-0.05321,18.4868,17.5287,5882
401520316,2023,7,alabama,arkansas,0,3,45,19.9065,59.6845,0.86513,0.85379,5.4035,25.31,0.91085,13.1578,12.2055,-0.05497,18.4325,17.4484,5882
401525863,2023,7,cincinnati,iowa-state,0,-20,40,4.7843,48.1593,0.60275,0.59217,0.4712,5.2555,0.60209,13.0119,12.3275,-0.05135,18.378,17.4586,5882
401520327,2023,7,vanderbilt,georgia,0,-17,57,-26.4293,51.1517,0.06588,0.05833,-6.4194,-32.8487,0.02601,11.2069,12.5571,-0.04025,17.1641,16.4908,5882
401532422,2023,7,eastern-michigan,kent-state,0,14,42,4.4872,54.5798,0.59525,0.58509,0.071,4.5583,0.58659,13.0867,12.4471,-0.05502,18.5503,17.5576,5882
401520324,2023,7,rutgers,michigan-state,0,3,51,-6.1855,46.0675,0.3645,0.35639,-2.108,-8.2935,0.31412,12.5811,12.4936,-0.04916,18.1612,17.2893,5882
401531890,2023,7,james-madison,georgia-southern,0,28,54,9.0575,56.9965,0.6955,0.67471,-4.1815,4.876,0.59159,13.5582,12.435,-0.0548,18.8927,17.8878,5882
401520321,2023,7,michigan,indiana,0,45,59,23.539,53.718,0.90175,0.89995,3.2831,26.8221,0.92838,13.1534,11.6435,-0.04818,17.9817,17.1414,5882
401525524,2023,7,florida-state,syracuse,0,38,44,8.359,54.078,0.68412,0.66429,2.9359,11.2949,0.71995,13.1298,12.3762,-0.05435,18.5263,17.547,5882
401531390,2023,7,north-texas,temple,0,31,59,9.879,55.2205,0.71338,0.69373,-1.5211,8.3579,0.66433,13.1266,12.3812,-0.05337,18.5189,17.5572,5882
401520323,2023,7,purdue,ohio-state,0,-34,48,-17.9928,60.3473,0.15937,0.15691,-5.768,-23.7607,0.09318,12.6804,12.5989,-0.05493,18.3596,17.3774,5882
401532419,2023,7,ball-state,toledo,0,-7,19,-6.227,60.128,0.37012,0.35885,-1.7872,-8.0142,0.32362,13.0199,12.5628,-0.05767,18.6067,17.5635,5882
401531405,2023,7,charlotte,navy,0,-14,14,-5.1365,56.869,0.39113,0.38067,10.5404,5.4039,0.6042,12.9917,12.5386,-0.05652,18.5584,17.5382,5882
401524033,2023,7,utah,california,0,20,48,15.69,46.037,0.81488,0.80157,0.7865,16.4765,0.81356,13.0804,11.6381,-0.04894,17.9288,17.0775,5882
401525527,2023,7,virginia-tech,wake-forest,0,17,43,-2.0248,55.0872,0.45937,0.44592,0.6687,-1.356,0.46019,13.0547,12.527,-0.05316,18.5671,17.6058,5882
401520322,2023,7,penn-state,umass,0,63,63,37.9147,55.7717,0.9845,0.98691,5.5537,43.4685,0.99467,13.1709,9.9359,-0.0417,16.8258,16.1641,5882
401532420,2023,7,central-michigan,akron,0,7,27,17.1393,54.2968,0.82988,0.81762,-2.1344,15.0048,0.78526,13.1531,12.0984,-0.0555,18.3587,17.3699,5882
401524034,2023,7,washington,oregon,0,3,69,-1.0522,56.3058,0.48038,0.46665,-2.3479,-3.4002,0.41672,13.0585,12.5042,-0.05233,18.5464,17.6009,5882
401520317,2023,7,army,troy,0,-19,19,2.683,50.216,0.56137,0.54712,-8.624,-5.941,0.36344,13.0121,12.408,-0.05197,18.4405,17.5069,5882
401520326,2023,7,tennessee,texas-a-m,0,7,33,5.0107,51.4783,0.60713,0.59621,-1.9914,3.0193,0.5541,13.0596,12.435,-0.05492,18.5208,17.5312,5882
401520325,2023,7,south-carolina,florida,0,-2,80,-4.1785,50.58,0.41337,0.39978,-1.5626,-5.7411,0.3674,12.852,12.5197,-0.05451,18.4244,17.4463,5882
401520320,2023,7,maryland,illinois,0,-3,51,0.6405,49.2825,0.51713,0.50304,1.0408,1.6813,0.52551,12.9488,12.4596,-0.05576,18.4636,17.462,5882
401532421,2023,7,buffalo,bowling-green,0,-10,38,11.4485,54.014,0.737,0.72289,-1.9284,9.5201,0.68697,13.1304,12.3169,-0.05739,18.5116,17.4801,5882
401532423,2023,7,western-michigan,miami-oh,0,-13,55,-0.399,52.82,0.49488,0.48061,-0.1204,-0.5194,0.47802,12.9871,12.4946,-0.0529,18.4918,17.5389,5882
401531420,2023,7,south-florida,florida-atlantic,0,-42,70,-6.1565,55.776,0.36788,0.3596,0.7654,-5.3911,0.37517,12.9524,12.5313,-0.05539,18.5143,17.5162,5882
401525864,2023,7,oklahoma-state,kansas,0,7,71,12.6097,57.4222,0.759,0.74299,0.325,12.9347,0.7486,13.1381,12.3753,-0.05719,18.5568,17.5259,5882
401525865,2023,7,tcu,byu,0,33,55,4.251,59.4015,0.59125,0.5798,3.6467,7.8977,0.65437,13.1061,12.516,-0.05647,18.6265,17.6038,5882
401520328,2023,7,wisconsin,iowa,0,-9,21,6.0537,39.8342,0.63575,0.6217,0.9308,6.9846,0.64129,12.8326,11.904,-0.04803,17.918,17.0794,5882
401532424,2023,7,northern-illinois,ohio,0,10,36,-3.0343,55.3477,0.43488,0.42446,0.1854,-2.8489,0.42838,12.9855,12.5334,-0.05681,18.5527,17.5276,5882
401532597,2023,7,nevada,unlv,0,-18,72,3.5813,55.2477,0.57737,0.56591,2.2005,5.7818,0.61198,13.0872,12.477,-0.05432,18.5658,17.5845,5882
401532596,2023,7,new-mexico,san-jose-state,0,-28,76,-7.569,49.2885,0.33775,0.32943,-2.6302,-10.1992,0.27914,12.6822,12.5318,-0.05085,18.277,17.3701,5882
401525525,2023,7,pittsburgh,louisville,0,17,59,1.8678,55.0887,0.54525,0.52936,-0.8308,1.037,0.51154,13.0873,12.5005,-0.05276,18.5689,17.6146,5882
401524030,2023,7,washington-state,arizona,0,-38,50,12.5318,57.2488,0.758,0.7415,-2.1601,10.3717,0.70251,13.143,12.3814,-0.05761,18.5685,17.5296,5882
401531889,2023,7,georgia-state,marshall,0,17,65,-1.8142,49.9068,0.46263,0.45001,0.4004,-1.4139,0.45862,12.9033,12.4789,-0.05297,18.4195,17.4689,5882
401532598,2023,7,air-force,wyoming,0,7,61,9.8545,44.568,0.71737,0.69712,-6.4291,3.4254,0.56411,13.0344,11.948,-0.05088,18.1244,17.2279,5882
401525866,2023,7,texas-tech,kansas-state,0,-17,59,-3.33,54.114,0.43075,0.41792,1.4864,-1.8436,0.44955,12.9671,12.5097,-0.05234,18.4829,17.5401,5882
401531891,2023,7,texas-state,louisiana-monroe,0,1,41,5.9193,54.6688,0.6275,0.61479,2.8218,8.741,0.6714,13.086,12.4665,-0.05577,18.5702,17.5631,5882
401520319,2023,7,lsu,auburn,0,30,66,7.1132,55.9292,0.65612,0.63903,2.4381,9.5514,0.68689,13.1046,12.4644,-0.05591,18.5838,17.5735,5882
401524031,2023,7,notre-dame,usc,0,28,68,7.3628,61.5703,0.66175,0.64366,-0.4883,6.8744,0.63385,13.143,12.4942,-0.05616,18.6356,17.6182,5882
401520318,2023,7,kentucky,missouri,0,-17,59,7.2812,49.1878,0.66087,0.64385,-0.2822,6.999,0.63812,13.054,12.2801,-0.05277,18.3882,17.4439,5882
401525523,2023,7,duke,nc-state,0,21,27,-1.0688,50.8272,0.48063,0.4662,-1.5185,-2.5872,0.43371,12.9735,12.4837,-0.05509,18.4933,17.5017,5882
401524032,2023,7,oregon-state,ucla,0,12,60,3.8927,62.0048,0.58413,0.57217,-1.8887,2.0041,0.53214,13.1119,12.5295,-0.05764,18.6507,17.6061,5882
401531381,2023,7,utsa,uab,0,21,61,2.0385,55.8085,0.54937,0.53305,1.9194,3.9579,0.57394,13.0559,12.4746,-0.05545,18.5508,17.5502,5882
401532593,2023,7,colorado-state,boise-state,0,1,61,-9.7942,50.2978,0.29637,0.28605,-3.1513,-12.9456,0.23028,12.6041,12.5167,-0.05218,18.2207,17.2936,5882
401532595,2023,7,hawaii,san-diego-state,0,-7,75,-4.37,47.284,0.40537,0.39464,-0.615,-4.985,0.38171,12.6899,12.4614,-0.04987,18.2234,17.3363,5882
401520330,2023,8,liberty,middle-tennessee,0,7,77,6.4408,53.8513,0.635,0.62575,-2.995,3.4457,0.56316,13.1698,12.453,-0.04519,18.5296,17.7115,5990
401531892,2023,8,south-alabama,southern-miss,0,52,58,5.8065,49.1075,0.61975,0.61357,2.2881,8.0946,0.66023,13.0921,12.3661,-0.04226,18.3849,17.625,5990
401520329,2023,8,jacksonville-state,western-kentucky,0,3,37,-3.0828,56.0113,0.43563,0.42594,-5.014,-8.0967,0.32707,14.0189,12.5254,-0.04213,19.1888,18.4017,5990
401520331,2023,8,sam-houston,fiu,0,-6,60,0.0152,62.2507,0.49788,0.49006,-4.6928,-4.6775,0.39507,14.3257,12.5529,-0.04356,19.4542,18.6316,5990
401520332,2023,8,utep,new-mexico-state,0,-21,35,5.796,55.2075,0.6195,0.61243,0.0123,5.8083,0.61268,13.1565,12.4799,-0.04538,18.5403,17.7183,5990
401531341,2023,8,tulsa,rice,0,-32,52,8.8382,56.0337,0.68825,0.67359,1.0152,9.8534,0.69309,13.1851,12.442,-0.04544,18.5353,17.7127,5990
401531893,2023,8,marshall,james-madison,0,-11,29,-0.8732,50.9633,0.48062,0.47069,5.3572,4.4839,0.58447,12.9915,12.8726,-0.04264,18.6746,17.8947,5990
401531391,2023,8,temple,smu,0,-55,55,-12.6967,61.3762,0.23613,0.2372,-3.0339,-15.7307,0.18949,12.9666,12.5754,-0.04314,18.4484,17.6694,5990
401525868,2023,8,cincinnati,baylor,0,-3,61,2.6475,53.54,0.55625,0.54624,-0.272,2.3755,0.5404,13.106,12.4815,-0.04339,18.4865,17.702,5990
401520343,2023,8,ohio-state,penn-state,0,8,32,10.546,56.444,0.72163,0.70612,2.2171,12.7631,0.74592,13.1907,12.4213,-0.0463,18.5325,17.695,5990
401520334,2023,8,arkansas,mississippi-state,0,-4,10,0.0117,58.1022,0.49862,0.4895,-0.2917,-0.28,0.48324,13.1314,12.5394,-0.04461,18.5569,17.7476,5990
401531434,2023,8,navy,air-force,0,-11,23,-5.1905,49.717,0.38313,0.37778,0.0,-5.1905,0.37778,12.8329,12.5222,-0.03936,18.2795,17.5738,5990
401525528,2023,8,georgia-tech,boston-college,0,-15,61,-0.8298,52.5002,0.48075,0.47131,1.1514,0.3216,0.49615,13.0636,12.5172,-0.04271,18.4745,17.7023,5990
401531382,2023,8,uab,memphis,0,-24,66,-2.1887,56.7473,0.4505,0.44225,-2.9135,-5.1023,0.38106,13.0818,12.532,-0.04373,18.5074,17.7157,5990
401525871,2023,8,oklahoma,ucf,0,2,60,9.6497,65.8648,0.70675,0.68839,4.3874,14.0371,0.76635,13.2213,12.5251,-0.04581,18.624,17.7907,5990
401532428,2023,8,ohio,western-michigan,0,3,37,5.6327,55.4827,0.6175,0.60907,-1.1248,4.508,0.58559,13.1457,12.4775,-0.04604,18.5364,17.7029,5990
401520337,2023,8,indiana,rutgers,0,-17,45,5.3773,49.0763,0.61375,0.60441,0.7829,6.1601,0.62068,13.1013,12.3728,-0.04496,18.4203,17.6112,5990
401532429,2023,8,bowling-green,akron,0,27,55,7.3687,52.0297,0.65863,0.64528,-0.9003,6.4685,0.62694,13.1411,12.3887,-0.04195,18.4344,17.6779,5990
401531894,2023,8,georgia-southern,louisiana-monroe,0,10,66,9.7982,60.4523,0.709,0.69135,1.5284,11.3266,0.71965,13.2266,12.4969,-0.04588,18.6087,17.775,5990
401531406,2023,8,east-carolina,charlotte,0,-3,17,7.0113,59.2562,0.64887,0.63688,0.1706,7.1818,0.64031,13.207,12.5101,-0.04514,18.5969,17.7768,5990
401520338,2023,8,iowa,minnesota,0,-2,22,2.2377,41.0613,0.54925,0.53854,0.9907,3.2284,0.56037,12.7547,12.2074,-0.03506,17.9617,17.3431,5990
401532430,2023,8,kent-state,buffalo,0,-18,30,0.171,57.695,0.50375,0.49293,1.467,1.638,0.52444,13.1212,12.5363,-0.04664,18.5653,17.7195,5990
401520333,2023,8,alabama,tennessee,0,14,54,10.6522,61.2452,0.7235,0.70744,3.6915,14.3437,0.77169,13.2091,12.496,-0.04607,18.5967,17.7601,5990
401520341,2023,8,missouri,south-carolina,0,22,46,2.0392,52.2073,0.54537,0.5332,-0.1447,1.8945,0.53008,13.0903,12.4901,-0.04273,18.4751,17.7026,5990
401520336,2023,8,illinois,wisconsin,0,-4,46,-4.7875,45.044,0.3905,0.38495,-2.1021,-6.8896,0.34135,12.6209,12.4794,-0.03731,18.077,17.4146,5990
401532425,2023,8,ball-state,central-michigan,0,7,41,-0.1227,53.4297,0.49838,0.48656,1.3466,1.2239,0.51562,13.0545,12.5213,-0.04465,18.4879,17.6807,5990
401520342,2023,8,nebraska,northwestern,0,8,26,10.6828,44.7627,0.7275,0.71345,2.0383,12.7211,0.75057,13.0995,11.9401,-0.03961,18.0708,17.3716,5990
401532426,2023,8,northern-illinois,eastern-michigan,0,7,33,0.3318,55.2523,0.50888,0.49637,-0.4693,-0.1376,0.48625,13.0852,12.5154,-0.04269,18.4889,17.7165,5990
401525872,2023,8,west-virginia,oklahoma-state,0,-14,82,-4.0765,51.0335,0.40987,0.40143,0.3122,-3.7643,0.40803,12.8987,12.513,-0.04058,18.3317,17.6026,5990
401525532,2023,8,wake-forest,pittsburgh,0,4,38,0.4728,59.2073,0.51025,0.49941,-1.8374,-1.3646,0.46003,13.1459,12.5578,-0.04438,18.5787,17.7724,5990
401524035,2023,8,oregon,washington-state,0,14,62,8.2583,58.7952,0.67737,0.66205,5.7256,13.9839,0.76626,13.179,12.495,-0.04431,18.5581,17.7544,5990
401520344,2023,8,uconn,south-florida,0,-3,45,-4.0138,55.6142,0.41275,0.40353,-2.6201,-6.6338,0.34975,13.0294,12.5463,-0.04406,18.4818,17.6853,5990
401531372,2023,8,tulane,north-texas,0,7,63,8.5233,59.4052,0.68238,0.66708,1.2026,9.7259,0.69027,13.1936,12.4931,-0.04544,18.5777,17.753,5990
401532427,2023,8,miami-oh,toledo,0,-4,38,-2.1303,58.6873,0.45175,0.44358,-1.6995,-3.8297,0.40765,13.1142,12.5346,-0.04393,18.5349,17.7386,5990
401525869,2023,8,houston,texas,0,-7,55,-6.679,63.83,0.35063,0.34951,-4.6151,-11.2941,0.26265,13.1129,12.5715,-0.04475,18.5673,17.7549,5990
401532600,2023,8,new-mexico,hawaii,0,21,63,-4.105,55.613,0.41075,0.40149,-0.6158,-4.7208,0.38865,13.026,12.5178,-0.04396,18.4582,17.6645,5990
401531397,2023,8,florida-atlantic,utsa,0,-26,46,3.07,57.4365,0.56537,0.55508,0.1533,3.2233,0.55834,13.1562,12.5169,-0.04404,18.5544,17.7554,5990
401525531,2023,8,north-carolina,virginia,0,-4,58,8.5682,61.6848,0.68237,0.66724,3.4744,12.0426,0.73186,13.2461,12.5391,-0.04707,18.6635,17.806,5990
401525867,2023,8,byu,texas-tech,0,13,41,3.0245,58.606,0.56475,0.554,-2.2414,0.7831,0.50608,13.1631,12.532,-0.04658,18.5927,17.747,5990
401531895,2023,8,old-dominion,appalachian-state,0,7,49,-9.3352,54.6038,0.30262,0.29592,-3.3122,-12.6474,0.23676,12.8502,12.5575,-0.04231,18.3432,17.5831,5990
401532599,2023,8,unlv,colorado-state,0,2,48,1.7215,53.2695,0.53775,0.52629,-1.1301,0.5914,0.50197,13.0977,12.5169,-0.045,18.5196,17.705,5990
401531896,2023,8,arkansas-state,coastal-carolina,0,-10,44,-6.4698,63.0643,0.357,0.35387,-0.5373,-7.0071,0.34318,13.1129,12.5739,-0.0472,18.5908,17.7338,5990
401520335,2023,8,auburn,ole-miss,0,-7,49,2.43,53.529,0.55288,0.54154,0.283,2.713,0.5476,13.1068,12.4948,-0.04408,18.5026,17.705,5990
401525870,2023,8,kansas-state,tcu,0,38,44,4.9902,56.3028,0.60362,0.59566,-2.8917,2.0986,0.53434,13.1562,12.4895,-0.04524,18.5457,17.7258,5990
401532602,2023,8,san-jose-state,utah-state,0,21,63,1.903,56.6495,0.54412,0.53017,1.4784,3.3814,0.56178,13.1422,12.5062,-0.04361,18.5326,17.7422,5990
401520340,2023,8,michigan-state,michigan,0,-49,49,-14.4485,52.765,0.20438,0.20378,-1.958,-16.4065,0.17446,12.5229,12.545,-0.03687,18.0495,17.3958,5990
401525530,2023,8,florida-state,duke,0,18,58,11.332,56.0365,0.73413,0.72065,2.7432,14.0752,0.76818,13.2187,12.4114,-0.04368,18.5233,17.7326,5990
401520339,2023,8,lsu,army,0,62,62,14.1742,56.8277,0.78925,0.77058,17.0806,31.2548,0.95215,13.1952,12.3426,-0.04394,18.4598,17.6676,5990
401524037,2023,8,usc,utah,0,-2,66,-4.7732,60.9517,0.39775,0.38817,3.3021,-1.4711,0.45772,13.1036,12.5475,-0.04687,18.5622,17.7124,5990
401531897,2023,8,louisiana,georgia-state,0,-3,37,9.8895,55.3345,0.711,0.69405,-0.46,9.4295,0.68528,13.1725,12.4171,-0.0452,18.5064,17.6893,5990
401532601,2023,8,san-diego-state,nevada,0,-6,6,7.9655,44.72,0.67338,0.65976,-0.573,7.3925,0.6481,13.0427,12.0982,-0.03858,18.1288,17.4443,5990
401524038,2023,8,washington,arizona-state,0,8,22,9.6513,51.9968,0.70788,0.69033,1.3257,10.977,0.71524,13.1659,12.3326,-0.04281,18.4211,17.6503,5990
401524036,2023,8,stanford,ucla,0,-35,49,-7.16,58.1425,0.34325,0.33926,-0.8038,-7.9638,0.32349,13.014,12.5627,-0.04394,18.4812,17.6867,5990
401520345,2023,9,louisiana-tech,new-mexico-state,0,-3,51,7.292,57.7895,0.67063,0.64074,1.0395,8.3315,0.66115,13.2222,12.5904,-0.06531,18.8438,17.6522,6096
401520346,2023,9,western-kentucky,liberty,0,-13,71,6.5515,56.2645,0.65488,0.626,3.0573,9.6088,0.68566,13.1915,12.6012,-0.06617,18.8363,17.6297,6096
401520347,2023,9,fiu,jacksonville-state,0,-25,57,0.7257,65.2848,0.52387,0.50459,4.9425,5.6683,0.60389,13.2157,13.6209,-0.06871,19.6194,18.3152,6096
401520348,2023,9,sam-houston,utep,0,-3,71,5.9113,46.9108,0.62975,0.61036,-2.6442,3.267,0.55697,14.0715,12.3867,-0.06138,19.309,18.167,6096
401525533,2023,9,virginia-tech,syracuse,0,28,48,0.7905,48.0995,0.52338,0.50621,0.5345,1.325,0.51762,13.0429,12.5638,-0.06325,18.6733,17.5282,6096
401531929,2023,9,georgia-southern,georgia-state,0,17,71,1.2385,57.923,0.53388,0.5156,-1.576,-0.3375,0.48231,13.1889,12.6625,-0.06657,18.8818,17.6649,6096
401531407,2023,9,charlotte,florida-atlantic,0,-22,54,-7.3662,56.1393,0.34413,0.33765,-0.5248,-7.891,0.3275,13.0188,12.7152,-0.06492,18.7792,17.5975,6096
401525875,2023,9,kansas-state,houston,0,41,41,9.3255,56.9915,0.70675,0.68025,-1.0304,8.2951,0.66046,13.2196,12.5697,-0.06696,18.8416,17.6211,6096
401525874,2023,9,kansas,oklahoma,0,5,71,-14.6765,68.081,0.21387,0.21129,-4.7917,-19.4682,0.14567,13.1205,12.7603,-0.06915,18.9243,17.6584,6096
401525878,2023,9,ucf,west-virginia,0,-13,69,8.7927,55.4808,0.6985,0.67036,-0.2329,8.5599,0.66586,13.2109,12.5397,-0.06637,18.8085,17.6006,6096
401520351,2023,9,boston-college,uconn,0,7,35,12.8805,51.4365,0.7645,0.74709,3.1394,16.0199,0.79788,13.2129,12.2848,-0.06384,18.607,17.4577,6096
401520358,2023,9,penn-state,indiana,0,9,57,20.4887,49.3438,0.87075,0.86488,3.428,23.9168,0.90175,13.2339,11.61,-0.06106,18.1299,17.0635,6096
401525536,2023,9,wake-forest,florida-state,0,-25,57,-2.376,60.2375,0.449,0.43957,-3.0702,-5.4462,0.37662,13.1564,12.7211,-0.0683,18.9151,17.6651,6096
401520359,2023,9,texas-a-m,south-carolina,0,13,47,8.171,46.437,0.69,0.66048,3.094,11.265,0.71927,13.1506,12.2797,-0.06181,18.539,17.4289,6096
401531342,2023,9,smu,tulsa,0,59,79,10.901,63.353,0.72725,0.70883,3.6843,14.5853,0.7718,13.2596,12.6184,-0.06759,18.9119,17.6755,6096
401520356,2023,9,northwestern,maryland,0,6,60,-6.2365,47.828,0.364,0.35756,-0.5293,-6.7658,0.34691,12.737,12.6445,-0.05749,18.4563,17.424,6096
401520349,2023,9,army,umass,0,-7,35,22.8305,57.3465,0.88875,0.8864,-10.7434,12.0871,0.73454,13.269,12.0556,-0.06421,18.4918,17.3454,6096
401532431,2023,9,eastern-michigan,western-michigan,0,-24,66,2.2275,53.6265,0.5525,0.5366,-0.4701,1.7574,0.52666,13.1257,12.6156,-0.06673,18.8026,17.588,6096
401525534,2023,9,nc-state,clemson,0,7,41,-10.391,46.5635,0.277,0.27505,-4.1221,-14.5131,0.20503,12.3891,12.6758,-0.05716,18.2241,17.2109,6096
401531430,2023,9,north-texas,memphis,0,-3,87,-5.9075,60.9485,0.37675,0.36718,-2.8961,-8.8036,0.31111,13.134,12.7121,-0.0672,18.8822,17.6539,6096
401520355,2023,9,nebraska,purdue,0,17,45,1.3178,51.1393,0.53363,0.51741,1.7872,3.105,0.5553,13.093,12.5885,-0.06376,18.7327,17.575,6096
401520350,2023,9,auburn,mississippi-state,0,14,40,4.981,53.05,0.61662,0.59427,0.4682,5.4492,0.60391,13.1664,12.5719,-0.0648,18.7845,17.6056,6096
401520354,2023,9,minnesota,michigan-state,0,15,39,7.2103,48.2188,0.66925,0.6406,-2.03,5.1803,0.59914,13.1429,12.3963,-0.06423,18.6368,17.4778,6096
401525535,2023,9,louisville,duke,0,23,23,8.3045,57.1855,0.68925,0.66043,2.3411,10.6456,0.70461,13.2262,12.6029,-0.06669,18.8679,17.6503,6096
401525877,2023,9,texas,byu,0,29,41,9.4885,56.92,0.7085,0.6833,6.4005,15.889,0.79291,13.2255,12.5605,-0.06767,18.8457,17.6124,6096
401531898,2023,9,appalachian-state,southern-miss,0,10,86,14.1733,55.1788,0.78313,0.7674,1.754,15.9273,0.79503,13.2339,12.3967,-0.06619,18.7225,17.5242,6096
401524044,2023,9,utah,oregon,0,-29,41,5.2368,54.3317,0.62313,0.59945,-2.8905,2.3462,0.53911,13.157,12.5888,-0.06621,18.8021,17.5969,6096
401525873,2023,9,baylor,iowa-state,0,-12,48,3.1437,50.6013,0.57275,0.55612,0.7432,3.8869,0.57175,13.0964,12.5653,-0.06517,18.7311,17.5487,6096
401531398,2023,9,utsa,east-carolina,0,14,68,7.4428,56.9098,0.67475,0.64364,0.2009,7.6437,0.6476,13.2039,12.6021,-0.06728,18.8559,17.6286,6096
401532432,2023,9,ohio,miami-oh,0,-14,46,2.1348,50.7673,0.552,0.53479,-1.2452,0.8896,0.5083,13.0913,12.57,-0.06392,18.7196,17.5599,6096
401520352,2023,9,florida,georgia,1,-23,63,-12.5023,49.0373,0.2415,0.23829,-2.5181,-15.0203,0.19776,12.4041,12.6988,-0.05887,18.2665,17.2214,6096
401525440,2023,9,notre-dame,pittsburgh,0,51,65,10.5607,52.0493,0.72375,0.70447,3.2341,13.7949,0.76115,13.2095,12.431,-0.06576,18.7248,17.5336,6096
401531373,2023,9,rice,tulane,0,-2,58,-10.0325,55.319,0.29213,0.28631,-1.347,-11.3795,0.26228,12.8899,12.7131,-0.06326,18.6682,17.5226,6096
401524041,2023,9,california,usc,0,-1,99,-5.5155,56.6825,0.383,0.37443,-4.0886,-9.6041,0.29538,13.074,12.6799,-0.06439,18.7899,17.617,6096
401531901,2023,9,louisiana-monroe,arkansas-state,0,-10,58,0.398,61.5955,0.51637,0.49785,-2.8714,-2.4734,0.43765,13.1984,12.7093,-0.06922,18.9459,17.6777,6096
401531902,2023,9,south-alabama,louisiana,0,-13,53,-4.6768,48.9622,0.39687,0.39023,1.3339,-3.3429,0.41805,12.8503,12.6403,-0.06181,18.5738,17.4593,6096
401532607,2023,9,boise-state,wyoming,0,25,39,8.6303,47.2998,0.69762,0.66953,4.5845,13.2148,0.75363,13.1284,12.2835,-0.06306,18.5358,17.404,6096
401531899,2023,9,coastal-carolina,marshall,0,28,40,1.0478,52.0277,0.5295,0.51164,0.7046,1.7524,0.52659,13.1093,12.6183,-0.0647,18.7745,17.5975,6096
401520353,2023,9,kentucky,tennessee,0,-6,60,-2.3083,52.7323,0.44988,0.44054,-1.5295,-3.8378,0.40863,13.0558,12.6619,-0.06542,18.7725,17.5826,6096
401524042,2023,9,stanford,washington,0,-9,75,-10.5243,51.9363,0.28138,0.2756,-0.7757,-11.2999,0.26177,12.7215,12.6913,-0.05973,18.4984,17.4246,6096
401531903,2023,9,texas-state,troy,0,-18,44,-4.567,48.3565,0.39913,0.39235,0.5837,-3.9833,0.4045,12.8264,12.6275,-0.06187,18.5475,17.4336,6096
401532603,2023,9,colorado-state,air-force,0,-17,43,-10.671,47.8435,0.276,0.27053,7.8623,-2.8087,0.42817,12.4566,12.6718,-0.05799,18.277,17.2463,6096
401520357,2023,9,ole-miss,vanderbilt,0,26,40,19.1855,55.7585,0.8525,0.84293,2.2062,21.3917,0.8698,13.2608,12.1888,-0.06244,18.5634,17.4422,6096
401524043,2023,9,ucla,colorado,0,12,44,14.1423,59.8173,0.78013,0.76541,0.7736,14.9158,0.77782,13.2537,12.5362,-0.06751,18.8481,17.6177,6096
401520360,2023,9,wisconsin,ohio-state,0,-14,34,-9.7898,54.6663,0.29688,0.29043,-4.4284,-14.2182,0.21484,12.8733,12.6953,-0.06253,18.6368,17.5058,6096
401525537,2023,9,georgia-tech,north-carolina,0,4,88,-9.896,57.5365,0.29562,0.29008,-1.8002,-11.6962,0.25819,12.9951,12.7581,-0.06506,18.794,17.6088,6096
401531900,2023,9,james-madison,old-dominion,0,3,57,12.2898,51.2597,0.74938,0.73356,-2.7851,9.5046,0.68307,13.5783,12.3011,-0.06508,18.9058,17.7186,6096
401525876,2023,9,oklahoma-state,cincinnati,0,32,58,-0.3335,50.689,0.501,0.48225,-0.2638,-0.5973,0.47664,13.0503,12.6068,-0.06506,18.7256,17.5452,6096
401524040,2023,9,arizona-state,washington-state,0,11,65,-2.429,51.8425,0.447,0.43782,2.052,-0.377,0.48131,13.0329,12.636,-0.06315,18.717,17.5706,6096
401532606,2023,9,fresno-state,unlv,0,7,55,12.9062,55.0332,0.762,0.74605,3.8146,16.7208,0.80667,13.2256,12.4317,-0.06575,18.7372,17.5454,6096
401532604,2023,9,nevada,new-mexico,0,10,58,8.9535,50.1975,0.70112,0.67454,1.8038,10.7573,0.70851,13.1882,12.4071,-0.06471,18.6826,17.5125,6096
401524039,2023,9,arizona,oregon-state,0,3,51,-7.9638,58.5252,0.33025,0.3264,0.6429,-7.3208,0.33881,13.0548,12.7106,-0.06611,18.813,17.6082,6096
401532605,2023,9,hawaii,san-jose-state,0,-35,35,-3.617,58.6775,0.4215,0.41348,-2.0144,-5.6314,0.37238,13.1132,12.69,-0.0653,18.8342,17.6425,6096
401532433,2023,10,central-michigan,northern-illinois,0,6,68,5.2692,55.1502,0.61675,0.60093,-0.3745,4.8947,0.59315,12.9652,12.4019,-0.08035,18.6479,17.2065,6202
401532434,2023,10,toledo,buffalo,0,18,44,9.0338,59.8293,0.69875,0.67591,3.828,12.8618,0.74569,12.9927,12.4392,-0.08112,18.7021,17.2431,6202
401532435,2023,10,bowling-green,ball-state,0,3,45,-4.425,50.527,0.402,0.39518,-0.1124,-4.5374,0.39285,12.7386,12.4767,-0.07957,18.5266,17.107,6202
401532436,2023,10,akron,kent-state,0,4,58,-9.2963,54.3942,0.29612,0.29865,1.3616,-7.9346,0.32461,12.7027,12.5152,-0.08138,18.5436,17.0913,6202
401525879,2023,10,texas-tech,tcu,0,7,63,-1.0475,61.149,0.48263,0.46716,-1.4053,-2.4528,0.43753,12.9673,12.5231,-0.08524,18.7793,17.2423,6202
401531904,2023,10,troy,south-alabama,0,18,38,4.4215,46.9555,0.59675,0.5841,-1.7401,2.6814,0.54703,12.8505,12.2734,-0.07956,18.4626,17.0492,6202
401525539,2023,10,duke,wake-forest,0,3,45,-2.333,58.6635,0.451,0.43992,0.3271,-2.0059,0.44681,12.955,12.5132,-0.08247,18.7391,17.2532,6202
401525540,2023,10,syracuse,boston-college,0,-7,27,5.9128,51.1947,0.63238,0.61472,-0.7498,5.1629,0.59919,12.9371,12.3347,-0.07815,18.5595,17.1631,6202
401532609,2023,10,wyoming,colorado-state,0,9,39,7.0057,43.3083,0.66037,0.63941,-1.4332,5.5725,0.60959,12.843,12.0022,-0.07571,18.2301,16.9014,6202
401520377,2023,10,tennessee,uconn,0,56,62,27.0577,54.7922,0.92988,0.93156,6.3841,33.4419,0.96749,13.0148,11.3313,-0.07112,17.8539,16.6375,6202
401520369,2023,10,michigan-state,nebraska,0,3,37,2.0163,47.6167,0.546,0.53271,-0.3392,1.677,0.5254,12.8157,12.3498,-0.07733,18.4727,17.0962,6202
401520376,2023,10,south-carolina,jacksonville-state,0,10,66,1.7353,48.6977,0.54225,0.52585,10.1755,11.9107,0.72537,12.8389,13.1162,-0.07773,19.0539,17.6264,6202
401520374,2023,10,ole-miss,texas-a-m,0,3,73,1.6678,48.0973,0.542,0.52515,-3.2265,-1.5588,0.45572,12.8131,12.3832,-0.07915,18.5104,17.0998,6202
401520375,2023,10,rutgers,ohio-state,0,-19,51,-25.6775,54.6185,0.07725,0.07116,-6.428,-32.1055,0.03381,11.6433,12.6364,-0.07846,17.8418,16.4971,6202
401525884,2023,10,texas,kansas-state,0,3,63,3.4447,52.3263,0.57325,0.56284,5.6455,9.0902,0.67774,12.9188,12.4093,-0.08032,18.6182,17.1794,6202
401525441,2023,10,clemson,notre-dame,0,8,54,0.98,49.6635,0.52438,0.51031,0.8961,1.8761,0.52954,12.8564,12.4116,-0.07969,18.5679,17.1437,6202
401520363,2023,10,florida,arkansas,0,-3,75,8.4505,54.2705,0.68888,0.66542,2.172,10.6225,0.70679,12.981,12.3438,-0.079,18.6063,17.1919,6202
401520365,2023,10,indiana,wisconsin,0,6,34,-11.3747,48.8062,0.24862,0.25762,-1.2167,-12.5914,0.23657,12.3589,12.5095,-0.07695,18.2489,16.8949,6202
401531392,2023,10,temple,navy,0,14,50,-7.437,49.0185,0.32963,0.33331,10.531,3.094,0.55598,12.5734,12.506,-0.07936,18.4242,17.0157,6202
401524049,2023,10,utah,arizona-state,0,52,58,14.4522,48.3537,0.79013,0.77846,0.7831,15.2353,0.79105,12.956,11.8511,-0.07354,18.1903,16.9033,6202
401525542,2023,10,virginia,georgia-tech,0,-28,62,8.3722,54.9947,0.68488,0.66323,-1.6742,6.698,0.62994,13.0029,12.4093,-0.08086,18.6858,17.2328,6202
401520361,2023,10,air-force,army,1,-20,26,7.3283,48.4742,0.66487,0.64417,0.0,7.3283,0.64417,12.9244,12.2232,-0.07853,18.4732,17.0773,6202
401531399,2023,10,north-texas,utsa,0,-8,66,-1.3535,60.781,0.472,0.46063,-1.902,-3.2555,0.42063,12.9428,12.5162,-0.08453,18.7499,17.2274,6202
401531425,2023,10,memphis,south-florida,0,9,109,16.277,60.226,0.8135,0.80178,0.0754,16.3524,0.80291,13.0129,12.298,-0.07988,18.6049,17.1758,6202
401531383,2023,10,uab,florida-atlantic,0,3,87,1.2873,51.8188,0.53263,0.51686,-2.0727,-0.7855,0.47249,12.8872,12.4452,-0.08077,18.6245,17.1771,6202
401531908,2023,10,arkansas-state,louisiana,0,20,54,-11.1913,56.4873,0.254,0.26452,0.227,-10.9643,0.26854,12.7084,12.5333,-0.08284,18.5735,17.0938,6202
401525880,2023,10,baylor,houston,0,-1,49,9.4432,60.2233,0.7045,0.68382,0.1472,9.5904,0.68662,12.9725,12.4338,-0.08237,18.6937,17.2137,6202
401531374,2023,10,east-carolina,tulane,0,-3,23,-5.4193,55.0397,0.37562,0.37544,0.4984,-4.9209,0.38562,12.8077,12.5287,-0.08294,18.6446,17.1578,6202
401520364,2023,10,georgia,missouri,0,9,51,19.8975,48.9135,0.873,0.86066,4.2254,24.1229,0.90646,12.9778,11.4546,-0.0706,17.9059,16.6926,6202
401531907,2023,10,old-dominion,coastal-carolina,0,-4,52,-3.928,53.1825,0.41325,0.40588,-3.2767,-7.2047,0.33929,12.8102,12.484,-0.0804,18.5922,17.1533,6202
401525881,2023,10,cincinnati,ucf,0,-2,54,4.781,54.8,0.6055,0.59089,0.1844,4.9654,0.59473,12.9255,12.4067,-0.0809,18.6263,17.177,6202
401525543,2023,10,louisville,virginia-tech,0,31,37,7.2833,50.8053,0.6635,0.64261,1.9994,9.2826,0.68195,12.9598,12.3128,-0.07831,18.5622,17.163,6202
401520367,2023,10,maryland,penn-state,0,-36,66,-11.613,51.2,0.24625,0.25476,-3.2727,-14.8857,0.20107,12.4722,12.5324,-0.07879,18.3643,16.9701,6202
401525883,2023,10,oklahoma-state,oklahoma,0,3,51,-3.4593,60.3093,0.42575,0.41629,-4.4668,-7.926,0.3264,12.9321,12.5115,-0.08349,18.7295,17.2267,6202
401520370,2023,10,minnesota,illinois,0,-1,53,5.8143,44.8723,0.6305,0.6139,0.1806,5.9949,0.61766,12.8597,12.1507,-0.07668,18.3569,17.0014,6202
401520373,2023,10,northwestern,iowa,1,-3,17,-13.133,36.3975,0.20713,0.21187,-0.6598,-13.7928,0.20082,10.9169,12.4137,-0.06329,17.042,16.0038,6202
401525541,2023,10,pittsburgh,florida-state,0,-17,31,-1.5995,53.401,0.46688,0.45518,-1.2328,-2.8323,0.42909,12.8774,12.4913,-0.08054,18.6486,17.2032,6202
401531906,2023,10,georgia-state,james-madison,0,-28,56,-4.875,56.166,0.39337,0.38802,5.7575,0.8825,0.50808,12.8576,12.829,-0.082,18.8932,17.4026,6202
401532610,2023,10,nevada,hawaii,0,-13,41,4.5422,57.0992,0.59888,0.58567,1.188,5.7303,0.61027,12.9561,12.4353,-0.08177,18.6774,17.209,6202
401520379,2023,10,vanderbilt,auburn,0,-16,46,-14.3585,52.403,0.20575,0.20863,-2.4892,-16.8477,0.1718,12.3738,12.5585,-0.07946,18.3174,16.9154,6202
401531909,2023,10,southern-miss,louisiana-monroe,0,17,31,5.3012,55.2302,0.61713,0.60153,1.6902,6.9914,0.63603,12.9752,12.4112,-0.08015,18.6603,17.2215,6202
401531343,2023,10,tulsa,charlotte,0,-7,59,6.6035,58.0135,0.647,0.62807,-0.6596,5.9439,0.61464,12.9925,12.4325,-0.07919,18.6803,17.2566,6202
401531910,2023,10,texas-state,georgia-southern,0,21,69,-2.0523,53.3413,0.45488,0.44546,1.2934,-0.7588,0.47304,12.8579,12.4674,-0.07979,18.6103,17.1807,6202
401524047,2023,10,oregon,california,0,44,82,13.6232,50.6178,0.77487,0.76233,3.677,17.3003,0.8196,12.9689,12.0663,-0.07733,18.3844,17.0172,6202
401520366,2023,10,liberty,louisiana-tech,0,26,86,8.8923,56.2182,0.69425,0.67392,-1.9644,6.9278,0.63505,12.9751,12.365,-0.07912,18.6181,17.2006,6202
401520372,2023,10,new-mexico-state,middle-tennessee,0,6,20,-4.794,54.8725,0.393,0.38822,-2.07,-6.864,0.34642,12.8341,12.5008,-0.0828,18.6427,17.1586,6202
401532611,2023,10,new-mexico,unlv,0,-42,70,-4.2157,52.2452,0.40713,0.39997,0.3968,-3.819,0.40823,12.792,12.5017,-0.08241,18.6087,17.1339,6202
401531905,2023,10,appalachian-state,marshall,0,22,40,7.2948,51.8428,0.66375,0.64269,0.7402,8.0349,0.65745,12.9409,12.3352,-0.08035,18.5816,17.1456,6202
401532612,2023,10,san-diego-state,utah-state,0,-8,56,3.6238,44.9748,0.57737,0.56753,0.079,3.7028,0.56922,12.805,12.226,-0.07619,18.3657,17.0172,6202
401525885,2023,10,west-virginia,byu,0,30,44,-0.9213,52.9093,0.48313,0.46958,1.709,0.7877,0.50616,12.8757,12.4432,-0.08154,18.6211,17.1607,6202
401525882,2023,10,iowa-state,kansas,0,-7,49,12.8145,55.5955,0.75887,0.74614,0.1176,12.9321,0.74816,13.0004,12.2911,-0.07991,18.5908,17.1622,6202
401524048,2023,10,usc,washington,0,-10,94,2.1358,63.4718,0.548,0.53478,2.7595,4.8952,0.59271,12.9566,12.5134,-0.08262,18.7417,17.253,6202
401520371,2023,10,mississippi-state,kentucky,0,-21,27,0.025,50.7435,0.50413,0.48981,0.1092,0.1342,0.49215,12.8545,12.4429,-0.07932,18.586,17.1665,6202
401531440,2023,10,rice,smu,0,-5,67,-11.7872,62.2442,0.2475,0.2561,-4.6994,-16.4867,0.18245,12.837,12.5988,-0.08643,18.7477,17.1918,6202
401520368,2023,10,michigan,purdue,0,28,54,19.8465,54.0285,0.86912,0.85538,3.406,23.2525,0.89368,12.999,11.8722,-0.07558,18.2552,16.9291,6202
401520362,2023,10,alabama,lsu,0,14,70,7.6293,61.5113,0.66887,0.64848,2.2055,9.8347,0.69116,12.9839,12.4312,-0.08247,18.7013,17.219,6202
401520378,2023,10,utep,western-kentucky,0,-8,34,-9.8785,55.134,0.2845,0.28796,-2.12,-11.9985,0.25028,12.7017,12.5337,-0.08113,18.5542,17.1054,6202
401524050,2023,10,washington-state,stanford,0,-3,17,11.754,53.938,0.74075,0.72804,-2.602,9.152,0.6796,12.9793,12.2472,-0.07993,18.5437,17.1185,6202
401524046,2023,10,colorado,oregon-state,0,-7,45,-10.7655,56.879,0.26663,0.27256,1.1151,-9.6504,0.29281,12.7387,12.5515,-0.08383,18.6179,17.1175,6202
401532608,2023,10,fresno-state,boise-state,0,7,67,0.2508,52.0733,0.51125,0.49465,-0.4668,-0.2161,0.48464,12.8763,12.4159,-0.08038,18.5918,17.1538,6202
401524045,2023,10,arizona,ucla,0,17,37,-6.214,59.5905,0.35813,0.35995,-1.2458,-7.4598,0.33538,12.8886,12.536,-0.08452,18.7238,17.2034,6202
401532437,2023,11,northern-illinois,ball-state,0,-3,37,2.3835,54.02,0.5635,0.54085,-0.9721,1.4114,0.51979,13.0778,12.4146,-0.03704,18.3624,17.6953,6330
401532438,2023,11,western-michigan,central-michigan,0,10,66,1.7353,55.9143,0.54937,0.52674,1.3139,3.0492,0.55504,13.0982,12.4512,-0.03858,18.4168,17.7204,6330
401532439,2023,11,buffalo,ohio,0,-10,30,0.4448,53.5422,0.52187,0.4988,-0.8834,-0.4386,0.47959,13.053,12.4233,-0.03531,18.3349,17.6994,6330
401532442,2023,11,kent-state,bowling-green,0,-30,68,7.9808,53.9462,0.68012,0.65836,-0.4613,7.5194,0.64907,13.1074,12.3495,-0.03674,18.336,17.6754,6330
401532441,2023,11,miami-oh,akron,0,19,19,18.5235,50.9265,0.85062,0.84281,-0.7001,17.8234,0.83323,13.1473,11.747,-0.03269,17.9148,17.342,6330
401532440,2023,11,toledo,eastern-michigan,0,26,72,10.8322,58.4112,0.73275,0.7131,2.29,13.1222,0.754,13.1289,12.3767,-0.03661,18.3698,17.7102,6330
401531911,2023,11,louisiana,southern-miss,0,-3,65,13.903,50.362,0.783,0.77047,0.9542,14.8572,0.78615,13.1101,12.0246,-0.03559,18.1021,17.4713,6330
401525546,2023,11,louisville,virginia,0,7,55,10.143,57.935,0.72175,0.69977,2.3069,12.4499,0.74184,13.1488,12.4073,-0.03729,18.4119,17.7388,6330
401531437,2023,11,smu,north-texas,0,24,66,10.9493,66.6647,0.733,0.71436,4.5551,15.5043,0.79188,13.1664,12.4364,-0.03853,18.4563,17.7595,6330
401532618,2023,11,unlv,wyoming,0,20,48,-1.2573,49.3192,0.48562,0.46164,0.3031,-0.9541,0.46824,12.931,12.4239,-0.03535,18.2462,17.6126,6330
401520394,2023,11,penn-state,michigan,0,-9,39,-2.08,49.9315,0.46475,0.44377,0.1449,-1.9351,0.44691,12.9308,12.419,-0.03536,18.2426,17.6091,6330
401520383,2023,11,illinois,indiana,0,3,93,9.212,47.834,0.70737,0.68424,-0.8855,8.3265,0.66671,13.0795,12.1415,-0.03624,18.1659,17.5208,6330
401531393,2023,11,south-florida,temple,0,4,50,5.4552,55.1037,0.62438,0.60633,1.2995,6.7548,0.63326,13.0988,12.4027,-0.03695,18.3688,17.7032,6330
401531344,2023,11,tulane,tulsa,0,2,46,11.0255,55.9285,0.73475,0.71715,0.3318,11.3573,0.72325,13.1235,12.3201,-0.03637,18.3241,17.6706,6330
401525888,2023,11,kansas,texas-tech,0,-3,29,-2.7982,62.8017,0.44975,0.429,-1.1696,-3.9678,0.40425,13.1042,12.4699,-0.03854,18.434,17.7376,6330
401520392,2023,11,nebraska,maryland,0,-3,23,3.928,52.568,0.59063,0.57407,1.509,5.437,0.60601,13.0825,12.3981,-0.03733,18.3569,17.685,6330
401520396,2023,11,south-carolina,vanderbilt,0,41,53,13.7727,52.4402,0.77813,0.76709,2.3388,16.1115,0.80451,13.1288,12.1355,-0.0363,18.199,17.5518,6330
401520386,2023,11,kentucky,alabama,0,-28,70,-8.8665,53.893,0.30863,0.30335,-5.221,-14.0875,0.21135,12.8169,12.4678,-0.03541,18.1944,17.5614,6330
401525547,2023,11,boston-college,virginia-tech,0,-26,70,0.4125,47.8385,0.51988,0.49808,0.2154,0.6279,0.5028,12.9351,12.4055,-0.03299,18.2155,17.6246,6330
401525548,2023,11,clemson,georgia-tech,0,21,63,21.9535,50.884,0.89087,0.88705,3.9321,25.8856,0.92407,13.1486,11.4634,-0.03166,17.7155,17.1683,6330
401520388,2023,11,liberty,old-dominion,0,28,48,10.0977,51.3867,0.72375,0.70073,-0.2446,9.8531,0.69605,13.1191,12.2237,-0.03365,18.2297,17.6278,6330
401531913,2023,11,georgia-state,appalachian-state,0,-28,56,-5.6595,59.448,0.379,0.36878,-0.3398,-5.9993,0.36183,13.0552,12.4727,-0.03653,18.3821,17.7232,6330
401531408,2023,11,charlotte,memphis,0,-6,82,-10.9318,61.3792,0.26125,0.26713,-1.3656,-12.2973,0.24329,12.9861,12.5025,-0.04112,18.393,17.6522,6330
401531915,2023,11,louisiana-monroe,troy,0,-31,59,-7.965,53.5925,0.32612,0.32096,-2.2381,-10.2031,0.27828,12.8451,12.4513,-0.03548,18.2039,17.5694,6330
401525551,2023,11,wake-forest,nc-state,0,-20,32,4.448,55.246,0.59963,0.58507,-1.8455,2.6025,0.54555,13.1011,12.4265,-0.03543,18.3737,17.7347,6330
401520385,2023,11,james-madison,uconn,0,38,50,22.6322,53.5517,0.89213,0.88935,-5.4778,17.1545,0.82131,13.475,11.6299,-0.03387,18.0955,17.499,6330
401524052,2023,11,colorado,arizona,0,-3,65,-0.8833,54.9633,0.49225,0.47001,0.4722,-0.4111,0.48023,13.0584,12.4476,-0.03818,18.3813,17.6933,6330
401520387,2023,11,louisiana-tech,sam-houston,0,-15,69,1.777,51.307,0.55112,0.527,3.6713,5.4483,0.60351,13.0212,13.1789,-0.03579,18.8552,18.1921,6330
401525889,2023,11,kansas-state,baylor,0,34,84,4.7667,51.2698,0.60875,0.59213,-1.1776,3.5892,0.56699,13.0743,12.3559,-0.03601,18.3095,17.6627,6330
401532615,2023,11,utah-state,nevada,0,17,65,7.3712,55.2687,0.6655,0.64588,-0.652,6.7192,0.63259,13.099,12.3861,-0.03744,18.3616,17.6876,6330
401524056,2023,11,washington,utah,0,7,63,-3.447,52.318,0.43362,0.41447,0.5426,-2.9044,0.42608,12.9381,12.4263,-0.03706,18.2681,17.6037,6330
401531912,2023,11,coastal-carolina,texas-state,0,8,54,10.2757,55.0992,0.72525,0.70322,0.5869,10.8626,0.7142,13.1231,12.3224,-0.03552,18.3179,17.6797,6330
401531384,2023,11,navy,uab,0,25,37,1.0225,51.0205,0.53338,0.51138,-8.9924,-7.9699,0.32181,13.0244,12.4079,-0.03587,18.308,17.6635,6330
401520395,2023,11,purdue,minnesota,0,19,79,-2.5455,50.9175,0.45438,0.43375,0.5819,-1.9636,0.44633,12.9322,12.4326,-0.03565,18.2559,17.6167,6330
401520398,2023,11,wisconsin,northwestern,0,-14,34,18.302,42.849,0.85425,0.84805,1.5907,19.8927,0.86864,13.1019,10.9435,-0.0293,17.3154,16.8232,6330
401520390,2023,11,middle-tennessee,fiu,0,34,46,0.8705,66.4565,0.534,0.508,0.0091,0.8796,0.5082,13.1373,12.4725,-0.03954,18.4691,17.7538,6330
401525552,2023,11,syracuse,pittsburgh,1,15,41,-3.941,50.7485,0.42388,0.40379,-1.7031,-5.6441,0.36808,12.8732,12.4641,-0.0356,18.2345,17.5969,6330
401520391,2023,11,missouri,tennessee,0,29,43,-5.9005,55.963,0.3745,0.36351,-1.2473,-7.1478,0.33829,12.9776,12.4633,-0.03829,18.3341,17.6455,6330
401520384,2023,11,iowa,rutgers,0,22,22,13.9267,38.5057,0.79413,0.78184,1.0687,14.9955,0.79966,13.02,10.9496,-0.02838,17.2484,16.7727,6330
401520399,2023,11,western-kentucky,new-mexico-state,0,-9,67,17.9352,57.1663,0.839,0.83088,2.1323,20.0676,0.85876,13.1433,12.144,-0.03525,18.2066,17.5776,6330
401525892,2023,11,ucf,oklahoma-state,0,42,48,1.659,54.7725,0.54763,0.52517,0.0794,1.7384,0.52689,13.0742,12.4254,-0.03628,18.3606,17.7069,6330
401520380,2023,11,arkansas,auburn,0,-38,58,-2.4405,52.8025,0.45625,0.43619,-0.7599,-3.2004,0.4199,12.9835,12.4492,-0.03576,18.3061,17.6634,6330
401531416,2023,11,florida-atlantic,east-carolina,0,-15,29,8.711,53.191,0.69688,0.67298,0.3542,9.0652,0.67992,13.108,12.325,-0.03706,18.3221,17.6564,6330
401524051,2023,11,california,washington-state,0,3,81,-1.5225,49.8155,0.47875,0.45586,2.0486,0.5261,0.50057,12.9422,12.42,-0.03436,18.2429,17.627,6330
401531916,2023,11,south-alabama,arkansas-state,0,7,35,8.4808,54.5493,0.691,0.66819,1.1069,9.5877,0.68979,13.1125,12.3554,-0.03738,18.3496,17.6771,6330
401524054,2023,11,oregon-state,stanford,0,45,79,13.8152,54.4528,0.77775,0.76696,-1.0849,12.7304,0.7484,13.1366,12.2138,-0.03738,18.2686,17.5997,6330
401525887,2023,11,houston,cincinnati,0,-10,38,-3.3588,58.3008,0.43638,0.41686,0.1248,-3.234,0.41951,13.0547,12.4467,-0.03859,18.3816,17.6863,6330
401525890,2023,11,oklahoma,west-virginia,0,39,79,15.0862,61.0832,0.79688,0.78619,4.1545,19.2408,0.84595,13.1523,12.3525,-0.03856,18.3874,17.6929,6330
401531914,2023,11,marshall,georgia-southern,0,5,71,6.392,50.933,0.645,0.62624,1.1757,7.5677,0.6503,13.0892,12.3193,-0.03699,18.3036,17.6398,6330
401532617,2023,11,colorado-state,san-diego-state,0,3,41,-2.3068,40.4787,0.45813,0.43723,-0.4974,-2.8042,0.42622,12.5065,12.2676,-0.02823,17.7643,17.2698,6330
401520382,2023,11,georgia,ole-miss,0,35,69,16.0427,50.2392,0.81425,0.80617,4.2132,20.256,0.86391,13.111,11.8787,-0.03434,17.9917,17.3869,6330
401525891,2023,11,tcu,texas,0,-3,55,-2.763,60.7845,0.45025,0.42967,-2.7538,-5.5168,0.37193,13.0906,12.465,-0.03778,18.4138,17.7316,6330
401520393,2023,11,ohio-state,michigan-state,0,35,41,24.1645,56.787,0.91075,0.90611,4.32,28.4845,0.94034,13.1611,11.7702,-0.0356,17.9661,17.3414,6330
401520397,2023,11,texas-a-m,mississippi-state,0,41,61,7.1525,48.862,0.66463,0.64249,3.4117,10.5642,0.70965,13.0851,12.2421,-0.03394,18.2198,17.6129,6330
401531400,2023,11,utsa,rice,0,20,48,12.5275,57.589,0.75375,0.74417,2.0463,14.5738,0.77873,13.1345,12.3231,-0.03559,18.3274,17.6876,6330
401520389,2023,11,lsu,florida,0,17,87,7.991,58.463,0.679,0.65789,1.026,9.017,0.6781,13.1251,12.4259,-0.0386,18.419,17.7223,6330
401525549,2023,11,north-carolina,duke,0,2,92,9.4185,59.0155,0.7065,0.68587,3.5086,12.9271,0.75005,13.1523,12.4216,-0.03681,18.4203,17.7554,6330
401524055,2023,11,ucla,arizona-state,0,-10,24,7.5705,54.7485,0.672,0.65,1.3538,8.9243,0.67692,13.1178,12.3716,-0.03567,18.3497,17.7075,6330
401532616,2023,11,boise-state,new-mexico,0,28,56,21.8075,52.18,0.88875,0.88447,3.8846,25.6921,0.92161,13.1445,11.5881,-0.03111,17.7915,17.2507,6330
401525886,2023,11,byu,iowa-state,0,-32,58,-1.8547,49.7747,0.46963,0.4486,-1.1893,-3.0441,0.42291,12.9286,12.4149,-0.03406,18.2268,17.6166,6330
401524053,2023,11,oregon,usc,0,9,63,7.646,67.2935,0.67312,0.65071,-0.4116,7.2344,0.64242,13.1421,12.439,-0.04001,18.4532,17.7303,6330
401532614,2023,11,san-jose-state,fresno-state,0,24,60,-2.8987,53.1433,0.4475,0.42647,-0.7876,-3.6864,0.4097,12.9949,12.4509,-0.03804,18.3358,17.6517,6330
401532613,2023,11,hawaii,air-force,0,14,40,-11.4418,54.1898,0.24825,0.25484,7.7448,-3.697,0.40838,12.7068,12.4655,-0.03535,18.1122,17.483,6330
401532445,2023,12,eastern-michigan,akron,0,3,57,14.4692,51.8032,0.791,0.77896,-1.2906,13.1787,0.75731,13.2533,12.0669,-0.02814,18.173,17.6709,6458
401532444,2023,12,northern-illinois,western-michigan,0,24,24,-0.19,56.8685,0.50525,0.48509,-0.9394,-1.1294,0.46482,13.1903,12.4978,-0.03145,18.4539,17.8833,6458
401532443,2023,12,bowling-green,toledo,0,-1,63,-12.852,58.8315,0.2315,0.23286,-1.8997,-14.7517,0.20236,12.9925,12.5233,-0.02892,18.3043,17.7828,6458
401532446,2023,12,ohio,central-michigan,0,14,54,3.8225,53.23,0.58475,0.57162,0.1892,4.0117,0.57565,13.1855,12.4405,-0.03115,18.4077,17.8439,6458
401532447,2023,12,miami-oh,buffalo,0,13,33,4.8632,50.5572,0.609,0.59403,2.1285,6.9918,0.63833,13.1775,12.3731,-0.02934,18.3387,17.8093,6458
401525553,2023,12,pittsburgh,boston-college,0,8,40,9.0415,51.1025,0.69425,0.67968,0.9533,9.9948,0.69809,13.2356,12.2601,-0.0287,18.2978,17.7814,6458
401531401,2023,12,utsa,south-florida,0,28,70,11.9258,60.5887,0.74,0.73243,-0.9187,11.0071,0.71577,13.2471,12.4188,-0.02951,18.4235,17.8886,6458
401524057,2023,12,washington-state,colorado,0,42,70,12.6787,56.1923,0.7555,0.74641,-2.6322,10.0465,0.69843,13.2466,12.3127,-0.03099,18.3626,17.8036,6458
401520414,2023,12,northwestern,purdue,0,8,38,-5.873,47.165,0.37075,0.3627,-0.2511,-6.1241,0.35753,12.8294,12.4766,-0.02795,18.1441,17.644,6458
401520410,2023,12,maryland,michigan,0,-7,55,-17.3545,55.7445,0.16487,0.16177,-3.1278,-20.4823,0.12299,12.6817,12.5244,-0.02962,18.0858,17.5578,6458
401520405,2023,12,indiana,michigan-state,0,-3,45,-2.3193,50.6148,0.453,0.43889,-1.3251,-3.6444,0.41058,13.0638,12.4848,-0.02932,18.3329,17.8037,6458
401520416,2023,12,ole-miss,louisiana-monroe,0,32,38,20.5927,58.4333,0.8735,0.86501,7.9736,28.5664,0.93832,13.2603,12.0878,-0.03068,18.215,17.6668,6458
401520417,2023,12,penn-state,rutgers,0,21,33,21.5715,45.6715,0.89125,0.8887,4.2109,25.7824,0.92832,13.2428,10.8488,-0.01882,17.2765,16.9605,6458
401531417,2023,12,navy,east-carolina,0,10,10,4.5203,50.5233,0.60037,0.58681,-10.7109,-6.1907,0.35754,13.185,12.3707,-0.02779,18.3288,17.8273,6458
401520403,2023,12,army,coastal-carolina,0,7,49,-0.535,54.4445,0.49525,0.47759,-9.7945,-10.3295,0.27827,13.1552,12.4856,-0.03127,18.418,17.8516,6458
401531431,2023,12,memphis,smu,0,-4,72,1.7395,67.5045,0.54162,0.5267,-1.659,0.0805,0.49096,13.2419,12.5099,-0.03175,18.5031,17.9256,6458
401520412,2023,12,mississippi-state,southern-miss,0,21,61,11.0055,52.451,0.72325,0.71708,6.0983,17.1038,0.81793,13.219,12.2563,-0.03018,18.2959,17.7533,6458
401531375,2023,12,florida-atlantic,tulane,0,-16,32,-0.3148,53.9772,0.49988,0.48231,0.8526,0.5378,0.50082,13.1464,12.4644,-0.02834,18.3705,17.8578,6458
401525893,2023,12,byu,oklahoma,0,-7,55,-8.9905,62.299,0.306,0.3036,-5.8635,-14.854,0.20279,13.1572,12.5197,-0.03329,18.4614,17.8575,6458
401520408,2023,12,liberty,umass,0,24,74,26.5325,59.3605,0.92512,0.92637,-4.4702,22.0623,0.88502,13.2633,11.7613,-0.02689,17.962,17.4888,6458
401532448,2023,12,ball-state,kent-state,0,31,37,4.175,53.6595,0.59313,0.57905,0.5738,4.7488,0.59118,13.2056,12.4385,-0.03163,18.4254,17.8525,6458
401520407,2023,12,jacksonville-state,louisiana-tech,0,39,73,9.5935,54.9935,0.69688,0.68415,-3.9211,5.6724,0.60744,14.0067,12.3609,-0.03151,18.9707,18.3866,6458
401531409,2023,12,charlotte,rice,0,-21,35,1.8515,57.2665,0.54363,0.52916,1.6748,3.5263,0.56507,13.2076,12.4827,-0.03308,18.4706,17.8704,6458
401532620,2023,12,wyoming,hawaii,0,33,51,7.3152,50.2383,0.65787,0.6455,-1.3156,5.9996,0.61835,13.1854,12.2638,-0.02858,18.262,17.7486,6458
401531918,2023,12,james-madison,appalachian-state,0,-3,49,1.489,57.897,0.53538,0.52114,-6.0973,-4.6083,0.39209,13.5117,12.469,-0.0292,18.6515,18.1163,6458
401520411,2023,12,middle-tennessee,utep,0,4,64,6.535,51.341,0.643,0.62895,2.0577,8.5927,0.67049,13.204,12.346,-0.02941,18.3401,17.8095,6458
401525899,2023,12,west-virginia,cincinnati,0,21,63,-5.7353,51.5397,0.37575,0.36648,0.0484,-5.6868,0.36748,12.9825,12.4827,-0.02967,18.2751,17.7411,6458
401524058,2023,12,arizona,utah,0,24,60,-14.5782,53.1262,0.20187,0.20177,-0.675,-15.2533,0.19141,12.6871,12.5044,-0.02684,18.051,17.5728,6458
401525555,2023,12,virginia,duke,0,3,57,1.974,56.055,0.54462,0.53183,0.0342,2.0082,0.53256,13.234,12.491,-0.02873,18.4571,17.935,6458
401531385,2023,12,uab,temple,0,10,58,12.1893,50.9297,0.74762,0.7398,-1.5386,10.6506,0.71163,13.2218,12.1264,-0.02772,18.1866,17.6911,6458
401532621,2023,12,colorado-state,nevada,0,10,50,2.026,49.423,0.54812,0.53317,-1.0704,0.9556,0.50991,13.1232,12.4094,-0.03041,18.3335,17.785,6458
401531919,2023,12,arkansas-state,texas-state,0,46,108,0.9898,55.0697,0.5275,0.51061,0.0496,1.0393,0.51169,13.181,12.4777,-0.02834,18.4053,17.8916,6458
401531345,2023,12,tulsa,north-texas,0,-7,63,-0.0252,58.9642,0.50762,0.48866,0.8708,0.8456,0.50746,13.2095,12.5014,-0.03185,18.4741,17.8957,6458
401525559,2023,12,virginia-tech,nc-state,0,-7,63,0.0645,45.2,0.50862,0.49045,-1.1768,-1.1123,0.4647,13.0056,12.3702,-0.02808,18.199,17.6955,6458
401525442,2023,12,notre-dame,wake-forest,0,38,52,14.2285,58.0765,0.78325,0.77262,5.0715,19.3,0.847,13.2579,12.3219,-0.02969,18.3658,17.8297,6458
401525897,2023,12,tcu,baylor,0,25,59,0.0458,59.2728,0.50875,0.4902,1.7141,1.7599,0.52717,13.2109,12.4986,-0.03289,18.4825,17.8852,6458
401520423,2023,12,western-kentucky,sam-houston,0,5,51,10.19,51.778,0.70862,0.69761,4.7642,14.9542,0.77994,13.2112,12.8841,-0.02943,18.7231,18.1801,6458
401520419,2023,12,tennessee,georgia,0,-28,48,-8.4872,52.1118,0.31113,0.3108,-2.9781,-11.4654,0.25554,12.9227,12.4717,-0.02789,18.208,17.7074,6458
401524062,2023,12,usc,ucla,0,-18,58,5.0525,67.6835,0.61162,0.59716,2.7314,7.7839,0.65307,13.2438,12.5025,-0.03238,18.5049,17.9162,6458
401520406,2023,12,iowa,illinois,0,2,28,5.3178,37.9167,0.6225,0.60764,1.1713,6.489,0.63292,12.9031,11.7589,-0.02067,17.6362,17.2769,6458
401531921,2023,12,troy,louisiana,0,7,55,-1.541,49.2925,0.46938,0.45554,-0.4063,-1.9473,0.44674,13.0329,12.4499,-0.02825,18.2763,17.7677,6458
401532624,2023,12,air-force,unlv,0,-4,58,12.932,52.447,0.76313,0.75217,-6.7323,6.1997,0.62262,13.2367,12.1689,-0.02998,18.2469,17.7097,6458
401525554,2023,12,clemson,north-carolina,0,11,51,11.1195,56.228,0.72375,0.71801,2.132,13.2515,0.75577,13.2389,12.3776,-0.03154,18.4067,17.8364,6458
401520415,2023,12,ohio-state,minnesota,0,34,40,17.2883,55.3353,0.83325,0.82183,6.3499,23.6382,0.89818,13.252,12.1058,-0.02843,18.2013,17.6931,6458
401524059,2023,12,arizona-state,oregon,0,-36,62,-9.695,52.88,0.29287,0.28766,-3.6736,-13.3686,0.22299,12.9045,12.4821,-0.02736,18.1973,17.7063,6458
401525894,2023,12,houston,oklahoma-state,0,-13,73,-3.1732,57.6527,0.4385,0.42102,0.3886,-2.7847,0.42928,13.1731,12.5038,-0.03002,18.4328,17.8881,6458
401520404,2023,12,auburn,new-mexico-state,0,-21,41,18.3685,52.863,0.85038,0.83907,7.4443,25.8128,0.91974,13.2529,11.8864,-0.02676,18.0376,17.564,6458
401531920,2023,12,south-alabama,marshall,0,28,28,-0.7197,44.6608,0.4895,0.47319,1.2742,0.5545,0.5012,12.9228,12.3674,-0.02791,18.1348,17.636,6458
401525898,2023,12,texas-tech,ucf,0,1,47,-1.6265,59.058,0.46763,0.45413,0.7652,-0.8613,0.4706,13.1961,12.4941,-0.03108,18.4523,17.8882,6458
401531917,2023,12,georgia-southern,old-dominion,0,-3,37,4.6177,53.4232,0.60362,0.58849,1.3964,6.0141,0.61772,13.2,12.4347,-0.03084,18.4116,17.8532,6458
401524061,2023,12,stanford,california,0,-12,42,-3.3927,47.0153,0.43063,0.41519,0.5535,-2.8393,0.4271,12.9233,12.4408,-0.02627,18.1723,17.7014,6458
401532619,2023,12,utah-state,boise-state,0,-35,55,-6.1342,55.9783,0.36525,0.35876,-2.7329,-8.8672,0.30474,13.0827,12.4948,-0.02749,18.3375,17.8407,6458
401525896,2023,12,kansas,kansas-state,0,-4,58,-11.1055,56.3135,0.265,0.26289,0.3168,-10.7887,0.26857,12.9709,12.5135,-0.03003,18.2915,17.7507,6458
401520418,2023,12,south-carolina,kentucky,0,3,31,-2.0915,48.5295,0.45613,0.44353,0.427,-1.6645,0.45279,13.0168,12.4387,-0.02714,18.2468,17.7586,6458
401520422,2023,12,wisconsin,nebraska,0,7,41,9.6388,45.5117,0.70325,0.69361,-0.4477,9.1911,0.68486,13.1723,11.9824,-0.02837,18.0566,17.5537,6458
401520413,2023,12,missouri,florida,0,2,64,-2.916,53.495,0.44213,0.42617,-1.7073,-4.6233,0.39006,13.116,12.4818,-0.02739,18.352,17.8565,6458
401524060,2023,12,oregon-state,washington,0,-2,42,0.8377,57.8203,0.52513,0.5073,-1.8606,-1.0228,0.46714,13.2068,12.4954,-0.03151,18.465,17.8929,6458
401520402,2023,12,arkansas,fiu,0,24,64,4.8262,67.5422,0.60688,0.59231,4.6235,9.4497,0.68546,13.2639,12.5102,-0.03276,18.5286,17.9322,6458
401520409,2023,12,lsu,georgia-state,0,42,70,18.7203,60.6797,0.85262,0.8402,7.5904,26.3106,0.92072,13.2425,12.2608,-0.02906,18.3065,17.7835,6458
401525557,2023,12,georgia-tech,syracuse,0,9,53,-4.5185,51.4435,0.40375,0.39193,1.9012,-2.6173,0.43235,13.0514,12.4731,-0.02708,18.2957,17.8073,6458
401525895,2023,12,iowa-state,texas,0,-10,42,-1.4015,52.296,0.47163,0.45875,-5.2111,-6.6126,0.34922,13.116,12.4794,-0.02836,18.3589,17.8461,6458
401532622,2023,12,fresno-state,new-mexico,0,-8,42,19.2357,51.7218,0.86312,0.8518,3.4178,22.6535,0.89153,13.2399,11.7547,-0.02722,17.9427,17.4641,6458
401532623,2023,12,san-jose-state,san-diego-state,0,11,37,1.9992,43.5618,0.54738,0.53301,1.3994,3.3987,0.56362,12.9893,12.2414,-0.02833,18.0992,17.5944,6458
401532450,2023,13,western-michigan,bowling-green,0,-24,44,9.4765,54.3355,0.71125,0.68702,0.0798,9.5563,0.68855,12.9997,12.2658,-0.06184,18.4163,17.3125,6592
401532449,2023,13,buffalo,eastern-michigan,0,-13,35,3.9055,53.2405,0.589,0.5733,-1.5381,2.3674,0.54036,12.9447,12.3584,-0.06046,18.4293,17.3479,6592
401520424,2023,13,mississippi-state,ole-miss,0,-10,24,-1.231,55.1945,0.472,0.4627,-0.1852,-1.4162,0.45872,12.9201,12.4306,-0.06317,18.4862,17.354,6592
401520425,2023,13,nebraska,iowa,0,-3,23,-1.893,38.864,0.44988,0.44642,1.3785,-0.5145,0.47723,12.3316,12.1401,-0.0538,17.764,16.8329,6592
401532451,2023,13,central-michigan,toledo,0,-15,49,-3.6933,61.0872,0.41687,0.41064,-3.1338,-6.8271,0.34652,12.9476,12.4665,-0.06653,18.5616,17.366,6592
401531394,2023,13,temple,memphis,0,-24,66,-12.8553,56.9968,0.22725,0.23325,-1.3749,-14.2302,0.21094,12.6775,12.4753,-0.06326,18.3401,17.2145,6592
401532452,2023,13,akron,ohio,0,-11,39,-12.8838,52.2957,0.22662,0.23015,1.9453,-10.9385,0.26401,12.4531,12.462,-0.05859,18.1264,17.0938,6592
401525900,2023,13,oklahoma,tcu,0,24,114,9.777,66.551,0.71488,0.69124,2.2169,11.9939,0.73194,13.0259,12.4222,-0.06533,18.5776,17.4023,6592
401531376,2023,13,tulane,utsa,0,13,45,4.9875,57.4785,0.6135,0.59575,-0.6993,4.2882,0.58105,12.9924,12.3833,-0.06434,18.5163,17.3621,6592
401532629,2023,13,new-mexico,utah-state,0,-3,85,-8.2265,54.3125,0.31838,0.31722,-1.1517,-9.3782,0.2952,12.735,12.4478,-0.06212,18.3527,17.2462,6592
401532625,2023,13,boise-state,air-force,0,8,46,3.324,49.5905,0.5785,0.56123,11.0137,14.3377,0.7749,12.8775,12.3016,-0.05896,18.3259,17.2766,6592
401520426,2023,13,arkansas,missouri,0,-34,62,1.7673,53.9707,0.54112,0.52735,-0.4648,1.3025,0.51733,12.9399,12.3998,-0.06208,18.4694,17.3573,6592
401525901,2023,13,texas,texas-tech,0,50,64,12.1252,58.4273,0.74812,0.73554,4.1591,16.2843,0.8037,13.0159,12.31,-0.06222,18.4632,17.3497,6592
401520435,2023,13,michigan-state,penn-state,1,-42,42,-13.2715,47.0015,0.21762,0.22049,-2.1029,-15.3744,0.18721,12.1039,12.4546,-0.05903,17.8722,16.8471,6592
401524063,2023,13,oregon,oregon-state,0,24,38,8.8247,60.0403,0.69388,0.67377,4.2085,13.0332,0.75112,12.9879,12.3738,-0.06191,18.485,17.3752,6592
401532453,2023,13,kent-state,northern-illinois,0,-10,64,0.8658,56.4963,0.5215,0.50789,0.3983,1.264,0.51648,12.9437,12.3982,-0.06395,18.4874,17.3416,6592
401531927,2023,13,southern-miss,troy,0,-18,52,-4.3695,49.2305,0.3975,0.3948,-0.5479,-4.9174,0.38329,12.6947,12.3833,-0.05896,18.2493,17.2036,6592
401531435,2023,13,smu,navy,0,45,73,9.5323,59.0872,0.70988,0.68725,13.565,23.0972,0.88897,13.0186,12.3556,-0.06319,18.5061,17.3729,6592
401525561,2023,13,duke,pittsburgh,0,11,49,-1.888,52.2155,0.45463,0.44843,-1.5103,-3.3983,0.4162,12.8689,12.4228,-0.06068,18.4212,17.3359,6592
401520432,2023,13,louisville,kentucky,0,-7,69,2.187,52.016,0.55238,0.53648,0.0688,2.2558,0.53796,12.9363,12.3591,-0.06042,18.4232,17.3429,6592
401532454,2023,13,ball-state,miami-oh,0,-2,32,-1.0308,48.6497,0.47387,0.46665,-0.0877,-1.1185,0.46474,12.7755,12.349,-0.05946,18.2886,17.2322,6592
401525906,2023,13,ucf,houston,0,14,40,8.2252,62.5597,0.68188,0.66146,-0.3092,7.916,0.65534,13.0055,12.4118,-0.06476,18.5501,17.3865,6592
401520440,2023,13,sam-houston,middle-tennessee,0,3,43,2.3595,48.39,0.55188,0.53945,-4.7019,-2.3424,0.43984,13.5019,12.2956,-0.05737,18.7758,17.7323,6592
401520433,2023,13,lsu,texas-a-m,0,12,72,8.643,54.042,0.6915,0.67095,-0.5054,8.1376,0.66096,12.9828,12.2881,-0.05962,18.4004,17.3357,6592
401520438,2023,13,purdue,indiana,0,4,66,7.9597,55.0042,0.67663,0.65723,-0.1229,7.8369,0.65477,12.9768,12.3162,-0.06052,18.4236,17.3419,6592
401520434,2023,13,michigan,ohio-state,0,6,54,-0.2668,58.1953,0.4965,0.48349,-2.362,-2.6287,0.43295,12.9515,12.4337,-0.06498,18.5275,17.3611,6592
401520443,2023,13,umass,uconn,0,-13,49,-4.1833,55.9207,0.40237,0.39992,1.5329,-2.6503,0.43228,12.8804,12.446,-0.06339,18.4697,17.3345,6592
401531421,2023,13,rice,florida-atlantic,0,3,45,-5.4215,53.136,0.37425,0.37357,-2.1996,-7.6211,0.32918,12.7745,12.4304,-0.06171,18.3657,17.2657,6592
401531925,2023,13,old-dominion,georgia-state,0,1,49,1.2393,52.2207,0.52887,0.51601,-2.9724,-1.7332,0.45175,12.9039,12.3794,-0.06103,18.419,17.3281,6592
401525563,2023,13,syracuse,wake-forest,0,4,66,1.348,56.757,0.53275,0.51828,0.1343,1.4823,0.52118,12.9682,12.4057,-0.06238,18.4972,17.3783,6592
401531346,2023,13,east-carolina,tulsa,0,-2,56,3.8295,53.7625,0.58825,0.5716,0.8302,4.6597,0.58918,12.9527,12.3625,-0.06193,18.4509,17.3427,6592
401531386,2023,13,north-texas,uab,0,3,87,0.9707,57.4172,0.52387,0.51014,0.0175,0.9882,0.51052,12.9543,12.4249,-0.0639,18.5138,17.3672,6592
401531926,2023,13,louisiana,louisiana-monroe,0,31,73,18.2747,55.6732,0.84637,0.83536,2.6444,20.9191,0.86879,13.0247,11.9957,-0.05895,18.2198,17.179,6592
401532628,2023,13,unlv,san-jose-state,0,-6,68,-1.2,56.095,0.46988,0.46333,-3.0269,-4.2269,0.39899,12.9143,12.4385,-0.06087,18.4676,17.3764,6592
401524067,2023,13,utah,colorado,0,6,40,22.6243,53.8323,0.89987,0.89181,0.2028,22.8271,0.8939,13.0243,11.5636,-0.05627,17.8969,16.9234,6592
401520428,2023,13,fiu,western-kentucky,0,-13,69,-3.4108,69.6287,0.42125,0.41686,-0.0714,-3.4822,0.41536,13.0143,12.4822,-0.06717,18.628,17.4171,6592
401520444,2023,13,utep,liberty,0,-14,70,-5.5725,54.0065,0.37075,0.37056,0.9373,-4.6352,0.38998,12.8108,12.4304,-0.06042,18.3814,17.3029,6592
401524064,2023,13,arizona-state,arizona,0,-36,82,5.1805,51.4705,0.61788,0.60042,-0.1081,5.0724,0.59815,12.9492,12.3101,-0.06018,18.3958,17.3215,6592
401531923,2023,13,coastal-carolina,james-madison,0,-42,70,-1.9518,57.3932,0.45387,0.44782,6.0618,4.1101,0.57658,12.935,12.6972,-0.06331,18.6904,17.5425,6592
401531922,2023,13,appalachian-state,georgia-southern,0,28,82,12.9115,60.729,0.76212,0.74902,1.9158,14.8273,0.78084,13.029,12.3243,-0.06252,18.4858,17.3657,6592
401531924,2023,13,marshall,arkansas-state,0,14,56,10.023,53.4415,0.72275,0.69796,-0.1673,9.8557,0.69478,12.9922,12.222,-0.0601,18.3647,17.2942,6592
401520431,2023,13,illinois,northwestern,0,-2,88,11.755,42.0525,0.75038,0.73752,-0.5115,11.2435,0.72802,12.9127,11.4675,-0.05132,17.7042,16.8238,6592
401520436,2023,13,minnesota,wisconsin,0,-14,42,-0.05,46.003,0.50038,0.48794,-1.9215,-1.9715,0.44596,12.7275,12.2874,-0.05735,18.1908,17.1765,6592
401520439,2023,13,rutgers,maryland,0,-18,66,-3.7558,49.8653,0.41125,0.40798,-0.9383,-4.694,0.38818,12.7351,12.3887,-0.05916,18.2847,17.2336,6592
401520442,2023,13,tennessee,vanderbilt,0,24,72,23.1515,57.083,0.902,0.89515,3.4413,26.5928,0.92576,13.0458,11.7696,-0.0566,18.0581,17.0686,6592
401525905,2023,13,oklahoma-state,byu,0,6,74,7.644,52.5985,0.67025,0.65113,1.3967,9.0407,0.67878,12.9779,12.271,-0.0608,18.3948,17.3101,6592
401525564,2023,13,virginia,virginia-tech,0,-38,72,1.9675,51.937,0.5455,0.53169,-0.3075,1.66,0.52506,12.9487,12.3855,-0.06106,18.4567,17.3633,6592
401520427,2023,13,auburn,alabama,0,-3,51,-9.1675,56.1775,0.29913,0.2993,-4.6436,-13.8111,0.21791,12.751,12.4643,-0.06074,18.3645,17.2812,6592
401520437,2023,13,new-mexico-state,jacksonville-state,0,3,37,-7.8462,52.9928,0.3255,0.32851,2.8816,-4.9646,0.38563,12.6814,13.1252,-0.06072,18.7964,17.6884,6592
401524068,2023,13,washington,washington-state,0,3,45,6.5922,56.6863,0.64625,0.629,3.3777,9.97,0.69558,12.9908,12.3758,-0.06383,18.5053,17.3608,6592
401531928,2023,13,texas-state,south-alabama,0,8,96,-2.668,48.544,0.43612,0.43113,-1.1565,-3.8245,0.4064,12.7286,12.3737,-0.05816,18.2605,17.2281,6592
401525902,2023,13,baylor,west-virginia,0,-3,65,9.786,54.8035,0.7145,0.69303,0.2235,10.0095,0.69728,12.9863,12.2751,-0.06124,18.4077,17.3147,6592
401524065,2023,13,stanford,notre-dame,0,-33,79,-16.1513,52.4453,0.17663,0.17795,-3.0469,-19.1981,0.13739,12.2835,12.4791,-0.06102,18.0366,16.9678,6592
401520429,2023,13,florida,florida-state,0,-9,39,2.8178,55.8132,0.56563,0.54985,1.5187,4.3364,0.58214,12.9697,12.4147,-0.0619,18.5005,17.3898,6592
401520441,2023,13,south-carolina,clemson,0,-9,23,-7.343,48.5145,0.32963,0.33292,-2.9413,-10.2843,0.27632,12.5458,12.4143,-0.05878,18.161,17.1232,6592
401531410,2023,13,south-florida,charlotte,0,34,62,3.6453,60.5537,0.584,0.5673,1.2902,4.9354,0.59446,13.0039,12.4283,-0.06426,18.5563,17.4009,6592
401520430,2023,13,georgia-tech,georgia,0,-8,54,-22.9983,50.9138,0.09588,0.08978,-5.0715,-28.0698,0.05136,11.5539,12.4856,-0.05949,17.5085,16.4991,6592
401525903,2023,13,cincinnati,kansas,0,-33,65,12.9515,58.1275,0.76275,0.75048,0.5888,13.5403,0.76052,13.0052,12.2682,-0.0615,18.4192,17.3211,6592
401525562,2023,13,nc-state,north-carolina,0,19,59,0.2797,55.9357,0.50738,0.49525,-1.9901,-1.7103,0.45246,12.9592,12.4292,-0.06205,18.5045,17.3907,6592
401525904,2023,13,kansas-state,iowa-state,0,-7,77,5.554,47.5255,0.62713,0.60921,-0.4344,5.1196,0.60003,12.8832,12.1784,-0.05728,18.2282,17.2138,6592
401532630,2023,13,nevada,wyoming,0,-36,48,-2.091,46.349,0.448,0.4434,2.5037,0.4127,0.49809,12.6771,12.349,-0.05785,18.2022,17.1783,6592
401524066,2023,13,ucla,california,0,-26,40,7.5478,52.4537,0.66863,0.64924,1.3572,8.905,0.67619,12.9753,12.2623,-0.06103,18.3887,17.3003,6592
401532627,2023,13,san-diego-state,fresno-state,0,15,51,-1.45,43.331,0.46575,0.45699,-2.187,-3.637,0.40936,12.5756,12.2545,-0.05684,18.051,17.0528,6592
401532626,2023,13,hawaii,colorado-state,0,3,51,1.3585,54.4895,0.533,0.51857,-0.1176,1.2409,0.51603,12.9182,12.3887,-0.06138,18.4392,17.3412,6592
401539476,2023,14,liberty,new-mexico-state,0,14,84,12.8143,55.7897,0.75262,0.74507,-0.925,11.8893,0.72892,13.2568,12.2481,-0.07193,18.6846,17.3897,6720
401539475,2023,14,washington,oregon,1,3,65,-4.7782,57.0343,0.3945,0.38917,-2.3479,-7.1262,0.34212,13.1113,12.4804,-0.07327,18.7522,17.4266,6720
401539479,2023,14,texas,oklahoma-state,1,28,70,5.8002,54.3597,0.62363,0.61114,5.0037,10.804,0.70843,13.2198,12.3813,-0.07471,18.7754,17.4242,6720
401539481,2023,14,toledo,miami-oh,1,-9,37,4.574,56.532,0.59637,0.58583,1.6995,6.2735,0.62069,13.2111,12.431,-0.07295,18.789,17.4672,6720
401539482,2023,14,unlv,boise-state,0,-24,64,-8.875,56.072,0.30888,0.3075,-4.2814,-13.1564,0.23189,12.9718,12.496,-0.07103,18.6399,17.3605,6720
401539483,2023,14,alabama,georgia,1,3,51,-2.0972,53.8153,0.45637,0.44479,0.7134,-1.3839,0.4599,13.1039,12.4433,-0.07197,18.7087,17.4091,6720
401539484,2023,14,troy,appalachian-state,0,26,72,-2.464,54.2695,0.448,0.43711,-1.2061,-3.6701,0.41188,13.0983,12.4622,-0.07274,18.7248,17.4105,6720
401539477,2023,14,tulane,smu,0,-12,40,0.2577,62.8967,0.50762,0.49488,-3.3525,-3.0947,0.42444,13.225,12.4959,-0.07518,18.8652,17.4985,6720
401539480,2023,14,iowa,michigan,1,-26,26,-12.1265,42.881,0.23975,0.23908,-2.9973,-15.1238,0.19008,11.9354,12.4452,-0.06596,17.8025,16.6656,6720
401539478,2023,14,florida-state,louisville,1,10,22,2.9918,56.5877,0.56275,0.55267,0.4021,3.3938,0.56111,13.2379,12.4434,-0.073,18.8184,17.4937,6720
401520445,2023,15,army,navy,1,6,28,-0.3213,48.6868,0.49625,0.48233,0.0,-0.3213,0.48233,12.77,12.489,-0.07672,18.5343,17.1633,6740
401635525,2024,1,georgia-tech,florida-state,1,3,45,-14.7782,53.7477,0.20613,0.2016,-3.3519,-18.1301,0.15403,12.4876,12.5823,-0.06305,18.2775,17.1594,6742
401643696,2024,1,nevada,smu,0,-5,53,-11.3268,61.4723,0.267,0.26299,-4.9952,-16.3219,0.18353,12.9319,12.573,-0.06921,18.65,17.4014,6742
401640998,2024,1,jacksonville-state,coastal-carolina,0,-28,82,4.7608,54.7437,0.59663,0.58813,-2.4058,2.3549,0.53862,13.6822,12.4759,-0.0676,19.1293,17.8822,6742
401628448,2024,1,minnesota,north-carolina,0,-2,36,4.8625,56.1525,0.60637,0.59228,-1.705,3.1575,0.55654,13.045,12.5174,-0.06871,18.6895,17.4475,6742
401628328,2024,1,oklahoma,temple,0,48,54,27.2085,61.2065,0.92625,0.92711,7.1062,34.3147,0.96723,13.1238,11.9724,-0.06866,18.3616,17.1463,6742
401628453,2024,1,michigan-state,florida-atlantic,0,6,26,3.3748,49.3388,0.57288,0.56159,2.4613,5.8361,0.61321,12.9639,12.4113,-0.06799,18.5468,17.327,6742
401628461,2024,1,wisconsin,western-michigan,0,14,42,16.4762,50.0558,0.82712,0.80858,4.2575,20.7337,0.86547,13.0734,11.9447,-0.06907,18.3074,17.0886,6742
401634300,2024,1,stanford,tcu,0,-7,61,-9.726,57.1535,0.29613,0.29068,-0.894,-10.62,0.27439,12.8413,12.5559,-0.06636,18.5459,17.3538,6742
401628457,2024,1,west-virginia,penn-state,0,-22,46,-12.078,49.343,0.24937,0.24412,-3.9963,-16.0743,0.18054,12.3761,12.5491,-0.06015,18.1475,17.0869,6742
401628451,2024,1,maryland,uconn,0,43,57,19.0492,53.4647,0.861,0.84396,2.9948,22.0441,0.87982,13.0999,11.9883,-0.06808,18.3497,17.1448,6742
401628333,2024,1,vanderbilt,virginia-tech,0,7,61,-7.4345,51.0105,0.33525,0.33322,0.0103,-7.4242,0.33342,12.6918,12.5595,-0.06277,18.4074,17.2861,6742
401634305,2024,1,pittsburgh,kent-state,0,31,79,13.715,53.9655,0.77987,0.76175,5.2884,19.0034,0.84058,13.1054,12.2628,-0.06973,18.5618,17.3123,6742
401628323,2024,1,georgia,clemson,1,31,37,7.485,45.562,0.66975,0.64818,1.5624,9.0474,0.67921,12.9478,12.1865,-0.06656,18.3619,17.1799,6742
401628449,2024,1,indiana,fiu,0,24,38,1.5588,66.8623,0.53912,0.5225,3.1249,4.6837,0.58823,13.0799,12.5684,-0.06971,18.7609,17.4966,6742
401641015,2024,1,utsa,kennesaw-state,0,12,44,2.6005,56.851,0.55925,0.53971,6.7657,9.3662,0.66307,13.0342,15.6768,-0.0689,21.0667,19.6849,6742
401628331,2024,1,texas,colorado-state,0,52,52,21.456,52.9825,0.8895,0.87491,7.7474,29.2034,0.94238,13.0985,11.7958,-0.06926,18.224,17.0091,6742
401634304,2024,1,syracuse,ohio,0,16,60,2.9325,51.2435,0.56425,0.55202,4.711,7.6435,0.64953,13.0026,12.4496,-0.06772,18.6007,17.3821,6742
401629039,2024,1,umass,eastern-michigan,0,-14,42,-15.638,57.1215,0.19312,0.18981,1.4594,-14.1786,0.21211,12.5942,12.5752,-0.06518,18.3683,17.2077,6742
401628455,2024,1,ohio-state,akron,0,46,58,40.6517,59.8798,0.98587,0.99047,8.752,49.4037,0.99785,13.1384,10.1782,-0.06416,17.1281,16.0952,6742
401628454,2024,1,nebraska,utep,0,33,47,10.472,48.9935,0.72637,0.70561,6.3522,16.8242,0.81192,13.0438,12.1964,-0.06709,18.4456,17.2495,6742
401644683,2024,1,northwestern,miami-oh,1,7,19,-5.4958,43.6632,0.37662,0.37044,3.2379,-2.2578,0.43955,12.4224,12.4689,-0.06122,18.1316,17.0535,6742
401643700,2024,1,georgia-southern,boise-state,0,-11,101,-7.7218,56.9772,0.33088,0.32902,-1.5246,-9.2463,0.2999,12.8846,12.5371,-0.06764,18.5754,17.3591,6742
401628329,2024,1,south-carolina,old-dominion,0,4,42,10.2203,47.2313,0.72213,0.70144,7.0135,17.2338,0.81856,13.0255,12.1356,-0.06732,18.3907,17.1946,6742
401643775,2024,1,south-alabama,north-texas,0,-14,90,3.4575,54.559,0.57425,0.56291,-0.7721,2.6854,0.54658,13.0503,12.4783,-0.06989,18.6756,17.4142,6742
401641039,2024,1,rice,sam-houston,0,-20,48,-2.787,48.845,0.43975,0.43104,0.9567,-1.8303,0.45099,12.8046,13.1147,-0.06565,18.921,17.7174,6742
401628319,2024,1,alabama,western-kentucky,0,63,63,17.4252,61.1812,0.83813,0.81812,9.4851,26.9104,0.92178,13.1007,12.3621,-0.07053,18.6359,17.3668,6742
401636611,2024,1,houston,unlv,0,-20,34,9.4052,61.8863,0.706,0.68286,1.3588,10.764,0.70825,13.0944,12.4944,-0.06989,18.72,17.4557,6742
401643701,2024,1,troy,nevada,0,-2,54,11.3487,49.9338,0.73625,0.72169,-0.4874,10.8614,0.71276,13.048,12.2022,-0.06728,18.4546,17.2546,6742
401628459,2024,1,hawaii,ucla,0,-3,29,-10.1833,61.0348,0.28963,0.28292,-4.6565,-14.8398,0.20484,12.8877,12.5831,-0.06708,18.6061,17.3975,6742
401628452,2024,1,michigan,fresno-state,0,20,40,19.4838,53.7332,0.86787,0.84994,5.5251,25.0088,0.90951,13.09,11.9744,-0.06677,18.3212,17.1406,6742
401628332,2024,1,texas-a-m,notre-dame,0,-10,36,-4.1117,49.8058,0.4125,0.40131,0.1709,-3.9408,0.4049,12.787,12.5077,-0.06399,18.4504,17.3055,6742
401628324,2024,1,kentucky,southern-miss,0,31,31,14.6582,48.9437,0.7975,0.78028,4.2326,18.8908,0.84238,13.0701,11.9841,-0.06674,18.3127,17.1329,6742
401634302,2024,1,georgia-tech,georgia-state,0,23,47,0.276,55.644,0.509,0.49522,2.6233,2.8993,0.55108,13.0575,12.5187,-0.06749,18.6891,17.4686,6742
401643774,2024,1,charlotte,james-madison,0,-23,37,-13.7225,57.6925,0.22425,0.22265,3.5923,-10.1302,0.28417,12.713,12.8307,-0.06425,18.6335,17.4724,6742
401636608,2024,1,arizona,new-mexico,0,22,100,14.311,54.0195,0.7895,0.77194,3.9526,18.2636,0.83111,13.0858,12.2503,-0.069,18.5319,17.297,6742
401636609,2024,1,arizona-state,wyoming,0,41,55,2.4078,44.0907,0.5545,0.54146,5.7277,8.1355,0.66156,12.8041,12.314,-0.06389,18.3229,17.1881,6742
401628334,2024,1,lsu,usc,1,-7,47,7.0475,69.7595,0.65525,0.63638,0.8186,7.8661,0.65262,13.0847,12.5537,-0.07181,18.7722,17.4703,6742
401634306,2024,1,florida-state,boston-college,0,-15,41,14.5757,52.3992,0.79387,0.77698,4.0183,18.5941,0.83635,13.0853,12.1778,-0.06797,18.4712,17.2586,6742
401634765,2024,2,smu,byu,0,-3,33,6.5005,62.3955,0.64687,0.62667,3.5281,10.0286,0.69602,13.3094,12.244,-0.05515,18.575,17.5807,6940
401635533,2024,2,northwestern,duke,1,-6,46,-3.9815,46.6375,0.4085,0.40245,0.7576,-3.2239,0.41869,12.8371,12.2204,-0.04801,18.1436,17.2935,6940
401636616,2024,2,tulane,kansas-state,0,-7,61,-4.2073,52.4078,0.40487,0.39881,0.0441,-4.1632,0.39974,13.0538,12.2582,-0.05095,18.3567,17.4459,6940
401643784,2024,2,memphis,troy,0,21,55,6.4213,56.2578,0.64488,0.62569,2.5428,8.964,0.67655,13.2773,12.1705,-0.05265,18.4776,17.5325,6940
401628336,2024,2,oklahoma-state,arkansas,0,8,70,7.2605,54.048,0.66463,0.64291,-1.7362,5.5243,0.60727,13.2705,12.1445,-0.0531,18.4583,17.5066,6940
401628470,2024,2,penn-state,bowling-green,0,7,61,27.3413,50.3317,0.93275,0.93895,7.8023,35.1436,0.977,13.3401,10.5157,-0.04595,17.3618,16.6026,6940
401645323,2024,2,florida-atlantic,army,0,-17,31,4.0262,50.1668,0.594,0.5761,11.2469,15.2731,0.78931,13.1986,12.1099,-0.05241,18.3741,17.4384,6940
401628471,2024,2,rutgers,akron,0,32,66,13.0892,47.9913,0.77025,0.75635,2.388,15.4772,0.7957,13.276,11.6873,-0.05042,18.1244,17.2394,6940
401628347,2024,2,michigan,texas,0,-19,43,10.3045,55.9155,0.72013,0.70248,-1.7994,8.5051,0.66786,13.2842,12.0987,-0.05402,18.4449,17.4782,6940
401635534,2024,2,syracuse,georgia-tech,0,3,59,7.3133,52.3173,0.66538,0.64415,-0.0838,7.2295,0.64245,13.2672,12.125,-0.05237,18.4359,17.4981,6940
401635538,2024,2,cincinnati,pittsburgh,0,-1,55,5.5415,51.2225,0.62688,0.60807,-0.9762,4.5653,0.58752,13.221,12.1069,-0.05143,18.3803,17.4616,6940
401628464,2024,2,iowa,iowa-state,0,-1,39,1.1365,38.636,0.52213,0.51432,1.5458,2.6823,0.54898,12.6917,11.8308,-0.04431,17.73,16.9629,6940
401635537,2024,2,north-carolina,charlotte,0,18,58,16.9842,62.3962,0.8275,0.81336,2.7865,19.7707,0.85102,13.3584,12.1122,-0.05451,18.5147,17.536,6940
401628465,2024,2,maryland,michigan-state,0,-3,51,3.1762,51.8123,0.57112,0.55773,-0.4969,2.6794,0.54706,13.2124,12.1834,-0.05181,18.4305,17.5021,6940
401628473,2024,2,washington,eastern-michigan,0,21,39,14.9995,53.2185,0.801,0.78617,4.4136,19.4131,0.84959,13.3004,11.8605,-0.05252,18.2795,17.3495,6940
401635535,2024,2,louisville,jacksonville-state,0,35,63,6.9823,54.5938,0.65663,0.63467,5.8563,12.8386,0.74385,13.2839,12.6625,-0.05286,18.8303,17.8611,6940
401636618,2024,2,utah,baylor,0,11,35,8.4823,53.2488,0.68812,0.66761,0.679,9.1612,0.68089,13.2729,12.0936,-0.05265,18.4209,17.4792,6940
401628340,2024,2,kentucky,south-carolina,0,-25,37,7.276,48.005,0.6655,0.64453,-0.1865,7.0895,0.64073,13.2174,11.9773,-0.05097,18.2837,17.3787,6940
401645324,2024,2,navy,temple,0,27,49,11.4155,49.302,0.73413,0.72516,-10.113,1.3025,0.51754,13.2713,11.8554,-0.05162,18.2461,17.3331,6940
401628977,2024,2,notre-dame,northern-illinois,0,-2,30,21.5227,55.5692,0.88362,0.87655,8.8948,30.4176,0.95031,13.337,11.6434,-0.05209,18.1555,17.2414,6940
401628337,2024,2,auburn,california,0,-7,35,9.375,48.3475,0.7045,0.68648,2.4925,11.8675,0.73314,13.2507,11.9125,-0.05111,18.2654,17.3595,6940
401629040,2024,2,toledo,umass,0,15,61,28.9383,63.8268,0.93688,0.94091,-0.2593,28.679,0.93921,13.3481,11.6883,-0.05284,18.201,17.2714,6940
401643783,2024,2,texas-state,utsa,0,39,59,-6.462,56.0895,0.35737,0.35278,-1.9789,-8.4409,0.31376,13.1111,12.2847,-0.0519,18.4264,17.4956,6940
401628342,2024,2,ole-miss,middle-tennessee,0,49,55,14.154,53.397,0.78587,0.77173,5.6643,19.8183,0.85393,13.3101,11.9311,-0.05287,18.3385,17.3988,6940
401635540,2024,2,virginia-tech,marshall,0,17,45,2.9315,45.117,0.56462,0.55318,2.055,4.9865,0.59743,13.0813,12.017,-0.04834,18.1859,17.33,6940
401643781,2024,2,ohio,south-alabama,0,7,47,3.9492,49.7852,0.58975,0.57458,-1.9795,1.9698,0.53193,13.1882,12.1031,-0.05033,18.3434,17.4456,6940
401643778,2024,2,old-dominion,east-carolina,0,-6,34,1.5722,48.2797,0.53263,0.52334,-3.471,-1.8987,0.4479,13.1141,12.1446,-0.05009,18.3146,17.4217,6940
401640979,2024,2,fiu,central-michigan,1,36,68,-0.5155,67.387,0.4865,0.47827,0.706,0.1905,0.49337,13.3141,12.3054,-0.05677,18.6358,17.6093,6940
401636617,2024,2,ucf,sam-houston,0,31,59,11.696,51.0405,0.73513,0.7261,4.9053,16.6013,0.80632,13.2797,12.384,-0.05247,18.6272,17.6764,6940
401628344,2024,2,missouri,buffalo,0,38,38,10.6948,52.4488,0.72537,0.71056,7.0681,17.7628,0.82635,13.2934,11.9992,-0.0523,18.3679,17.4359,6940
401643705,2024,2,air-force,san-jose-state,0,-10,24,8.2427,50.1453,0.68238,0.6636,-9.1221,-0.8794,0.47001,13.2558,12.0023,-0.05147,18.3343,17.4182,6940
401641016,2024,2,kennesaw-state,louisiana,0,-24,44,-0.983,52.782,0.47713,0.47079,-5.0379,-6.0209,0.37363,15.5839,12.2139,-0.04581,20.2355,19.3545,6940
401628335,2024,2,alabama,south-florida,0,26,58,31.2218,62.7043,0.953,0.95572,7.1653,38.387,0.98215,13.346,11.4619,-0.05201,18.039,17.1341,6940
401643780,2024,2,louisiana-monroe,uab,0,26,38,-8.0125,56.4645,0.32175,0.32191,-4.8204,-12.8329,0.23447,13.0641,12.2985,-0.05295,18.4103,17.4617,6940
401628462,2024,2,illinois,kansas,0,6,40,6.9625,55.647,0.65688,0.63659,-0.8199,6.1426,0.61983,13.2843,12.1811,-0.05352,18.498,17.5366,6940
401635639,2024,2,wake-forest,virginia,0,-1,61,6.9485,61.3115,0.65475,0.63565,-0.5096,6.4389,0.6253,13.3055,12.2651,-0.05573,18.5919,17.5863,6940
401643779,2024,2,arkansas-state,tulsa,0,4,52,0.0042,60.1373,0.49913,0.48934,0.3145,0.3188,0.4961,13.2706,12.2665,-0.0549,18.5593,17.5699,6940
401643708,2024,2,nevada,georgia-southern,0,-3,37,-0.6438,57.1328,0.48325,0.47534,-0.0526,-0.6964,0.47421,13.2198,12.2547,-0.05256,18.4925,17.5474,6940
401628346,2024,2,nc-state,tennessee,1,-41,61,-9.5708,52.7698,0.2935,0.29042,-2.588,-12.1587,0.24383,12.8847,12.2894,-0.04935,18.2394,17.3614,6940
401628468,2024,2,ohio-state,western-michigan,0,56,56,30.032,59.839,0.94512,0.95019,8.574,38.606,0.9832,13.3459,11.316,-0.0512,17.934,17.0499,6940
401628467,2024,2,nebraska,colorado,0,18,38,11.15,50.4205,0.73075,0.71959,0.7837,11.9337,0.73382,13.2813,11.9275,-0.05252,18.3112,17.3787,6940
401628345,2024,2,oklahoma,houston,0,4,28,15.4465,67.731,0.806,0.78958,4.9365,20.383,0.85788,13.3372,12.2079,-0.05481,18.5678,17.5802,6940
401635532,2024,2,clemson,appalachian-state,0,46,86,9.6433,53.7422,0.71037,0.69025,6.6346,16.2779,0.80425,13.293,12.0582,-0.05281,18.4128,17.4692,6940
401636859,2024,2,washington-state,texas-tech,0,21,53,5.4998,58.8407,0.62512,0.60621,-2.3082,3.1915,0.55767,13.3023,12.2396,-0.05384,18.5551,17.5848,6940
401628469,2024,2,oregon,boise-state,0,3,71,8.3597,56.5287,0.68538,0.66472,5.8584,14.2181,0.77108,13.2909,12.1372,-0.05411,18.4775,17.5072,6940
401640989,2024,2,new-mexico-state,liberty,0,-6,54,-7.5395,56.3235,0.331,0.33099,-3.7882,-11.3277,0.26005,13.0668,12.2802,-0.05174,18.3889,17.4626,6940
401628343,2024,2,arizona-state,mississippi-state,0,7,53,-1.176,50.9195,0.473,0.46362,0.2517,-0.9243,0.46907,13.1067,12.2065,-0.05002,18.3518,17.4579,6940
401643709,2024,2,san-diego-state,oregon-state,0,-21,21,-4.9722,46.2313,0.387,0.3811,-0.3423,-5.3145,0.37391,12.7752,12.2111,-0.04728,18.085,17.25,6940
401628472,2024,2,usc,utah-state,0,48,48,13.4815,66.5055,0.7685,0.75744,6.0688,19.5503,0.84718,13.3332,12.226,-0.05695,18.5961,17.5694,6940
401636867,2024,3,texas-state,arizona-state,0,-3,59,-5.221,49.924,0.39288,0.37707,-4.1186,-9.3396,0.29507,12.6008,12.5432,-0.05563,18.2674,17.2779,7094
401636863,2024,3,kansas,unlv,1,-3,43,2.733,61.0635,0.569,0.54799,2.3126,5.0456,0.59695,12.9308,12.5409,-0.05686,18.5181,17.494,7094
401636864,2024,3,kansas-state,arizona,0,24,38,13.383,54.64,0.77287,0.7584,-0.3979,12.9851,0.75159,12.9484,12.3046,-0.05813,18.3735,17.3362,7094
401636868,2024,3,texas-tech,north-texas,0,45,87,8.0467,60.8507,0.68262,0.65796,2.5954,10.6421,0.70776,12.9628,12.5208,-0.05908,18.5467,17.4822,7094
401628359,2024,3,south-carolina,lsu,0,-3,69,-9.3878,56.2793,0.3065,0.29496,-2.0514,-11.4392,0.2576,12.6904,12.5649,-0.05538,18.3462,17.3569,7094
401635542,2024,3,florida-state,memphis,0,-8,32,5.025,58.525,0.6195,0.59646,4.673,9.698,0.69018,12.958,12.5339,-0.05658,18.5307,17.5109,7094
401628350,2024,3,wisconsin,alabama,0,-32,52,-8.344,52.215,0.32462,0.31408,-4.6899,-13.0339,0.2293,12.575,12.5551,-0.05599,18.2603,17.2651,7094
401628479,2024,3,michigan,arkansas-state,0,10,46,28.976,58.667,0.93425,0.94425,5.4309,34.4069,0.97095,12.9831,11.6213,-0.05482,17.893,16.9432,7094
401628475,2024,3,illinois,central-michigan,0,21,39,8.6687,50.9493,0.69688,0.67189,3.5428,12.2115,0.73833,12.9154,12.3323,-0.05608,18.351,17.3501,7094
401636869,2024,3,tulsa,oklahoma-state,0,-35,55,-9.391,54.2475,0.3055,0.29421,-2.489,-11.88,0.2491,12.6099,12.5603,-0.05468,18.2781,17.3046,7094
401635546,2024,3,nc-state,louisiana-tech,0,10,50,9.6877,53.4668,0.715,0.69096,3.5838,13.2715,0.75587,12.9569,12.3851,-0.05704,18.4276,17.4059,7094
401636865,2024,3,miami-oh,cincinnati,0,-11,43,-4.8175,48.906,0.39987,0.38506,-2.9827,-7.8002,0.32414,12.5717,12.5148,-0.05226,18.1966,17.2692,7094
401628357,2024,3,missouri,boston-college,0,6,48,8.9835,51.553,0.70112,0.67795,2.6486,11.6321,0.72781,12.9186,12.3411,-0.05655,18.3637,17.354,7094
401629041,2024,3,buffalo,umass,0,31,37,19.9372,57.7252,0.8585,0.85609,-2.8556,17.0817,0.81773,12.9741,12.1683,-0.05707,18.2869,17.2736,7094
401643786,2024,3,temple,coastal-carolina,0,-8,48,-9.567,55.475,0.2985,0.29154,-0.4777,-10.0447,0.28267,12.6484,12.5812,-0.05689,18.3406,17.3252,7094
401628978,2024,3,purdue,notre-dame,0,-59,73,-10.5012,54.2567,0.27787,0.27374,-3.164,-13.6653,0.2193,12.5728,12.575,-0.05774,18.2883,17.2612,7094
401628481,2024,3,minnesota,nevada,0,27,27,14.9103,49.4797,0.79975,0.78686,3.4187,18.329,0.83752,12.9385,11.997,-0.05395,18.113,17.1635,7094
401628353,2024,3,florida,texas-a-m,0,-13,53,1.521,49.66,0.54525,0.52214,-0.3852,1.1358,0.51379,12.8186,12.4761,-0.05641,18.3851,17.376,7094
401635547,2024,3,pittsburgh,west-virginia,0,4,72,4.6662,51.8182,0.61263,0.58937,0.5478,5.214,0.60088,12.8998,12.4634,-0.05702,18.4412,17.4186,7094
401628483,2024,3,oregon-state,oregon,0,-35,63,-3.6348,58.0392,0.42813,0.41136,-5.503,-9.1378,0.30076,12.8579,12.5548,-0.05467,18.4553,17.4728,7094
401628484,2024,3,washington,washington-state,1,-5,43,1.6913,56.3427,0.55012,0.52568,2.4799,4.1712,0.57868,12.9029,12.5327,-0.05704,18.4933,17.4673,7094
401628358,2024,3,oklahoma,tulane,0,15,53,12.5523,62.1827,0.75638,0.74251,4.7965,17.3487,0.81865,12.973,12.481,-0.05728,18.5101,17.4793,7094
401628477,2024,3,iowa,troy,0,17,59,7.4965,38.864,0.676,0.6534,4.2535,11.75,0.73708,12.6511,11.769,-0.05351,17.734,16.8115,7094
401643785,2024,3,east-carolina,appalachian-state,0,-2,40,-7.3547,56.4447,0.35037,0.33464,0.6904,-6.6644,0.34842,12.7522,12.5622,-0.05537,18.3893,17.3979,7094
401628351,2024,3,arkansas,uab,0,10,64,5.289,54.7975,0.62713,0.60231,3.7215,9.0105,0.67754,12.9125,12.4909,-0.05668,18.4672,17.4492,7094
401636870,2024,3,utah-state,utah,0,-17,59,-14.7725,54.0915,0.21087,0.19941,-3.8299,-18.6024,0.14564,12.3558,12.5656,-0.05503,18.1011,17.131,7094
401635548,2024,3,old-dominion,virginia-tech,0,-20,54,-4.1147,46.0452,0.41538,0.39968,-5.0618,-9.1766,0.29702,12.496,12.5107,-0.05425,18.1557,17.1961,7094
401629030,2024,3,duke,uconn,0,5,47,15.7983,52.0388,0.80888,0.79979,1.8609,17.6592,0.8272,12.9644,12.0857,-0.05383,18.1937,17.2415,7094
401640990,2024,3,liberty,utep,0,18,38,11.083,54.2025,0.73288,0.71717,2.1591,13.2421,0.75542,12.9474,12.3643,-0.05902,18.423,17.3671,7094
401640980,2024,3,florida-atlantic,fiu,0,18,58,3.3645,64.649,0.582,0.56128,1.667,5.0315,0.59636,12.9505,12.5749,-0.05904,18.5761,17.5105,7094
401628355,2024,3,wake-forest,ole-miss,0,-34,46,-5.631,58.394,0.38862,0.36996,-3.1568,-8.7878,0.30752,12.8369,12.5674,-0.05694,18.4688,17.4458,7094
401628361,2024,3,texas,utsa,0,49,63,15.4103,58.3282,0.80237,0.79097,5.88,21.2903,0.87058,12.9594,12.3451,-0.05834,18.4123,17.369,7094
401640999,2024,3,eastern-michigan,jacksonville-state,0,3,71,-3.0418,50.6698,0.44212,0.425,1.4775,-1.5643,0.45611,12.7188,13.0447,-0.05663,18.7276,17.6957,7094
401628362,2024,3,georgia-state,vanderbilt,0,4,68,6.1725,56.7165,0.64263,0.62052,-2.4896,3.6829,0.56835,12.937,12.4906,-0.05691,18.4871,17.4639,7094
401643789,2024,3,southern-miss,south-florida,0,-25,73,2.358,55.324,0.56212,0.54003,-1.4342,0.9238,0.50915,12.8979,12.5277,-0.05706,18.4862,17.4602,7094
401641024,2024,3,middle-tennessee,western-kentucky,0,-28,70,-5.1837,55.2733,0.394,0.37874,-0.2934,-5.4772,0.37269,12.7798,12.5451,-0.05642,18.4063,17.3957,7094
401641040,2024,3,sam-houston,hawaii,0,18,44,6.7877,52.0413,0.65363,0.63093,-0.4876,6.3002,0.62111,13.4473,12.4049,-0.05704,18.808,17.7674,7094
401641017,2024,3,san-jose-state,kennesaw-state,0,21,41,1.557,52.1035,0.54775,0.52117,3.6495,5.2065,0.59342,12.8558,14.5087,-0.05574,19.914,18.841,7094
401628356,2024,3,mississippi-state,toledo,0,-24,58,2.0907,59.7332,0.55925,0.53425,3.2639,5.3547,0.60348,12.919,12.5443,-0.05599,18.5043,17.4962,7094
401628354,2024,3,kentucky,georgia,0,-1,25,-11.7845,46.2645,0.24987,0.24503,-4.1505,-15.935,0.17789,12.0372,12.5246,-0.04976,17.7979,16.9339,7094
401628476,2024,3,ucla,indiana,0,-29,55,8.4482,56.5662,0.6925,0.66637,1.7084,10.1567,0.69928,12.9565,12.4682,-0.0572,18.488,17.4599,7094
401636861,2024,3,colorado-state,colorado,0,-19,37,1.7005,50.3435,0.55012,0.52603,-3.8579,-2.1574,0.44254,12.8197,12.4735,-0.05645,18.3843,17.3747,7094
401628352,2024,3,auburn,new-mexico,0,26,64,23.869,51.477,0.90513,0.90593,7.0088,30.8778,0.95644,12.9825,11.4214,-0.05498,17.7566,16.8134,7094
401636860,2024,3,baylor,air-force,0,28,34,4.185,49.5885,0.604,0.57953,13.4748,17.6598,0.825,12.8352,12.4254,-0.05637,18.3606,17.3538,7094
401636866,2024,3,tcu,ucf,0,-1,69,1.824,60.588,0.55212,0.52846,0.3837,2.2077,0.53668,12.9266,12.5588,-0.05875,18.5444,17.4856,7094
401628360,2024,3,tennessee,kent-state,0,71,71,22.421,58.731,0.88425,0.88518,8.0411,30.4621,0.9497,12.9998,12.0891,-0.05674,18.2476,17.2426,7094
401628478,2024,3,virginia,maryland,0,-14,40,-1.8377,57.6247,0.46737,0.44974,-0.6327,-2.4704,0.43624,12.8939,12.5732,-0.05585,18.5053,17.4995,7094
401636862,2024,3,houston,rice,0,26,40,11.119,58.306,0.73425,0.71696,2.0569,13.1759,0.75332,12.9618,12.4619,-0.05928,18.5057,17.4401,7094
401636871,2024,3,wyoming,byu,0,-20,48,-2.323,46.395,0.45437,0.43832,-2.7922,-5.1152,0.37876,12.5713,12.4772,-0.05437,18.1872,17.2239,7094
401641033,2024,3,fresno-state,new-mexico-state,0,48,48,13.0815,53.537,0.76837,0.75378,3.7627,16.8442,0.81373,12.9448,12.2551,-0.05734,18.3288,17.3079,7094
401635541,2024,3,california,san-diego-state,0,21,41,5.6475,38.8435,0.63738,0.61393,1.7745,7.422,0.65151,12.5864,11.9014,-0.05317,17.7761,16.8562,7094
401643790,2024,4,appalachian-state,south-alabama,0,-34,62,8.577,55.6555,0.69375,0.6679,0.3901,8.9671,0.67548,13.1722,12.3438,-0.06234,18.605,17.4816,7218
401634766,2024,4,syracuse,stanford,0,-2,50,7.2408,51.0978,0.66463,0.642,-0.3958,6.8449,0.63399,13.1557,12.2767,-0.06044,18.5288,17.4432,7218
401628485,2024,4,nebraska,illinois,0,-7,55,1.0392,45.1933,0.52675,0.51174,2.5958,3.635,0.56791,12.9132,12.2735,-0.05851,18.3286,17.2871,7218
401643714,2024,4,washington-state,san-jose-state,0,2,106,8.686,55.7075,0.69475,0.66992,2.4738,11.1598,0.71653,13.1806,12.3473,-0.06275,18.6175,17.486,7218
401636873,2024,4,cincinnati,houston,0,34,34,7.4832,56.6947,0.66887,0.64611,0.2971,7.7803,0.65202,13.1706,12.3744,-0.06287,18.6302,17.4956,7218
401628367,2024,4,mississippi-state,florida,0,-17,73,-2.172,54.444,0.44925,0.44293,-2.8579,-5.0299,0.38321,13.066,12.4594,-0.06315,18.615,17.4756,7218
401628486,2024,4,indiana,charlotte,0,38,66,11.4608,56.6617,0.73675,0.72231,0.392,11.8528,0.72934,13.1922,12.3026,-0.0618,18.5862,17.4736,7218
401635552,2024,4,clemson,nc-state,0,24,94,14.0555,46.72,0.78825,0.77273,3.8408,17.8963,0.83141,13.1686,11.7575,-0.05454,18.1257,17.1687,7218
401645328,2024,4,army,rice,0,23,51,8.737,51.035,0.69675,0.67209,-10.2258,-1.4888,0.45715,13.1577,12.2158,-0.05971,18.481,17.4114,7218
401628492,2024,4,ohio-state,marshall,0,35,63,26.6105,53.738,0.922,0.92894,7.8137,34.4242,0.97176,13.2189,11.2439,-0.05118,17.787,16.9101,7218
401643791,2024,4,louisiana,tulane,0,-8,74,3.643,52.7155,0.57888,0.56715,-1.9122,1.7308,0.5264,13.1226,12.3704,-0.06198,18.5836,17.4673,7218
401635556,2024,4,north-carolina,james-madison,0,-20,120,0.5682,57.8747,0.51625,0.50144,6.3788,6.947,0.63387,13.1603,12.6946,-0.06217,18.8446,17.708,7218
401636879,2024,4,west-virginia,kansas,0,4,60,4.6805,58.8895,0.60462,0.5886,-0.2283,4.4522,0.58383,13.1812,12.4188,-0.06271,18.6682,17.534,7218
401628364,2024,4,kentucky,ohio,0,35,47,10.3285,48.514,0.72388,0.70391,6.416,16.7445,0.81202,13.1507,12.0663,-0.05708,18.3481,17.3327,7218
401644735,2024,4,central-michigan,ball-state,0,3,71,3.5367,52.5018,0.57725,0.5649,0.0598,3.5966,0.56616,13.1147,12.3843,-0.06175,18.5856,17.4731,7218
401636875,2024,4,iowa-state,arkansas-state,0,45,59,17.5325,54.7135,0.83437,0.82284,1.3077,18.8402,0.8407,13.2139,12.0257,-0.05957,18.389,17.329,7218
401635558,2024,4,coastal-carolina,virginia,0,-19,67,4.5617,59.1907,0.60088,0.58598,-1.988,2.5738,0.54415,13.1798,12.4642,-0.06272,18.6995,17.5629,7218
401643715,2024,4,temple,utah-state,0,16,74,-5.9637,53.8392,0.37112,0.36368,-0.2108,-6.1746,0.35942,12.9741,12.4645,-0.06193,18.5397,17.426,7218
401641000,2024,4,jacksonville-state,southern-miss,0,37,51,10.4765,50.8485,0.72313,0.70179,-2.5559,7.9206,0.65317,13.6838,12.1602,-0.05949,18.8392,17.7573,7218
401628979,2024,4,notre-dame,miami-oh,0,25,31,17.3407,50.3197,0.8355,0.82316,7.6014,24.9421,0.91087,13.1887,11.7644,-0.05591,18.1574,17.1754,7218
401636877,2024,4,texas-tech,arizona-state,0,8,52,5.2878,53.5388,0.6185,0.60174,-0.4739,4.8139,0.59186,13.1498,12.3543,-0.05924,18.5686,17.5013,7218
401645329,2024,4,navy,memphis,0,12,100,-4.7282,55.3953,0.39538,0.38914,-12.0309,-16.7592,0.17632,13.0333,12.4572,-0.06083,18.5688,17.4728,7218
401628363,2024,4,auburn,arkansas,0,-10,38,8.7615,53.7725,0.6975,0.67187,1.034,9.7955,0.69174,13.1636,12.3066,-0.0611,18.5615,17.4624,7218
401628493,2024,4,penn-state,kent-state,0,56,56,26.9605,52.723,0.92338,0.93273,8.737,35.6975,0.97673,13.2206,11.0812,-0.05151,17.6824,16.8073,7218
401628365,2024,4,lsu,ucla,0,17,51,13.1273,61.8132,0.769,0.75108,2.798,15.9253,0.7962,13.1984,12.3735,-0.06019,18.6269,17.5397,7218
401635554,2024,4,louisville,georgia-tech,0,12,50,12.487,56.0965,0.75475,0.74093,0.6891,13.1761,0.75281,13.2018,12.2672,-0.0596,18.5493,17.4777,7218
401628494,2024,4,virginia-tech,rutgers,0,-3,49,8.1647,45.8693,0.6855,0.66217,0.6053,8.7701,0.67416,13.1157,12.0516,-0.05807,18.32,17.2889,7218
401644736,2024,4,northern-illinois,buffalo,0,-3,43,2.3965,53.147,0.55638,0.54061,0.0376,2.4341,0.54141,13.1146,12.3983,-0.06201,18.5978,17.4799,7218
401628489,2024,4,michigan,usc,0,3,51,14.273,62.0385,0.78687,0.77012,-0.0737,14.1993,0.76892,13.2046,12.3556,-0.0616,18.6312,17.5192,7218
401635553,2024,4,middle-tennessee,duke,0,-28,62,0.0885,52.6335,0.5035,0.49116,-2.5158,-2.4273,0.4374,13.0778,12.4297,-0.06032,18.5779,17.4905,7218
401636876,2024,4,oklahoma-state,utah,0,-3,41,-4.2625,50.377,0.40387,0.39812,-1.0911,-5.3536,0.37548,12.905,12.4188,-0.06059,18.4442,17.3593,7218
401628368,2024,4,missouri,vanderbilt,0,3,57,14.861,54.3775,0.79775,0.78196,2.1158,16.9768,0.81422,13.1926,12.1269,-0.05908,18.4394,17.384,7218
401635557,2024,4,smu,tcu,0,24,108,1.5845,66.5245,0.53913,0.52307,0.4125,1.997,0.53182,13.1854,12.4964,-0.06495,18.7461,17.5673,7218
401641028,2024,4,colorado-state,utep,0,10,44,2.6787,48.5572,0.5615,0.54698,1.7107,4.3894,0.58344,13.0473,12.3189,-0.05839,18.4596,17.4132,7218
401640991,2024,4,liberty,east-carolina,0,11,59,8.1628,53.2037,0.68525,0.6602,-0.7979,7.3649,0.64431,13.1539,12.3051,-0.06112,18.5534,17.4545,7218
401643716,2024,4,north-texas,wyoming,0,27,61,0.9907,51.7097,0.52225,0.51055,2.6585,3.6492,0.56741,13.063,12.3979,-0.06069,18.5475,17.4554,7218
401641037,2024,4,western-kentucky,toledo,0,5,47,2.1097,62.4667,0.5485,0.53434,-1.0074,1.1024,0.51286,13.1602,12.4679,-0.06145,18.6763,17.5634,7218
401641034,2024,4,sam-houston,new-mexico-state,0,20,42,7.8403,48.9982,0.67675,0.65169,2.2379,10.0782,0.69454,13.625,12.1886,-0.06089,18.8263,17.7194,7218
401641008,2024,4,louisiana-tech,tulsa,0,-3,43,0.7375,58.6685,0.51987,0.50508,-0.4366,0.3009,0.49574,13.1511,12.4545,-0.0612,18.6579,17.5504,7218
401635551,2024,4,florida-state,california,0,5,23,7.726,48.3285,0.67388,0.65256,3.3637,11.0897,0.71729,13.1331,12.1694,-0.05888,18.4226,17.3711,7218
401629031,2024,4,uconn,florida-atlantic,0,34,62,-12.098,50.4825,0.24425,0.24479,-1.0304,-13.1284,0.22738,12.5612,12.4796,-0.06025,18.2322,17.165,7218
401628491,2024,4,washington,northwestern,0,19,29,15.56,46.5985,0.81312,0.79812,1.2408,16.8008,0.81693,13.1681,11.6274,-0.05473,18.0376,17.0831,7218
401628372,2024,4,texas-a-m,bowling-green,0,6,46,20.0263,49.1412,0.86938,0.86209,8.1672,28.1934,0.93889,13.2025,11.4532,-0.05151,17.9181,17.0266,7218
401628487,2024,4,minnesota,iowa,0,-17,45,1.7898,38.5812,0.54325,0.52868,-0.3474,1.4424,0.52096,12.6809,11.9933,-0.05479,17.9252,16.9699,7218
401628370,2024,4,south-carolina,akron,0,43,57,22.4495,50.562,0.89338,0.89052,4.945,27.3945,0.934,13.2083,11.3538,-0.05145,17.8549,16.9686,7218
401628369,2024,4,oklahoma,tennessee,0,-10,40,3.9637,64.3032,0.588,0.5734,0.9105,4.8743,0.59238,13.1932,12.4766,-0.06283,18.7193,17.5796,7218
401628366,2024,4,ole-miss,georgia-southern,0,39,65,16.372,57.4895,0.82087,0.80436,5.1978,21.5698,0.87245,13.2081,12.1966,-0.06069,18.514,17.4258,7218
401628490,2024,4,boston-college,michigan-state,0,4,42,-1.537,48.7985,0.4635,0.45603,-1.0226,-2.5596,0.43412,12.9586,12.3902,-0.05831,18.4436,17.3988,7218
401628371,2024,4,texas,louisiana-monroe,0,48,54,27.0797,58.9307,0.92063,0.92851,11.8615,38.9413,0.98293,13.2196,11.7026,-0.05675,18.1457,17.1508,7218
401636874,2024,4,colorado,baylor,0,7,69,-11.9447,54.6702,0.25112,0.24974,0.754,-11.1907,0.26291,12.788,12.4923,-0.06263,18.4284,17.3084,7218
401643711,2024,4,new-mexico,fresno-state,0,-17,59,-15.0962,52.3252,0.19725,0.19565,-1.97,-17.0662,0.16714,12.4925,12.4963,-0.06011,18.1931,17.1305,7218
401643717,2024,4,oregon-state,purdue,0,17,59,7.3453,56.7242,0.66588,0.64335,-2.1265,5.2188,0.59998,13.1817,12.383,-0.06119,18.6298,17.5248,7218
401636872,2024,4,byu,kansas-state,0,29,47,-5.4785,51.592,0.37975,0.37314,-0.9362,-6.4147,0.35413,12.915,12.4466,-0.06141,18.4786,17.3774,7218
401645331,2024,5,temple,army,0,-28,56,-6.5373,49.3113,0.354,0.34903,10.113,3.5758,0.56732,12.5919,12.3687,-0.05618,18.1394,17.1476,7344
401628501,2024,5,rutgers,washington,0,3,39,-10.5685,49.057,0.26738,0.26903,-1.4731,-12.0416,0.24268,12.3769,12.3801,-0.05441,17.9758,17.023,7344
401629032,2024,5,uconn,buffalo,0,44,50,-6.6552,50.9068,0.35075,0.34687,1.9504,-4.7049,0.38726,12.6344,12.3791,-0.05522,18.1698,17.1929,7344
401628497,2024,5,michigan,minnesota,0,3,51,15.2205,49.221,0.81175,0.79282,2.9247,18.1452,0.83607,12.9592,11.8177,-0.05758,18.0343,17.0283,7344
401635564,2024,5,nc-state,northern-illinois,0,7,41,8.5768,51.7638,0.69362,0.6702,5.417,13.9937,0.7691,12.9648,12.2212,-0.0593,18.3367,17.2815,7344
401645332,2024,5,uab,navy,0,-23,59,2.0918,51.3012,0.54875,0.53462,11.0773,13.169,0.75542,12.8652,12.3341,-0.05636,18.3174,17.3135,7344
401628499,2024,5,purdue,nebraska,0,-18,38,2.0395,50.937,0.54838,0.53349,-0.9779,1.0616,0.51223,12.8602,12.3174,-0.05832,18.3188,17.2807,7344
401628377,2024,5,ole-miss,kentucky,0,-3,37,4.567,49.8165,0.60125,0.58791,0.2526,4.8196,0.59328,12.8909,12.2676,-0.05816,18.3047,17.2706,7344
401635560,2024,5,boston-college,western-kentucky,0,1,41,-3.4297,55.1292,0.4245,0.41526,2.8305,-0.5992,0.47613,12.8416,12.3891,-0.05883,18.3607,17.3112,7344
401645337,2024,5,tulane,south-florida,0,35,55,13.9398,58.0932,0.78887,0.76776,0.2479,14.1876,0.77186,12.9846,12.2378,-0.06041,18.373,17.2964,7344
401636880,2024,5,baylor,byu,0,-6,62,6.8953,54.4343,0.65438,0.63617,2.0323,8.9275,0.67684,12.9448,12.2991,-0.05791,18.3651,17.3319,7344
401628496,2024,5,indiana,maryland,0,14,70,0.1925,55.395,0.507,0.49333,-0.5065,-0.314,0.48234,12.9029,12.3794,-0.05674,18.381,17.3668,7344
401636883,2024,5,kansas-state,oklahoma-state,0,22,62,5.7965,50.744,0.62987,0.61382,-0.6839,5.1126,0.59945,12.9136,12.2368,-0.05926,18.3092,17.256,7344
401643793,2024,5,james-madison,ball-state,0,56,70,13.8695,52.4145,0.78713,0.76602,-0.0936,13.7759,0.76446,13.2176,12.0626,-0.05991,18.4205,17.3524,7344
401641041,2024,5,sam-houston,texas-state,1,1,79,3.9132,47.9393,0.583,0.57294,-0.9903,2.923,0.55192,13.2718,12.2375,-0.05773,18.5647,17.5254,7344
401628373,2024,5,texas-a-m,arkansas,1,4,38,6.002,50.503,0.6335,0.61791,2.5707,8.5727,0.67008,12.933,12.248,-0.06034,18.341,17.2673,7344
401628375,2024,5,auburn,oklahoma,0,-6,48,-2.4418,59.5203,0.44538,0.43656,-1.3865,-3.8282,0.40712,12.9146,12.3915,-0.05931,18.4206,17.3595,7344
401628980,2024,5,notre-dame,louisville,0,7,55,11.8475,55.579,0.74675,0.73175,3.1574,15.0049,0.78527,12.9924,12.2296,-0.05868,18.3579,17.3123,7344
401643720,2024,5,unlv,fresno-state,0,45,73,-5.4105,55.344,0.38325,0.37353,0.1301,-5.2804,0.37622,12.8004,12.3899,-0.05828,18.3261,17.2879,7344
401629043,2024,5,miami-oh,umass,0,3,43,23.5255,53.263,0.90075,0.90124,-1.5246,22.0009,0.88558,13.0116,11.5021,-0.05897,17.8676,16.8508,7344
401628502,2024,5,usc,wisconsin,0,17,59,1.5747,57.1377,0.54087,0.52327,1.7424,3.3172,0.5608,12.9368,12.3693,-0.05854,18.4146,17.3673,7344
401644738,2024,5,ohio,akron,0,20,40,18.2117,51.9218,0.84588,0.83669,-1.6575,16.5542,0.81304,12.9877,11.8089,-0.05831,18.056,17.0366,7344
401643794,2024,5,marshall,western-michigan,0,7,47,6.9135,49.753,0.65725,0.63701,0.7603,7.6738,0.65248,12.9192,12.2084,-0.05989,18.2987,17.2354,7344
401643792,2024,5,georgia-state,georgia-southern,0,-17,59,2.4193,59.5288,0.55812,0.54143,0.7007,3.1199,0.55647,12.9644,12.3881,-0.05839,18.4471,17.4007,7344
401644739,2024,5,kent-state,eastern-michigan,0,-19,85,-1.7903,54.5192,0.46037,0.45041,-1.3947,-3.1849,0.42054,12.8561,12.3858,-0.05983,18.3777,17.3099,7344
401643721,2024,5,central-michigan,san-diego-state,0,1,43,1.074,45.125,0.52625,0.51264,-2.6919,-1.6179,0.45347,12.7013,12.2319,-0.05576,18.1181,17.1353,7344
401635659,2024,5,wake-forest,louisiana,0,-3,79,-0.1155,57.355,0.49825,0.48665,1.5586,1.4431,0.52044,12.9191,12.3695,-0.05793,18.3963,17.3607,7344
401636885,2024,5,ucf,colorado,0,-27,69,16.2363,56.6908,0.82288,0.80487,-0.0543,16.1819,0.80405,13.0027,12.1318,-0.06094,18.316,17.2344,7344
401636882,2024,5,kansas,tcu,1,-11,65,-7.5723,64.4668,0.333,0.33099,-1.3215,-8.8938,0.30546,12.9158,12.4261,-0.06135,18.4639,17.3647,7344
401635562,2024,5,duke,north-carolina,0,1,41,-1.9793,59.6893,0.45688,0.44654,-3.0218,-5.001,0.38277,12.9444,12.4034,-0.05881,18.4468,17.3929,7344
401645334,2024,5,east-carolina,utsa,0,10,50,-1.021,54.7345,0.47813,0.46697,-0.6211,-1.6421,0.45353,12.8754,12.3537,-0.05751,18.3491,17.3232,7344
401628378,2024,5,texas,mississippi-state,0,22,48,13.7723,56.0173,0.78663,0.76556,3.9919,17.7642,0.82694,12.9829,12.1793,-0.05973,18.3243,17.2628,7344
401643795,2024,5,bowling-green,old-dominion,0,-3,57,-0.6545,48.9335,0.4865,0.47477,1.056,0.4015,0.49785,12.7646,12.332,-0.05647,18.2425,17.2404,7344
401640981,2024,5,fiu,louisiana-tech,1,7,27,4.1335,68.929,0.59062,0.57772,-0.5571,3.5764,0.56593,13.0081,12.4149,-0.06217,18.5316,17.4144,7344
401643796,2024,5,troy,louisiana-monroe,0,-4,22,14.2667,53.5277,0.7935,0.77471,3.2313,17.498,0.82421,12.9739,12.0912,-0.05884,18.2477,17.2063,7344
401645336,2024,5,north-texas,tulsa,0,32,72,4.3922,60.5262,0.5965,0.5835,0.7352,5.1275,0.59897,12.9708,12.3801,-0.05986,18.459,17.3863,7344
401635561,2024,5,clemson,stanford,0,26,54,20.675,50.56,0.871,0.87076,3.8974,24.5724,0.91121,13.0028,11.5048,-0.05796,17.8542,16.855,7344
401636881,2024,5,houston,iowa-state,0,-20,20,-5.1543,54.0913,0.38538,0.37865,0.087,-5.0673,0.38046,12.7732,12.4026,-0.05616,18.2968,17.2969,7344
401645333,2024,5,rice,charlotte,0,-1,41,4.722,56.718,0.60413,0.59065,-2.087,2.635,0.54614,12.9599,12.3467,-0.05899,18.4195,17.3644,7344
401628374,2024,5,alabama,georgia,0,7,75,1.488,53.116,0.53625,0.52147,0.2163,1.7043,0.52616,12.8996,12.3223,-0.05822,18.3507,17.3127,7344
401628498,2024,5,michigan-state,ohio-state,0,-31,45,-19.974,55.3895,0.13725,0.12641,-5.2586,-25.2326,0.07532,12.2144,12.4396,-0.05469,17.904,16.9504,7344
401628495,2024,5,penn-state,illinois,0,14,28,15.0633,45.9797,0.81275,0.7925,4.5879,19.6512,0.85812,12.9598,11.5867,-0.0566,17.8664,16.8882,7344
401641025,2024,5,memphis,middle-tennessee,0,17,31,12.6238,59.2193,0.76075,0.74473,2.4693,15.093,0.78582,12.9909,12.2982,-0.06099,18.4254,17.3356,7344
401628376,2024,5,lsu,south-alabama,0,32,52,18.0417,57.1713,0.8425,0.83162,6.6745,24.7163,0.90759,12.9936,12.0707,-0.06042,18.2617,17.1925,7344
401643718,2024,5,wyoming,air-force,0,12,50,-3.69,42.642,0.41338,0.40769,8.6504,4.9604,0.59815,12.4089,12.2876,-0.05592,17.9449,16.968,7344
401635563,2024,5,smu,florida-state,0,26,58,1.301,60.8475,0.53212,0.5173,-1.7333,-0.4323,0.47986,12.9568,12.4021,-0.05984,18.4641,17.3913,7344
401636884,2024,5,texas-tech,cincinnati,0,3,85,-1.5465,54.969,0.46688,0.45567,1.3244,-0.2221,0.48433,12.8685,12.3787,-0.05963,18.3802,17.3157,7344
401641035,2024,5,new-mexico-state,new-mexico,0,-10,90,8.1413,53.4502,0.6875,0.66155,-1.7927,6.3485,0.62511,12.9454,12.2704,-0.05704,18.3376,17.3213,7344
401643719,2024,5,boise-state,washington-state,0,21,69,3.6657,57.6958,0.5805,0.56819,-0.0433,3.6224,0.56726,12.9496,12.3632,-0.05989,18.4314,17.3598,7344
401636886,2024,5,utah,arizona,0,-13,33,17.4132,54.1842,0.834,0.8238,1.3772,18.7904,0.84271,12.9842,11.9853,-0.05962,18.1877,17.1371,7344
401628500,2024,5,ucla,oregon,0,-21,47,-6.7115,59.0975,0.35225,0.34745,-2.9979,-9.7094,0.28936,12.8655,12.3883,-0.05985,18.3866,17.318,7344
401643797,2024,6,troy,texas-state,0,-21,55,9.9892,50.4192,0.714,0.69874,-0.7713,9.2179,0.68384,13.0895,12.1479,-0.04117,18.2208,17.4875,7452
401641029,2024,6,utep,sam-houston,0,-20,62,-2.2225,47.922,0.45312,0.44151,-0.6089,-2.8314,0.42855,12.855,12.7685,-0.04276,18.502,17.727,7452
401641001,2024,6,kennesaw-state,jacksonville-state,0,-39,87,-1.0615,49.49,0.4745,0.46834,-2.7122,-3.7737,0.41393,14.3667,12.8165,-0.04229,19.6529,18.8439,7452
401636891,2024,6,tcu,houston,0,-11,49,8.0427,62.0998,0.6745,0.65876,2.2754,10.3181,0.7028,13.1209,12.3924,-0.04383,18.4387,17.6487,7452
401634779,2024,6,unlv,syracuse,0,-3,85,-1.2932,54.7417,0.47225,0.46115,-2.3443,-3.6376,0.41096,13.0369,12.4152,-0.04284,18.3838,17.6134,7452
401628506,2024,6,oregon,michigan-state,0,21,41,14.6692,52.3897,0.78975,0.7827,3.7029,18.3721,0.83782,13.1141,12.0373,-0.03798,18.1346,17.4609,7452
401628383,2024,6,texas-a-m,missouri,0,31,51,6.5485,47.4745,0.64563,0.63006,2.0353,8.5838,0.67138,13.0605,12.1672,-0.04181,18.2182,17.4737,7452
401645339,2024,6,tulsa,army,0,-42,56,-1.7628,52.3678,0.45975,0.45091,10.5736,8.8108,0.67477,12.9839,12.4067,-0.04314,18.3414,17.5673,7452
401628509,2024,6,wisconsin,purdue,0,46,58,10.384,49.2355,0.71888,0.70658,0.6158,10.9998,0.71813,13.104,12.0752,-0.04196,18.188,17.4427,7452
401628510,2024,6,penn-state,ucla,0,16,38,15.132,51.197,0.79838,0.79066,2.5914,17.7234,0.82943,13.129,11.9537,-0.03855,18.0931,17.4116,7452
401629044,2024,6,northern-illinois,umass,0,14,54,19.5552,58.1317,0.85837,0.85225,-2.818,16.7373,0.81365,13.1451,12.0758,-0.04144,18.2148,17.4775,7452
401635567,2024,6,virginia,boston-college,0,10,38,2.8373,54.0272,0.56763,0.55054,-0.1069,2.7303,0.54824,13.1112,12.376,-0.04148,18.3992,17.6524,7452
401635571,2024,6,louisville,smu,0,-7,61,2.1035,64.089,0.55125,0.53458,-0.9295,1.174,0.51455,13.1254,12.4328,-0.04418,18.4735,17.6758,7452
401635572,2024,6,north-carolina,pittsburgh,0,-10,58,1.8332,58.3362,0.545,0.52876,1.5432,3.3764,0.56186,13.1147,12.4461,-0.04437,18.4766,17.6753,7452
401635638,2024,6,nc-state,wake-forest,0,-4,64,2.359,55.2495,0.55438,0.54018,1.6516,4.0106,0.57554,13.1064,12.3913,-0.04391,18.4278,17.6369,7452
401643722,2024,6,air-force,navy,0,-27,41,6.7257,46.9627,0.65063,0.63397,0.0,6.7257,0.63397,13.0562,12.1319,-0.04108,18.1841,17.4538,7452
401645338,2024,6,uab,tulane,0,-51,91,-3.362,54.0055,0.42838,0.41663,-1.3455,-4.7075,0.38825,12.9873,12.4201,-0.04205,18.3438,17.5887,7452
401644741,2024,6,ball-state,western-michigan,0,-3,87,1.726,52.816,0.54113,0.52661,-1.5787,0.1473,0.49234,13.0653,12.3834,-0.04139,18.3696,17.6255,7452
401628503,2024,6,northwestern,indiana,1,-17,65,-5.1532,46.5932,0.388,0.3772,0.1303,-5.023,0.37994,12.6857,12.3732,-0.03984,18.0702,17.3642,7452
401628381,2024,6,georgia,auburn,0,18,44,15.7007,47.7263,0.8115,0.80271,3.2911,18.9919,0.84982,13.0976,11.6799,-0.03544,17.8553,17.2373,7452
401628504,2024,6,ohio-state,iowa,0,28,42,18.6235,47.142,0.85325,0.84796,5.2252,23.8487,0.90725,13.124,11.3624,-0.03234,17.6349,17.0792,7452
401628382,2024,6,south-carolina,ole-miss,0,-24,30,-3.4898,50.4363,0.42413,0.41351,-0.0661,-3.5558,0.4121,12.8972,12.3922,-0.04193,18.2567,17.5072,7452
401629033,2024,6,uconn,temple,0,9,49,0.2838,49.6767,0.50438,0.49528,0.1035,0.3873,0.49754,12.9827,12.3626,-0.04155,18.2954,17.5513,7452
401643799,2024,6,marshall,appalachian-state,0,15,89,-2.6292,52.4682,0.44388,0.4323,0.2262,-2.403,0.43715,12.9875,12.4085,-0.04365,18.3498,17.5664,7452
401635573,2024,6,stanford,virginia-tech,0,-24,38,-3.2367,49.1153,0.42975,0.419,0.456,-2.7807,0.42877,12.87,12.4232,-0.04388,18.2758,17.4912,7452
401644684,2024,6,toledo,miami-oh,0,10,50,7.5775,54.6385,0.66637,0.65009,1.2653,8.8428,0.67526,13.1067,12.3089,-0.04236,18.3566,17.5962,7452
401644740,2024,6,akron,bowling-green,0,-7,47,-5.7122,52.0463,0.37562,0.36692,1.0125,-4.6997,0.38798,12.8782,12.4216,-0.04271,18.2704,17.5065,7452
401645340,2024,6,charlotte,east-carolina,0,31,79,-4.3377,54.1818,0.408,0.39621,0.6955,-3.6422,0.41086,12.982,12.4387,-0.04532,18.3819,17.5675,7452
401628508,2024,6,nebraska,rutgers,0,7,21,9.5467,44.6137,0.7075,0.69242,2.4096,11.9564,0.73781,13.0521,11.8992,-0.03833,17.996,17.3218,7452
401636890,2024,6,oklahoma-state,west-virginia,0,-24,52,8.058,52.6655,0.6785,0.6601,0.0543,8.1123,0.66119,13.089,12.2651,-0.04221,18.3114,17.5556,7452
401628384,2024,6,vanderbilt,alabama,0,5,75,-26.253,60.49,0.07175,0.06692,-6.1218,-32.3748,0.03273,12.242,12.4894,-0.04127,17.8458,17.124,7452
401643724,2024,6,oregon-state,colorado-state,0,8,70,15.9933,51.8713,0.81125,0.80423,1.5371,17.5304,0.82686,13.1361,11.9429,-0.03753,18.0822,17.4188,7452
401643798,2024,6,coastal-carolina,old-dominion,0,8,82,8.206,53.2995,0.67863,0.66284,2.4444,10.6504,0.71005,13.1101,12.2692,-0.04312,18.3379,17.5652,7452
401635569,2024,6,florida-state,clemson,0,-16,42,-3.428,49.2905,0.4255,0.41489,-0.8575,-4.2855,0.39669,12.8809,12.4017,-0.04408,18.2703,17.4825,7452
401643723,2024,6,boise-state,utah-state,0,32,92,13.2588,57.3197,0.76387,0.75716,1.2288,14.4876,0.77767,13.1131,12.2385,-0.04104,18.3004,17.5659,7452
401643800,2024,6,arkansas-state,south-alabama,0,2,34,-3.6755,55.3635,0.42188,0.4102,0.3514,-3.3241,0.41764,13.0211,12.4383,-0.04322,18.3918,17.6142,7452
401643802,2024,6,southern-miss,louisiana,0,-10,36,-10.1328,51.5862,0.28313,0.27875,0.2302,-9.9026,0.28303,12.6896,12.4287,-0.04157,18.1277,17.3892,7452
401643801,2024,6,louisiana-monroe,james-madison,0,2,40,-15.2322,56.4513,0.19612,0.19502,-2.4636,-17.6958,0.16007,12.6764,12.6826,-0.04185,18.3029,17.5523,7452
401628505,2024,6,washington,michigan,0,10,44,-9.084,52.375,0.30388,0.29894,-2.2431,-11.3271,0.25756,12.757,12.431,-0.04066,18.1705,17.4464,7452
401628379,2024,6,arkansas,tennessee,0,5,33,-7.7475,56.953,0.33113,0.3267,-1.5099,-9.2574,0.29762,12.9586,12.4539,-0.04436,18.3669,17.57,7452
401636889,2024,6,iowa-state,baylor,0,22,64,4.3673,50.3432,0.5965,0.58379,-1.279,3.0883,0.55631,13.0576,12.2726,-0.04019,18.2757,17.5567,7452
401628507,2024,6,minnesota,usc,0,7,41,0.703,58.499,0.517,0.5044,-2.9984,-2.2954,0.43969,13.0932,12.4129,-0.04232,18.4192,17.6567,7452
401643726,2024,6,san-jose-state,nevada,0,4,66,9.2568,51.9998,0.69988,0.6839,-0.8534,8.4034,0.66713,13.1137,12.2152,-0.04221,18.295,17.5402,7452
401628380,2024,6,florida,ucf,0,11,37,4.5267,57.1403,0.598,0.58631,2.8098,7.3366,0.64439,13.1275,12.4057,-0.04531,18.466,17.6487,7452
401635570,2024,6,georgia-tech,duke,0,10,38,-1.0938,52.9507,0.476,0.46548,1.2746,0.1809,0.49308,13.0491,12.4108,-0.04357,18.3962,17.6124,7452
401643725,2024,6,san-diego-state,hawaii,0,3,51,8.8375,46.1865,0.69512,0.67773,1.8091,10.6466,0.71276,13.0578,11.9981,-0.03872,18.0719,17.3875,7452
401636888,2024,6,arizona-state,kansas,0,4,66,3.5072,55.4652,0.57763,0.56495,1.1415,4.6487,0.58924,13.0933,12.3769,-0.04196,18.3908,17.6358,7452
401636887,2024,6,arizona,texas-tech,0,-6,50,-1.9438,58.6178,0.458,0.44733,-1.1276,-3.0714,0.42328,13.0774,12.4526,-0.04472,18.4568,17.65,7452
401640982,2024,7,liberty,fiu,0,7,55,6.1383,66.4133,0.628,0.61864,1.2395,7.3777,0.64367,13.0593,12.604,-0.0588,18.6752,17.6082,7548
401641002,2024,7,jacksonville-state,new-mexico-state,0,41,67,13.385,54.268,0.76837,0.75355,1.1536,14.5386,0.7725,13.5087,12.3123,-0.05719,18.791,17.7497,7548
401643803,2024,7,james-madison,coastal-carolina,0,32,46,9.0912,57.7977,0.6955,0.6765,-1.8702,7.221,0.63992,13.2585,12.5223,-0.05839,18.7612,17.6977,7548
401641030,2024,7,western-kentucky,utep,0,27,61,14.1747,54.2602,0.78887,0.77105,1.1948,15.3696,0.79021,13.0544,12.2794,-0.05667,18.422,17.4078,7548
401641009,2024,7,louisiana-tech,middle-tennessee,0,27,69,0.0038,54.7793,0.49588,0.48936,0.5753,0.579,0.5017,13.0015,12.5886,-0.05679,18.6038,17.5762,7548
401628513,2024,7,maryland,northwestern,0,-27,47,9.4845,47.4165,0.70825,0.68824,0.3763,9.8608,0.69548,13.0196,12.189,-0.05331,18.303,17.354,7548
401643733,2024,7,utah-state,unlv,0,-16,84,2.175,59.5945,0.54325,0.53586,-0.6002,1.5748,0.52303,13.018,12.5824,-0.05642,18.6082,17.587,7548
401636892,2024,7,arizona-state,utah,0,8,46,-10.2005,48.602,0.28113,0.27806,0.2243,-9.9762,0.28222,12.4663,12.5829,-0.0534,18.1794,17.2332,7548
401628385,2024,7,alabama,south-carolina,0,2,52,19.5623,55.8457,0.86338,0.85154,4.1804,23.7426,0.89828,13.0471,12.0925,-0.05556,18.2753,17.2894,7548
401644743,2024,7,kent-state,ball-state,0,-2,72,-1.7682,54.4112,0.4575,0.45137,-0.5464,-2.3147,0.43974,12.9607,12.5869,-0.05568,18.5628,17.5569,7548
401628517,2024,7,rutgers,wisconsin,0,-35,49,-11.471,43.6395,0.252,0.25089,-2.0474,-13.5184,0.21576,12.0424,12.5749,-0.04778,17.8219,16.9905,7548
401645342,2024,7,army,uab,0,34,54,4.6077,51.5138,0.591,0.5878,-11.0773,-6.4695,0.35328,12.9888,12.4799,-0.05636,18.5128,17.4982,7548
401635577,2024,7,north-carolina,georgia-tech,0,-7,75,10.2745,58.9205,0.7165,0.70015,1.7472,12.0217,0.73192,13.0633,12.5309,-0.0586,18.6241,17.5638,7548
401628512,2024,7,iowa,washington,0,24,56,0.883,41.0775,0.51675,0.50845,-0.3343,0.5487,0.50108,12.6385,12.2723,-0.05253,18.0731,17.1478,7548
401644745,2024,7,buffalo,toledo,0,15,45,-7.3605,57.2785,0.33638,0.33581,-2.5963,-9.9568,0.28639,12.8953,12.6067,-0.05715,18.5418,17.5111,7548
401635576,2024,7,wake-forest,clemson,0,-35,63,-10.3785,55.2425,0.28175,0.27735,-5.4924,-15.8709,0.18701,12.7597,12.598,-0.05478,18.4155,17.4329,7548
401628389,2024,7,umass,missouri,0,-42,48,-23.4812,56.9102,0.104,0.09104,-4.2125,-27.6937,0.05835,12.1409,12.6369,-0.05179,17.9718,17.0646,7548
401644685,2024,7,eastern-michigan,miami-oh,0,-24,52,-1.2715,47.826,0.46713,0.46163,0.0651,-1.2064,0.46304,12.8181,12.5147,-0.05413,18.3926,17.4228,7548
401645341,2024,7,south-florida,memphis,1,-18,24,-14.116,62.2655,0.2185,0.21498,0.144,-13.972,0.21726,12.8593,12.6218,-0.05629,18.5188,17.5042,7548
401643805,2024,7,georgia-state,old-dominion,0,-7,35,3.5613,51.2707,0.56863,0.56566,2.5825,6.1437,0.61974,12.9964,12.491,-0.05514,18.5159,17.5222,7548
401644744,2024,7,bowling-green,northern-illinois,0,-10,24,-2.451,53.331,0.44263,0.4367,0.8986,-1.5524,0.45588,12.93,12.5606,-0.05544,18.5192,17.5199,7548
401643729,2024,7,colorado-state,san-jose-state,0,7,55,-4.4,49.805,0.39887,0.3951,1.2488,-3.1512,0.42142,12.7806,12.5766,-0.05497,18.417,17.4311,7548
401636895,2024,7,ucf,cincinnati,0,-6,32,1.3092,54.4477,0.52538,0.51739,1.5947,2.9039,0.55154,12.9837,12.5531,-0.0556,18.5548,17.5508,7548
401628516,2024,7,usc,penn-state,0,-3,63,-5.973,57.335,0.36725,0.36359,-0.612,-6.585,0.35128,12.9323,12.598,-0.0561,18.5535,17.5407,7548
401644742,2024,7,western-michigan,akron,0,10,58,14.9742,54.2837,0.80175,0.78417,0.178,15.1522,0.78699,13.0513,12.2499,-0.05762,18.407,17.3774,7548
401635575,2024,7,pittsburgh,california,0,2,32,4.3825,47.731,0.586,0.58352,0.2158,4.5983,0.58809,12.9525,12.395,-0.05433,18.4079,17.4344,7548
401635578,2024,7,virginia,louisville,0,-4,44,-5.6633,57.3017,0.37538,0.37007,-1.4625,-7.1257,0.34077,12.9569,12.6076,-0.05655,18.5824,17.5601,7548
401628981,2024,7,notre-dame,stanford,0,42,56,22.4522,52.4042,0.89538,0.88963,3.5344,25.9867,0.92245,13.0662,11.6058,-0.05257,17.9266,17.014,7548
401628511,2024,7,illinois,purdue,0,1,99,5.3277,50.0602,0.61038,0.60301,-1.6178,3.7099,0.56893,12.9963,12.4279,-0.05689,18.486,17.4636,7548
401628390,2024,7,oklahoma,texas,1,-31,37,-1.6125,62.624,0.46187,0.4549,-0.8991,-2.5116,0.43584,13.0314,12.6047,-0.05775,18.6458,17.599,7548
401643732,2024,7,wyoming,san-diego-state,0,-3,51,1.7683,36.6202,0.53737,0.52853,-2.9154,-1.1472,0.46297,12.4643,11.9964,-0.04945,17.7218,16.8667,7548
401636893,2024,7,byu,arizona,0,22,60,7.1905,54.848,0.65825,0.64084,-1.3341,5.8564,0.61363,13.031,12.4927,-0.05577,18.5481,17.5419,7548
401644746,2024,7,central-michigan,ohio,0,-2,52,0.503,53.267,0.50738,0.50006,0.3166,0.8196,0.50687,12.9663,12.5621,-0.05627,18.5543,17.5386,7548
401628386,2024,7,georgia,mississippi-state,0,10,72,20.0755,49.69,0.87338,0.86359,4.9974,25.0729,0.91567,13.025,11.5548,-0.0515,17.8513,16.9606,7548
401643807,2024,7,louisiana-monroe,southern-miss,0,17,59,0.4207,52.5433,0.50675,0.4983,-4.4839,-4.0631,0.40283,12.9765,12.5534,-0.05527,18.5468,17.5491,7548
401643808,2024,7,texas-state,arkansas-state,0,32,50,2.5757,57.0292,0.5495,0.54441,-0.6287,1.9471,0.53099,13.0178,12.5752,-0.05706,18.6087,17.5761,7548
401645343,2024,7,florida-atlantic,north-texas,0,-4,78,4.0895,57.1725,0.57888,0.5765,-0.0619,4.0276,0.57519,13.0269,12.5609,-0.05699,18.6045,17.5734,7548
401643727,2024,7,new-mexico,air-force,0,15,89,-14.758,48.7925,0.20375,0.19776,8.824,-5.934,0.36007,12.1891,12.5997,-0.04938,17.9581,17.0926,7548
401645344,2024,7,rice,utsa,0,2,56,-6.1128,56.1033,0.36325,0.3605,-2.0125,-8.1252,0.32068,12.8919,12.594,-0.05566,18.5171,17.5138,7548
401643730,2024,7,fresno-state,washington-state,0,-8,42,-0.4737,56.1128,0.48725,0.47912,-0.8021,-1.2758,0.46196,12.9874,12.5882,-0.05688,18.5939,17.5652,7548
401628391,2024,7,tennessee,florida,0,6,40,6.1118,55.9078,0.62962,0.61869,-0.6756,5.4362,0.60476,13.0304,12.526,-0.05664,18.579,17.5557,7548
401643806,2024,7,louisiana,appalachian-state,0,10,58,2.6883,57.4407,0.55188,0.54682,-0.4163,2.2719,0.53794,13.0067,12.5744,-0.05743,18.6031,17.5643,7548
401628515,2024,7,oregon,ohio-state,0,1,63,-9.1435,60.088,0.30763,0.30151,-1.5557,-10.6992,0.27293,12.923,12.6026,-0.05526,18.5426,17.545,7548
401643731,2024,7,nevada,oregon-state,0,5,79,-11.038,54.415,0.26613,0.26496,-1.9325,-12.9705,0.23168,12.712,12.6029,-0.05305,18.3692,17.4193,7548
401628388,2024,7,lsu,ole-miss,0,3,55,7.2322,58.2398,0.65738,0.64138,1.9853,9.2176,0.68045,13.0255,12.5359,-0.05743,18.5895,17.5516,7548
401628387,2024,7,kentucky,vanderbilt,0,-7,33,16.7425,51.5625,0.82975,0.81384,1.755,18.4975,0.83855,13.0545,11.9956,-0.0548,18.2065,17.2381,7548
401635574,2024,7,nc-state,syracuse,0,-7,41,3.601,49.809,0.5695,0.56662,0.4524,4.0534,0.57623,12.9773,12.4617,-0.05544,18.4833,17.4864,7548
401636896,2024,7,west-virginia,iowa-state,0,-12,44,-5.5675,49.711,0.37363,0.37049,0.8125,-4.755,0.38733,12.7201,12.5683,-0.05368,18.3555,17.3954,7548
401643804,2024,7,georgia-southern,marshall,0,1,47,-1.548,52.3305,0.462,0.45596,-1.125,-2.673,0.43196,12.932,12.5505,-0.05531,18.5123,17.5156,7548
401628514,2024,7,ucla,minnesota,0,-4,38,-0.9597,51.3618,0.476,0.46858,1.019,0.0592,0.4905,12.919,12.5559,-0.05613,18.5137,17.5026,7548
401636894,2024,7,colorado,kansas-state,0,-3,59,-13.254,52.7735,0.22812,0.22544,1.8501,-11.4039,0.25703,12.552,12.5931,-0.05272,18.243,17.3053,7548
401643728,2024,7,hawaii,boise-state,0,-21,35,-13.1893,58.1088,0.231,0.2286,-1.796,-14.9852,0.20018,12.75,12.6007,-0.05509,18.413,17.4252,7548
401643809,2024,8,south-alabama,troy,0,16,34,1.1443,48.4382,0.52687,0.51385,1.0486,2.1929,0.53636,12.9274,12.4552,-0.06779,18.5494,17.3327,7652
401641019,2024,8,middle-tennessee,kennesaw-state,0,9,19,1.84,51.539,0.543,0.52727,4.089,5.929,0.60918,13.0048,13.7682,-0.0696,19.586,18.2692,7652
401641010,2024,8,new-mexico-state,louisiana-tech,0,3,63,-1.0392,57.3732,0.47438,0.46727,-3.1057,-4.145,0.40212,13.0302,12.5599,-0.07227,18.7401,17.4322,7652
401641038,2024,8,sam-houston,western-kentucky,0,-17,45,-4.5345,51.9775,0.39213,0.39478,-0.5859,-5.1204,0.38288,13.2494,12.5424,-0.06924,18.8646,17.6025,7652
401640983,2024,8,utep,fiu,0,9,51,-3.9222,63.2413,0.40763,0.40696,-0.9196,-4.8419,0.38809,13.0593,12.5975,-0.0723,18.7891,17.4772,7652
401643810,2024,8,marshall,georgia-state,0,15,55,7.1322,50.5003,0.65625,0.63936,0.4243,7.5566,0.64787,13.0448,12.3691,-0.06951,18.5901,17.3417,7652
401634768,2024,8,virginia-tech,boston-college,0,21,63,5.6235,48.831,0.62188,0.6085,0.5225,6.146,0.61924,13.0433,12.3744,-0.07074,18.6034,17.3326,7652
401634769,2024,8,duke,florida-state,0,7,39,-5.922,51.5805,0.36988,0.36466,-4.6265,-10.5485,0.27582,12.8283,12.5795,-0.06706,18.5595,17.3542,7652
401628523,2024,8,purdue,oregon,0,-35,35,-10.29,58.0,0.28113,0.28097,-3.3766,-13.6666,0.22319,12.8776,12.5639,-0.06934,18.6044,17.3565,7652
401636898,2024,8,byu,oklahoma-state,0,3,73,0.093,52.4925,0.502,0.4913,-1.6201,-1.5271,0.45675,12.9932,12.5115,-0.07064,18.6635,17.3894,7652
401643735,2024,8,nevada,fresno-state,0,-3,45,-6.97,52.082,0.34563,0.34346,-0.8184,-7.7884,0.32736,12.7884,12.576,-0.06778,18.5337,17.3175,7652
401643811,2024,8,coastal-carolina,louisiana,0,-10,58,-2.5763,56.9168,0.43775,0.43474,0.0802,-2.4961,0.43643,13.0164,12.5683,-0.07073,18.7225,17.4427,7652
401645346,2024,8,army,east-carolina,0,17,73,6.6002,49.7712,0.64525,0.62851,-11.6173,-5.017,0.3834,13.0378,12.3694,-0.07156,18.6028,17.3178,7652
401636899,2024,8,cincinnati,arizona-state,0,10,38,9.2063,49.8782,0.70163,0.68082,-1.7983,7.408,0.64539,13.0466,12.2664,-0.07025,18.5247,17.2683,7652
401629034,2024,8,uconn,wake-forest,0,-3,43,-12.7065,57.164,0.24013,0.23824,-1.8526,-14.5591,0.20844,12.7868,12.5861,-0.06887,18.5493,17.3131,7652
401628519,2024,8,indiana,nebraska,0,49,63,-0.5355,49.842,0.48712,0.47777,-2.3076,-2.8431,0.42859,12.9125,12.496,-0.06876,18.5761,17.3405,7652
401628522,2024,8,northwestern,wisconsin,1,-20,26,-14.1632,42.2737,0.207,0.20283,-1.8152,-15.9784,0.17503,11.6785,12.5416,-0.05898,17.6339,16.6253,7652
401628395,2024,8,missouri,auburn,0,4,38,-1.6318,50.8102,0.45913,0.45439,-0.4986,-2.1303,0.44378,12.9202,12.5195,-0.06932,18.6036,17.3564,7652
401628524,2024,8,rutgers,ucla,0,-3,67,-6.221,50.592,0.361,0.35839,-1.8104,-8.0314,0.32258,12.7802,12.5557,-0.0694,18.527,17.2831,7652
401635588,2024,8,clemson,virginia,0,17,79,18.0748,52.7568,0.84563,0.8308,4.9828,23.0576,0.89042,13.0904,11.9938,-0.06941,18.3577,17.1293,7652
401628396,2024,8,oklahoma,south-carolina,0,-26,44,12.0435,57.8445,0.747,0.73154,2.0594,14.1029,0.76658,13.0957,12.4272,-0.07241,18.6949,17.3886,7652
401645351,2024,8,temple,tulsa,0,10,30,-3.133,54.022,0.42475,0.42285,-0.4606,-3.5936,0.41322,12.9587,12.5649,-0.0697,18.6682,17.41,7652
401644750,2024,8,eastern-michigan,central-michigan,0,4,72,0.7127,54.7067,0.516,0.50454,0.7884,1.5011,0.52136,13.0253,12.5243,-0.07014,18.6923,17.4251,7652
401628982,2024,8,georgia-tech,notre-dame,1,-18,44,-19.8218,54.0718,0.13662,0.13099,-3.8465,-23.6682,0.09109,12.2566,12.594,-0.06273,18.1163,17.0137,7652
401644751,2024,8,northern-illinois,toledo,0,-7,19,-6.3317,59.0542,0.36138,0.35752,-2.5587,-8.8905,0.30789,12.9856,12.5876,-0.07051,18.7116,17.4363,7652
401645348,2024,8,utsa,florida-atlantic,0,14,62,3.2907,55.1333,0.56812,0.55926,0.9914,4.2822,0.58006,13.0581,12.5182,-0.07093,18.7192,17.4365,7652
401643736,2024,8,washington-state,hawaii,0,32,52,16.149,59.533,0.81825,0.7993,1.8393,17.9883,0.82582,13.1042,12.3511,-0.07264,18.649,17.3423,7652
401636901,2024,8,kansas,houston,1,28,56,-2.767,61.642,0.435,0.43089,0.9538,-1.8132,0.45094,13.0526,12.5684,-0.07242,18.7642,17.452,7652
401628518,2024,8,illinois,michigan,0,14,28,-13.2895,49.7555,0.22925,0.22454,-3.9023,-17.1918,0.16573,12.3959,12.5782,-0.06411,18.2171,17.0844,7652
401644748,2024,8,bowling-green,kent-state,0,21,33,2.2393,55.3427,0.5485,0.537,0.9346,3.1739,0.55677,13.0469,12.538,-0.07093,18.7251,17.4418,7652
401645347,2024,8,navy,charlotte,0,34,68,12.113,54.6995,0.7495,0.73371,-12.3128,-0.1998,0.485,13.0901,12.3271,-0.07119,18.6087,17.3301,7652
401635587,2024,8,california,nc-state,0,-1,47,3.94,45.681,0.5825,0.57394,-0.3804,3.5596,0.56584,12.9364,12.3242,-0.06684,18.454,17.2605,7652
401645350,2024,8,tulane,rice,0,14,34,14.9473,54.8093,0.803,0.7819,2.1969,17.1442,0.81515,13.0854,12.2486,-0.07178,18.5544,17.2699,7652
401644749,2024,8,buffalo,western-michigan,0,-7,89,2.2368,53.8663,0.55,0.537,-2.1266,0.1101,0.49168,13.0416,12.5215,-0.07005,18.7016,17.4354,7652
401644686,2024,8,miami-oh,ohio,0,10,50,3.3195,47.834,0.56938,0.56048,1.0399,4.3594,0.58251,12.9591,12.379,-0.06877,18.5268,17.2948,7652
401643813,2024,8,old-dominion,texas-state,0,10,38,2.7295,49.484,0.55875,0.54766,-2.1132,0.6163,0.50249,12.9862,12.4507,-0.07092,18.6171,17.3415,7652
401645345,2024,8,south-florida,uab,0,10,60,-2.4035,57.376,0.4425,0.43838,1.0976,-1.3059,0.46158,13.0317,12.5663,-0.06973,18.7237,17.4614,7652
401628397,2024,8,tennessee,alabama,0,7,41,-6.2315,60.503,0.36288,0.35979,-3.0315,-9.263,0.30129,13.0221,12.5819,-0.07222,18.7496,17.4418,7652
401643812,2024,8,georgia-southern,james-madison,0,14,42,-9.0847,57.6552,0.306,0.30509,1.3077,-7.7771,0.32987,12.9111,12.7796,-0.07101,18.8002,17.5094,7652
401636902,2024,8,texas-tech,baylor,0,-24,94,-1.6097,57.9688,0.46075,0.45519,0.4294,-1.1803,0.46428,13.0386,12.5688,-0.07098,18.7415,17.456,7652
401643738,2024,8,san-jose-state,wyoming,0,10,38,4.182,47.525,0.58762,0.57878,0.4718,4.6538,0.58871,12.9718,12.3677,-0.0683,18.5241,17.3007,7652
401636897,2024,8,arizona,colorado,0,-27,41,6.4453,56.5048,0.637,0.62457,-1.4522,4.993,0.59482,13.0822,12.4878,-0.07202,18.7249,17.4229,7652
401643737,2024,8,utah-state,new-mexico,0,-5,95,12.2767,57.3798,0.751,0.73573,1.4999,13.7766,0.76131,13.0839,12.4201,-0.07298,18.686,17.3703,7652
401628521,2024,8,maryland,usc,0,1,57,-5.0488,64.5208,0.38525,0.38384,-3.1813,-8.2301,0.32104,13.0624,12.595,-0.07152,18.7828,17.485,7652
401628394,2024,8,mississippi-state,texas-a-m,0,-10,58,-3.3265,49.768,0.418,0.41835,-3.2431,-6.5696,0.35167,12.8474,12.5485,-0.06862,18.5646,17.3319,7652
401628392,2024,8,arkansas,lsu,0,-24,44,-9.7388,60.0393,0.29138,0.2918,-2.4125,-12.1512,0.24911,12.9493,12.5858,-0.07005,18.6794,17.4142,7652
401628399,2024,8,vanderbilt,ball-state,0,10,38,0.8502,54.4802,0.51988,0.50747,4.4043,5.2545,0.60037,13.0223,12.5455,-0.06911,18.6962,17.4468,7652
401643814,2024,8,southern-miss,arkansas-state,0,-16,72,0.9345,55.608,0.52125,0.50924,-0.1474,0.7871,0.50611,13.0501,12.5486,-0.07285,18.7519,17.4331,7652
401628398,2024,8,texas,georgia,0,-15,45,-4.5282,50.9853,0.39425,0.39319,-1.0055,-5.5337,0.37252,12.8457,12.544,-0.06792,18.554,17.3342,7652
401636904,2024,8,west-virginia,kansas-state,0,-27,63,-5.8555,52.566,0.368,0.3662,0.6296,-5.2259,0.37902,12.8588,12.5532,-0.06989,18.5874,17.3312,7652
401636900,2024,8,iowa-state,ucf,0,3,73,6.1627,51.5078,0.634,0.61948,-1.9787,4.1841,0.57842,13.0423,12.4135,-0.0696,18.6209,17.3684,7652
401645349,2024,8,memphis,north-texas,0,8,96,10.9875,64.224,0.73,0.71182,0.7221,11.7096,0.7248,13.0936,12.5354,-0.07245,18.7714,17.4584,7652
401628520,2024,8,michigan-state,iowa,0,12,52,-3.7587,38.3372,0.4035,0.40593,-0.0334,-3.7922,0.40521,12.2713,12.3149,-0.05914,17.8918,16.8632,7652
401628393,2024,8,florida,kentucky,0,28,68,2.942,50.1135,0.56337,0.55215,2.011,4.953,0.59447,13.0013,12.4629,-0.06981,18.6274,17.3706,7652
401635590,2024,8,stanford,smu,0,-30,50,-10.7058,61.0003,0.27225,0.27442,-1.3065,-12.0123,0.25162,12.9506,12.5997,-0.07023,18.692,17.4227,7652
401643734,2024,8,air-force,colorado-state,0,-8,34,11.7718,46.3233,0.74725,0.73098,-10.3709,1.4008,0.51962,13.0606,11.9722,-0.06762,18.3047,17.1104,7652
401643739,2024,8,oregon-state,unlv,0,-8,58,11.378,60.1305,0.73438,0.71917,0.984,12.362,0.7366,13.0994,12.4847,-0.07286,18.7428,17.425,7652
401636903,2024,8,utah,tcu,0,-6,20,9.0527,56.5412,0.69763,0.67636,-0.4044,8.6484,0.66855,13.0709,12.4691,-0.07084,18.6927,17.4136,7652
401640984,2024,9,fiu,sam-houston,1,-3,17,0.0712,60.0748,0.50675,0.49097,0.3107,0.382,0.49751,12.8436,12.9814,-0.07588,18.9414,17.5548,7768
401641011,2024,9,louisiana-tech,utep,0,4,24,3.7055,54.27,0.58925,0.56841,1.4767,5.1822,0.59937,12.8274,12.5414,-0.07513,18.6011,17.2528,7768
401640993,2024,9,kennesaw-state,liberty,0,3,51,-4.5947,51.5757,0.39963,0.39616,-5.3467,-9.9415,0.29472,13.7856,12.588,-0.07457,19.349,17.9616,7768
401641003,2024,9,jacksonville-state,middle-tennessee,0,22,62,9.3693,52.6283,0.70475,0.6813,-1.3768,7.9924,0.65475,13.281,12.3915,-0.07339,18.8174,17.4865,7768
401643815,2024,9,old-dominion,georgia-southern,0,28,66,-0.1612,52.4758,0.499,0.4858,-1.8818,-2.0431,0.44557,12.778,12.5662,-0.07481,18.5798,17.2384,7768
401634770,2024,9,pittsburgh,syracuse,0,28,54,6.938,51.41,0.66387,0.63604,0.2877,7.2257,0.64186,12.8369,12.4217,-0.07327,18.5054,17.1964,7768
401634771,2024,9,boston-college,louisville,0,-4,58,-6.6945,54.125,0.35025,0.34937,-1.3555,-8.05,0.32278,12.7101,12.6182,-0.07734,18.5896,17.2035,7768
401643740,2024,9,unlv,boise-state,0,-5,53,-8.3828,56.9188,0.31613,0.3163,-0.6287,-9.0114,0.30436,12.7125,12.6235,-0.07563,18.5804,17.2246,7768
401628532,2024,9,usc,rutgers,0,22,62,15.1872,57.4367,0.80037,0.78667,3.7899,18.9771,0.84135,12.8793,12.3502,-0.07223,18.4766,17.1879,7768
401628530,2024,9,ohio-state,nebraska,0,4,38,24.0355,54.4285,0.90275,0.90465,3.9543,27.9898,0.93679,12.8888,11.6884,-0.06898,17.9868,16.7916,7768
401628526,2024,9,indiana,washington,0,14,48,-5.5192,54.3263,0.38,0.3729,-1.3711,-6.8904,0.34531,12.723,12.6078,-0.07457,18.5676,17.231,7768
401645354,2024,9,north-texas,tulane,0,-8,82,-5.419,60.2875,0.382,0.37551,-1.1139,-6.5329,0.35309,12.8005,12.6312,-0.07611,18.6551,17.2854,7768
401628402,2024,9,ole-miss,oklahoma,0,12,40,-0.4833,59.7982,0.49162,0.47901,-1.9933,-2.4766,0.4367,12.847,12.6045,-0.07723,18.6798,17.289,7768
401628983,2024,9,navy,notre-dame,1,-37,65,-15.6822,51.0683,0.187,0.18661,-17.1985,-32.8808,0.03311,12.1643,12.6344,-0.07368,18.1727,16.8805,7768
401645353,2024,9,memphis,charlotte,0,5,61,18.086,61.477,0.8405,0.82853,-0.2819,17.8041,0.82463,12.901,12.3892,-0.0749,18.5437,17.2042,7768
401644755,2024,9,ohio,buffalo,0,31,63,5.2385,50.5725,0.62412,0.60105,0.2912,5.5297,0.60711,12.8115,12.4416,-0.07378,18.5053,17.1875,7768
401635598,2024,9,virginia,north-carolina,0,-27,55,-3.233,61.2525,0.42975,0.4209,-2.5206,-5.7536,0.36905,12.8509,12.6362,-0.07685,18.7024,17.3165,7768
401635597,2024,9,virginia-tech,georgia-tech,0,15,27,6.92,50.1285,0.66138,0.63563,-0.144,6.776,0.63271,12.848,12.4021,-0.07463,18.5113,17.1784,7768
401628403,2024,9,mississippi-state,arkansas,0,-33,83,2.586,54.984,0.56375,0.54459,-0.6724,1.9136,0.53025,12.8348,12.5592,-0.07591,18.6263,17.2624,7768
401643816,2024,9,appalachian-state,georgia-state,0,7,59,10.8518,60.1348,0.7275,0.71076,0.1981,11.0498,0.71438,12.8785,12.5277,-0.07545,18.6318,17.2758,7768
401645352,2024,9,east-carolina,temple,0,22,90,8.728,49.9975,0.697,0.67228,1.5042,10.2322,0.70118,12.8312,12.33,-0.07373,18.4391,17.1271,7768
401644687,2024,9,miami-oh,central-michigan,0,39,53,4.818,50.891,0.6145,0.59222,0.7233,5.5413,0.60731,12.8156,12.4569,-0.0729,18.5119,17.2087,7768
401645355,2024,9,tulsa,utsa,0,1,91,-3.9007,57.9112,0.413,0.40664,-1.6647,-5.5655,0.37238,12.7949,12.6136,-0.07527,18.6309,17.2777,7768
401636911,2024,9,ucf,byu,0,-13,61,4.4778,55.6223,0.60487,0.58462,2.732,7.2097,0.64077,12.8313,12.5486,-0.0753,18.6107,17.2586,7768
401636906,2024,9,baylor,oklahoma-state,0,10,66,3.3815,54.1095,0.58062,0.56154,0.4121,3.7936,0.57025,12.8273,12.5459,-0.07541,18.6067,17.2529,7768
401644752,2024,9,akron,eastern-michigan,0,4,46,-10.4653,52.1647,0.27425,0.27611,0.5525,-9.9127,0.28622,12.5229,12.6262,-0.07603,18.4468,17.0939,7768
401644753,2024,9,ball-state,northern-illinois,0,2,48,1.0093,51.5983,0.53113,0.51094,0.5103,1.5196,0.5219,12.7845,12.5418,-0.07445,18.5638,17.2298,7768
401635599,2024,9,stanford,wake-forest,0,-3,51,-5.501,56.6685,0.37825,0.37359,1.595,-3.906,0.40645,12.7665,12.6078,-0.07645,18.6159,17.2433,7768
401636910,2024,9,tcu,texas-tech,0,1,69,5.4225,61.655,0.62438,0.60398,0.6539,6.0764,0.61741,12.8626,12.5828,-0.07657,18.6697,17.2913,7768
401643817,2024,9,james-madison,southern-miss,0,17,47,16.9428,51.9802,0.82462,0.81444,-2.0203,14.9225,0.78362,13.0668,12.0241,-0.07215,18.3846,17.1069,7768
401644756,2024,9,western-michigan,kent-state,0,31,73,7.127,58.0545,0.66338,0.63895,2.1251,9.2521,0.68071,12.8595,12.5368,-0.07652,18.6336,17.2588,7768
401644754,2024,9,toledo,bowling-green,0,-15,67,15.121,56.8375,0.799,0.78566,1.6602,16.7812,0.81093,12.8721,12.3399,-0.07339,18.4737,17.1654,7768
401628400,2024,9,alabama,missouri,0,34,34,17.7828,56.6872,0.837,0.82625,4.006,21.7888,0.87641,12.8808,12.222,-0.07351,18.3966,17.0923,7768
401628525,2024,9,oregon,illinois,0,29,47,11.6848,51.7897,0.74312,0.72831,4.9944,16.6791,0.81032,12.8497,12.2824,-0.07209,18.4046,17.1235,7768
401628528,2024,9,minnesota,maryland,0,25,71,7.2853,50.6707,0.67087,0.64332,0.1829,7.4682,0.64701,12.8264,12.3889,-0.0729,18.4707,17.1707,7768
401629035,2024,9,uconn,rice,0,7,27,-2.829,50.7345,0.43638,0.42871,-0.0093,-2.8383,0.42851,12.7095,12.5715,-0.07432,18.529,17.1995,7768
401628527,2024,9,iowa,northwestern,0,26,54,12.73,35.578,0.77875,0.76143,0.9065,13.6365,0.77745,12.7074,10.8066,-0.06444,17.2034,16.142,7768
401635594,2024,9,california,oregon-state,0,37,51,-1.2772,51.1672,0.46875,0.46187,1.4323,0.155,0.49259,12.7523,12.5574,-0.07592,18.5641,17.2045,7768
401628405,2024,9,vanderbilt,texas,0,-3,51,-19.767,56.71,0.1375,0.13363,-4.9,-24.667,0.08416,12.2612,12.6543,-0.075,18.2686,16.9468,7768
401643819,2024,9,south-alabama,louisiana-monroe,0,29,63,11.0005,52.373,0.73075,0.71524,4.2799,15.2804,0.78832,12.8646,12.3272,-0.07372,18.4618,17.1486,7768
401643741,2024,9,colorado-state,new-mexico,0,11,23,6.3007,54.7357,0.64638,0.62248,1.547,7.8477,0.65366,12.8458,12.5073,-0.07531,18.5915,17.2409,7768
401643818,2024,9,arkansas-state,troy,0,3,65,-5.1393,54.0782,0.389,0.38073,1.4,-3.7393,0.40974,12.7259,12.6021,-0.07579,18.5761,17.2178,7768
401643745,2024,9,wyoming,utah-state,0,-2,52,6.5203,54.5597,0.65237,0.62705,-1.6735,4.8468,0.5925,12.8475,12.4939,-0.07473,18.578,17.2385,7768
401636908,2024,9,houston,utah,0,3,31,-9.6365,53.3495,0.29375,0.29178,-1.871,-11.5075,0.25805,12.5912,12.6121,-0.07651,18.4906,17.1261,7768
401636905,2024,9,arizona,west-virginia,0,-5,57,-1.4492,55.3548,0.46375,0.45831,-0.2317,-1.681,0.45338,12.7971,12.5887,-0.07603,18.6209,17.2553,7768
401628404,2024,9,texas-a-m,lsu,0,15,61,-3.7218,53.4363,0.41725,0.4102,0.1582,-3.5635,0.41351,12.758,12.5888,-0.07637,18.595,17.2253,7768
401628529,2024,9,michigan,michigan-state,0,7,41,19.098,49.0775,0.85975,0.85005,2.6108,21.7088,0.88143,12.8593,11.6509,-0.06931,17.9408,16.7433,7768
401628531,2024,9,wisconsin,penn-state,0,-15,41,-4.0128,43.1467,0.40825,0.40211,-2.3544,-6.3671,0.353,12.3839,12.4888,-0.07132,18.2042,16.9491,7768
401628401,2024,9,kentucky,auburn,0,-14,34,0.7997,47.4502,0.52513,0.50648,-0.8594,-0.0597,0.48791,12.7172,12.4774,-0.07391,18.4626,17.1452,7768
401636909,2024,9,kansas-state,kansas,0,2,56,12.5062,57.5258,0.75575,0.74131,-0.8579,11.6483,0.72612,12.8673,12.4299,-0.07467,18.546,17.21,7768
401635595,2024,9,duke,smu,0,-1,55,-6.134,60.8165,0.36725,0.36131,-2.8932,-9.0272,0.3051,12.823,12.6359,-0.07769,18.6888,17.2892,7768
401643742,2024,9,fresno-state,san-jose-state,0,23,43,5.0398,52.2207,0.61838,0.59666,1.6718,6.7115,0.63112,12.8231,12.4892,-0.07421,18.5522,17.2233,7768
401636907,2024,9,colorado,cincinnati,0,11,57,-10.528,52.5905,0.27437,0.27496,1.649,-8.879,0.30556,12.5349,12.6135,-0.07587,18.4449,17.0948,7768
401643744,2024,9,san-diego-state,washington-state,0,-3,55,-5.211,45.764,0.38125,0.37766,-0.0302,-5.2412,0.37703,12.4656,12.5469,-0.07356,18.3255,17.0237,7768
401643743,2024,9,hawaii,nevada,0,21,47,-0.1525,54.5855,0.4995,0.48601,-0.2188,-0.3713,0.48132,12.7835,12.5754,-0.0756,18.5975,17.241,7768
401640985,2024,10,fiu,new-mexico-state,1,21,47,6.5217,65.3042,0.64213,0.62745,2.5487,9.0704,0.67821,13.1902,12.502,-0.03883,18.5226,17.8178,7880
401643820,2024,10,texas-state,louisiana,0,-6,40,-8.2875,53.5375,0.32125,0.31522,-0.2511,-8.5386,0.31036,12.8736,12.5183,-0.03474,18.2657,17.6421,7880
401641012,2024,10,sam-houston,louisiana-tech,0,6,12,5.856,50.951,0.62462,0.61318,-0.8678,4.9882,0.59523,13.4802,12.3701,-0.0361,18.6219,17.9637,7880
401640994,2024,10,liberty,jacksonville-state,0,-10,52,1.3405,56.125,0.53175,0.51791,2.6345,3.975,0.57365,13.1198,12.8695,-0.03694,18.7144,18.0355,7880
401641020,2024,10,western-kentucky,kennesaw-state,0,17,45,11.2428,53.7837,0.7265,0.71413,4.3824,15.6252,0.78704,13.1528,13.232,-0.03681,18.9972,18.3103,7880
401645356,2024,10,charlotte,tulane,0,-31,37,-12.0977,58.6878,0.24475,0.2458,-0.11,-12.2077,0.24391,12.9207,12.5305,-0.03563,18.3166,17.6754,7880
401629036,2024,10,uconn,georgia-state,0,7,61,-5.8525,53.396,0.37212,0.36438,-0.5122,-6.3647,0.35393,12.9395,12.5109,-0.03595,18.3192,17.6724,7880
401645357,2024,10,florida-atlantic,south-florida,0,-23,65,8.9422,56.1372,0.69175,0.67659,-0.928,8.0143,0.6583,13.1554,12.4178,-0.03739,18.4251,17.7496,7880
401643747,2024,10,boise-state,san-diego-state,0,32,80,10.8332,44.8903,0.73,0.71696,-0.0131,10.8201,0.71671,13.0904,11.9118,-0.03535,18.0076,17.3847,7880
401643746,2024,10,army,air-force,0,17,23,-0.4743,47.3118,0.491,0.4787,0.0,-0.4743,0.4787,12.9177,12.4249,-0.03575,18.2407,17.6002,7880
401628539,2024,10,penn-state,ohio-state,0,-7,33,-5.3712,53.6947,0.38538,0.37456,-1.9622,-7.3334,0.33481,12.9906,12.5145,-0.036,18.3596,17.7106,7880
401628538,2024,10,purdue,northwestern,0,-6,46,7.6907,48.8418,0.667,0.65313,1.1994,8.8902,0.67705,13.1011,12.2556,-0.03623,18.2612,17.6127,7880
401628533,2024,10,illinois,minnesota,0,-8,42,-0.837,46.5465,0.48525,0.4707,-0.9776,-1.8146,0.44937,12.8878,12.4017,-0.03424,18.1891,17.577,7880
401644758,2024,10,eastern-michigan,toledo,0,-1,57,-6.507,58.7625,0.36025,0.35186,-1.2002,-7.7072,0.328,13.0682,12.5105,-0.03724,18.4247,17.7514,7880
401628406,2024,10,arkansas,ole-miss,0,-32,94,-5.005,54.5965,0.39225,0.38218,-0.4272,-5.4322,0.37334,12.9957,12.5088,-0.03653,18.3639,17.7054,7880
401635604,2024,10,syracuse,virginia-tech,0,7,69,0.116,50.2185,0.50675,0.49165,0.0602,0.1762,0.49296,13.0336,12.4767,-0.03505,18.356,17.7241,7880
401644757,2024,10,akron,buffalo,0,-11,71,-9.3267,52.7248,0.30213,0.29476,1.9487,-7.3781,0.33268,12.8034,12.5245,-0.03416,18.214,17.6022,7880
401645359,2024,10,utsa,memphis,0,8,80,-3.162,62.4195,0.43412,0.42152,0.2074,-2.9546,0.42591,13.1203,12.5247,-0.03958,18.4937,17.7765,7880
401635516,2024,10,nc-state,stanford,0,31,87,9.3972,50.2518,0.70575,0.68689,0.0566,9.4538,0.68798,13.1357,12.2398,-0.03531,18.2678,17.6353,7880
401628407,2024,10,auburn,vanderbilt,0,-10,24,17.6015,53.78,0.83825,0.82659,2.6144,20.2159,0.86095,13.1822,12.0358,-0.03721,18.178,17.5164,7880
401643821,2024,10,appalachian-state,old-dominion,0,8,48,11.7317,55.7877,0.73887,0.72947,2.7806,14.5123,0.77713,13.1664,12.3445,-0.03672,18.376,17.7144,7880
401645358,2024,10,uab,tulsa,0,38,80,5.6468,56.7523,0.6225,0.60973,0.5037,6.1504,0.62016,13.16,12.471,-0.0381,18.4721,17.7822,7880
401628408,2024,10,georgia,florida,1,14,54,12.2052,51.3858,0.75138,0.73949,2.1396,14.3448,0.77609,13.1378,12.188,-0.03597,18.2392,17.5963,7880
401635602,2024,10,florida-state,north-carolina,0,-24,46,5.9713,58.1993,0.62713,0.61625,1.6047,7.576,0.6489,13.1955,12.4927,-0.03732,18.5066,17.8293,7880
401643822,2024,10,marshall,louisiana-monroe,0,5,51,12.742,51.562,0.76088,0.74886,4.8962,17.6382,0.8262,13.1725,12.163,-0.03587,18.2469,17.6056,7880
401628534,2024,10,michigan-state,indiana,0,-37,57,3.3215,51.027,0.57163,0.56102,1.0034,4.3249,0.58244,13.0961,12.4141,-0.03707,18.3759,17.7078,7880
401628536,2024,10,michigan,oregon,0,-21,55,7.627,55.038,0.66387,0.65082,-1.0921,6.5349,0.6286,13.1252,12.3959,-0.03778,18.3908,17.7097,7880
401628537,2024,10,nebraska,ucla,0,-7,47,1.1952,51.9532,0.53112,0.5151,0.5992,1.7945,0.5281,13.0556,12.4616,-0.03546,18.3651,17.7258,7880
401636914,2024,10,iowa-state,texas-tech,0,-1,45,9.4282,54.0463,0.70563,0.68661,-1.7084,7.7198,0.65292,13.1624,12.3462,-0.03526,18.3613,17.7262,7880
401636916,2024,10,ucf,arizona,0,44,68,10.9755,58.243,0.72862,0.71504,1.3979,12.3734,0.74021,13.1739,12.4108,-0.03779,18.4374,17.7546,7880
401636915,2024,10,oklahoma-state,arizona-state,0,-21,63,8.3235,50.9105,0.6825,0.66543,-1.3155,7.008,0.63888,13.1191,12.3042,-0.03618,18.3081,17.6586,7880
401641026,2024,10,utep,middle-tennessee,0,-7,33,-1.024,51.636,0.47937,0.4669,-0.9014,-1.9254,0.44742,13.0158,12.4784,-0.03564,18.3493,17.7071,7880
401636913,2024,10,houston,kansas-state,0,5,43,-6.7383,55.7377,0.35138,0.34648,-0.0959,-6.8342,0.34455,12.9755,12.5047,-0.03495,18.3323,17.7028,7880
401643750,2024,10,new-mexico,wyoming,0,-4,94,-5.5747,52.3367,0.37975,0.37,0.1736,-5.4012,0.37359,12.9169,12.5113,-0.03624,18.3055,17.6541,7880
401645360,2024,10,rice,navy,0,14,34,-5.974,52.12,0.36988,0.36177,10.2258,4.2518,0.58121,12.9105,12.5179,-0.03578,18.3014,17.6582,7880
401643824,2024,10,troy,coastal-carolina,0,14,62,2.8545,54.9825,0.56263,0.55081,-1.1025,1.752,0.52707,13.1109,12.4842,-0.03707,18.436,17.7656,7880
401628409,2024,10,mississippi-state,umass,0,25,65,27.0802,60.1088,0.92612,0.92952,3.0047,30.0849,0.94936,13.2091,11.846,-0.03563,18.0543,17.4257,7880
401643749,2024,10,fresno-state,hawaii,0,-1,41,13.7435,55.455,0.77812,0.76496,1.0372,14.7807,0.78199,13.1721,12.2553,-0.0385,18.3338,17.6427,7880
401628411,2024,10,south-carolina,texas-a-m,0,24,64,-2.506,46.5145,0.44588,0.43434,-2.2096,-4.7156,0.3871,12.8389,12.4539,-0.03308,18.1801,17.5885,7880
401628535,2024,10,iowa,wisconsin,0,32,52,0.3107,38.0502,0.51025,0.49574,-0.9086,-0.5979,0.47529,12.5601,12.109,-0.03057,17.7111,17.1781,7880
401643823,2024,10,south-alabama,georgia-southern,0,-4,64,6.0078,55.3422,0.63013,0.6175,0.5086,6.5164,0.62798,13.1413,12.4366,-0.03718,18.426,17.7542,7880
401628540,2024,10,washington,usc,0,5,47,1.638,63.156,0.53738,0.52452,-2.3168,-0.6788,0.4746,13.1483,12.5179,-0.03881,18.5028,17.7989,7880
401635600,2024,10,clemson,louisville,0,-12,54,10.2455,54.181,0.71863,0.7019,3.5204,13.7659,0.76463,13.1697,12.347,-0.0381,18.3924,17.7058,7880
401628412,2024,10,tennessee,kentucky,0,10,46,7.8057,51.4772,0.66912,0.65473,1.3354,9.1411,0.68115,13.1322,12.3282,-0.03795,18.3501,17.6678,7880
401643748,2024,10,nevada,colorado-state,0,-17,59,2.1825,48.2105,0.548,0.53665,-0.3954,1.7871,0.52805,13.0226,12.3913,-0.03528,18.2899,17.6563,7880
401636912,2024,10,baylor,tcu,0,3,71,4.0825,61.009,0.58888,0.57683,-1.0834,2.9991,0.55377,13.151,12.5049,-0.03775,18.4861,17.8018,7880
401635627,2024,10,smu,pittsburgh,0,23,73,4.6595,61.6705,0.602,0.58889,1.4146,6.0741,0.61833,13.1716,12.5213,-0.03777,18.5131,17.8274,7880
401644760,2024,11,central-michigan,bowling-green,0,-10,36,7.5717,54.3072,0.66325,0.64944,-0.3284,7.2434,0.64281,12.8778,12.2513,-0.07461,18.4249,17.0994,7976
401644688,2024,11,ball-state,miami-oh,0,-6,48,-3.2078,48.0042,0.43525,0.41936,-0.7831,-3.9908,0.40264,12.6041,12.3055,-0.06954,18.217,16.9916,7976
401644762,2024,11,western-michigan,northern-illinois,0,-14,70,2.9725,55.358,0.56263,0.55335,2.089,5.0615,0.59772,12.8633,12.3079,-0.07211,18.4332,17.1498,7976
401644761,2024,11,kent-state,ohio,0,-41,41,-6.1293,54.7523,0.37175,0.35886,-0.2896,-6.4189,0.35298,12.713,12.345,-0.07097,18.3383,17.0805,7976
401645361,2024,11,east-carolina,florida-atlantic,0,35,63,0.2117,51.6393,0.50825,0.49374,0.3704,0.5821,0.50178,12.7932,12.3026,-0.07094,18.367,17.1082,7976
401643825,2024,11,coastal-carolina,appalachian-state,0,14,62,-1.703,62.159,0.47037,0.4525,-0.3362,-2.0392,0.44529,12.8736,12.3358,-0.07181,18.4583,17.1783,7976
401634773,2024,11,wake-forest,california,0,-10,82,0.9703,52.6512,0.524,0.5102,-1.2712,-0.301,0.48263,12.8255,12.3101,-0.06956,18.3848,17.1484,7976
401628542,2024,11,ucla,iowa,0,3,37,-1.5665,44.815,0.46975,0.45461,0.6716,-0.8949,0.46933,12.546,12.2389,-0.06948,18.1254,16.9073,7976
401645362,2024,11,memphis,rice,0,7,47,15.9677,57.5962,0.81212,0.80015,1.8051,17.7728,0.82651,12.9318,12.1422,-0.07217,18.3665,17.088,7976
401643754,2024,11,san-diego-state,new-mexico,0,-5,37,11.147,49.602,0.7305,0.72001,2.7418,13.8888,0.76821,12.884,12.0521,-0.07218,18.2665,16.9951,7976
401628544,2024,11,rutgers,minnesota,0,7,45,-9.1687,45.4562,0.30625,0.29447,-0.7914,-9.9602,0.2794,12.1758,12.3165,-0.06731,17.8923,16.726,7976
401628417,2024,11,texas,florida,0,32,66,8.001,56.039,0.672,0.65788,1.1341,9.1351,0.68017,12.8856,12.2959,-0.07245,18.4441,17.1543,7976
401628545,2024,11,ohio-state,purdue,0,45,45,26.4818,59.2567,0.92237,0.92466,4.9323,31.414,0.95636,12.9402,11.7383,-0.07111,18.0787,16.8415,7976
401636918,2024,11,cincinnati,west-virginia,0,-7,55,8.7087,52.3233,0.6925,0.67257,-0.4285,8.2803,0.6641,12.8814,12.1917,-0.07206,18.363,17.0861,7976
401635606,2024,11,boston-college,syracuse,0,6,68,0.9488,51.9213,0.5215,0.50973,-0.5827,0.366,0.49709,12.8162,12.3148,-0.07049,18.3891,17.1365,7976
401645363,2024,11,south-florida,navy,0,-21,35,-4.2052,54.7672,0.41725,0.39895,12.1749,7.9696,0.65781,12.7611,12.3395,-0.07158,18.3753,17.1046,7976
401643828,2024,11,louisiana-monroe,texas-state,0,-21,55,-1.1205,54.5315,0.481,0.46488,-4.0026,-5.1231,0.37986,12.817,12.3233,-0.06923,18.3849,17.1543,7976
401640995,2024,11,middle-tennessee,liberty,0,-20,54,-3.34,53.7495,0.43338,0.41717,-1.2577,-4.5977,0.39065,12.7588,12.3371,-0.07034,18.3613,17.1128,7976
401629037,2024,11,uab,uconn,0,-8,54,12.8905,52.2335,0.75775,0.7508,0.8608,13.7513,0.76548,12.9086,12.084,-0.07143,18.3014,17.0402,7976
401643829,2024,11,southern-miss,marshall,0,-34,40,-5.9168,47.7683,0.37588,0.36164,-0.4123,-6.3291,0.35315,12.4882,12.315,-0.06768,18.1226,16.935,7976
401643826,2024,11,james-madison,georgia-state,0,31,45,14.6535,55.036,0.78863,0.77793,-2.0083,12.6452,0.74429,13.0969,12.1255,-0.07412,18.4959,17.1761,7976
401635607,2024,11,virginia-tech,clemson,0,-10,38,-9.085,48.187,0.3105,0.29762,-4.3534,-13.4384,0.21989,12.3539,12.335,-0.06801,18.0416,16.8536,7976
401635608,2024,11,nc-state,duke,0,-10,48,4.4175,50.4535,0.594,0.58442,1.6433,6.0608,0.61892,12.8474,12.2685,-0.06989,18.374,17.133,7976
401629045,2024,11,north-texas,army,0,-11,17,-0.7563,57.5183,0.48738,0.47284,11.3088,10.5526,0.70716,12.8541,12.3323,-0.07179,18.4411,17.1625,7976
401636919,2024,11,kansas,iowa-state,1,9,81,-9.902,54.8845,0.29637,0.28447,1.0408,-8.8612,0.30411,12.6084,12.3459,-0.07097,18.2617,17.0088,7976
401643755,2024,11,oregon-state,san-jose-state,0,-11,37,8.4062,56.2398,0.68238,0.6659,2.7859,11.1921,0.71892,12.9043,12.2812,-0.07228,18.4461,17.1592,7976
401628541,2024,11,indiana,michigan,0,5,35,-14.7338,53.6453,0.21038,0.19899,-3.6142,-18.3479,0.14784,12.327,12.3255,-0.06898,18.0231,16.8199,7976
401628414,2024,11,ole-miss,georgia,0,18,38,-8.7572,48.9997,0.315,0.30418,-3.8979,-12.6552,0.23326,12.4048,12.3232,-0.06755,18.0663,16.8845,7976
401641021,2024,11,utep,kennesaw-state,0,8,78,-0.6242,48.1552,0.49025,0.47632,3.1876,2.5633,0.54339,12.6853,13.1984,-0.0696,18.932,17.6581,7976
401645364,2024,11,tulane,temple,0,46,58,19.2205,52.8035,0.85963,0.84958,2.3097,21.5302,0.87744,12.9063,11.7997,-0.07088,18.094,16.8588,7976
401636921,2024,11,texas-tech,colorado,0,-14,68,10.8047,57.8468,0.7245,0.71164,-0.3246,10.4802,0.70561,12.9168,12.2676,-0.07406,18.4611,17.1425,7976
401628418,2024,11,vanderbilt,south-carolina,0,-21,35,-8.3448,51.7468,0.32562,0.31358,-1.9415,-10.2862,0.2768,12.5475,12.3476,-0.0699,18.2089,16.9778,7976
401641004,2024,11,louisiana-tech,jacksonville-state,0,-7,81,-6.9718,55.7373,0.35637,0.3441,1.9521,-5.0196,0.38344,12.7286,12.7136,-0.0711,18.6189,17.339,7976
401643827,2024,11,louisiana,arkansas-state,0,36,74,14.513,56.878,0.78812,0.77689,-0.3776,14.1354,0.77072,12.927,12.1783,-0.07302,18.3959,17.1006,7976
401641036,2024,11,new-mexico-state,western-kentucky,0,-13,69,-11.2075,56.6265,0.271,0.26059,-2.8239,-14.0314,0.21294,12.6236,12.3389,-0.06885,18.2497,17.034,7976
401628416,2024,11,tennessee,mississippi-state,0,19,47,12.7758,56.0637,0.755,0.74771,2.1823,14.958,0.78405,12.9222,12.198,-0.0718,18.3959,17.1214,7976
401636920,2024,11,tcu,oklahoma-state,0,25,51,3.382,57.997,0.56937,0.56206,1.4955,4.8775,0.59377,12.8796,12.3131,-0.07225,18.4503,17.1634,7976
401628543,2024,11,oregon,maryland,0,21,57,16.4768,57.6758,0.82063,0.80787,4.1997,20.6765,0.86407,12.9073,12.148,-0.07336,18.3624,17.0636,7976
401636917,2024,11,arizona-state,ucf,0,4,66,-3.3852,53.0622,0.43325,0.41618,0.2036,-3.1816,0.42052,12.7588,12.3226,-0.07091,18.3557,17.0979,7976
401628413,2024,11,lsu,alabama,0,-29,55,-3.4025,62.8335,0.43475,0.4163,-2.1289,-5.5314,0.37196,12.8769,12.3427,-0.07162,18.4641,17.187,7976
401628984,2024,11,notre-dame,florida-state,0,49,55,12.0365,51.543,0.74138,0.73572,0.4946,12.5311,0.74448,12.9035,12.0976,-0.07132,18.3063,17.0465,7976
401628415,2024,11,missouri,oklahoma,0,7,53,-5.362,58.4595,0.38938,0.37505,-1.8851,-7.2471,0.3369,12.816,12.3364,-0.07041,18.4038,17.1514,7976
401628546,2024,11,penn-state,washington,0,29,41,11.2615,48.1395,0.7325,0.72284,2.9287,14.1902,0.77404,12.8832,11.9732,-0.07099,18.1999,16.9539,7976
401643752,2024,11,boise-state,nevada,0,7,49,17.08,53.708,0.82913,0.81853,1.5772,18.6572,0.84046,12.9159,11.9654,-0.07157,18.224,16.9667,7976
401635610,2024,11,pittsburgh,virginia,0,-5,43,9.6143,54.8088,0.707,0.68961,0.9774,10.5916,0.70809,12.8999,12.2508,-0.07236,18.4218,17.1353,7976
401643753,2024,11,hawaii,unlv,0,-2,56,-2.4793,58.6313,0.45387,0.43574,-1.1673,-3.6466,0.41093,12.8168,12.3385,-0.07156,18.4158,17.1428,7976
401643751,2024,11,air-force,fresno-state,0,8,64,2.6405,46.6025,0.55438,0.54668,-10.7939,-8.1534,0.31771,12.7467,12.2047,-0.06968,18.2514,17.0221,7976
401636922,2024,11,utah,byu,0,-1,43,10.6513,50.5113,0.722,0.71055,2.7113,13.3625,0.75904,12.885,12.0989,-0.071,18.2906,17.0373,7976
401643756,2024,11,washington-state,utah-state,0,21,77,15.6545,65.526,0.80563,0.79391,1.2722,16.9267,0.81297,12.9392,12.2967,-0.07185,18.4797,17.1979,7976
401644763,2024,12,buffalo,ball-state,0,3,99,3.1043,51.8188,0.56975,0.55616,-0.5479,2.5563,0.5444,12.976,12.3187,-0.06198,18.4375,17.3295,8074
401644764,2024,12,bowling-green,western-michigan,0,18,44,-1.024,54.8315,0.48275,0.46711,-1.1905,-2.2145,0.44155,12.9544,12.3679,-0.06259,18.4617,17.3413,8074
401644765,2024,12,toledo,central-michigan,0,27,47,10.709,60.268,0.72613,0.70927,1.9886,12.6976,0.74494,13.0538,12.318,-0.06478,18.5193,17.3581,8074
401644767,2024,12,ohio,eastern-michigan,0,25,45,7.3747,51.4228,0.662,0.64557,-1.105,6.2697,0.623,12.9976,12.2434,-0.06332,18.4117,17.2826,8074
401644766,2024,12,northern-illinois,akron,0,13,45,15.5127,52.9887,0.80663,0.7942,-1.9111,13.6017,0.76318,13.0339,12.0362,-0.06229,18.2837,17.1817,8074
401644689,2024,12,miami-oh,kent-state,0,27,41,13.5407,51.8547,0.77413,0.76205,1.3295,14.8703,0.78394,13.0247,12.0641,-0.06183,18.2925,17.1975,8074
401645365,2024,12,tulsa,east-carolina,0,-7,69,-0.17,55.724,0.50075,0.48554,-1.0437,-1.2137,0.46307,12.9813,12.3694,-0.06296,18.486,17.3579,8074
401643759,2024,12,colorado-state,wyoming,0,14,34,-0.5305,42.473,0.491,0.47729,1.7206,1.1901,0.51521,12.6424,12.2216,-0.05902,18.0952,17.0576,8074
401645366,2024,12,utsa,north-texas,0,21,75,5.9405,63.413,0.62713,0.61544,0.9295,6.87,0.63445,13.0372,12.3634,-0.06434,18.5355,17.3805,8074
401628553,2024,12,washington,ucla,0,12,50,6.7233,55.1683,0.64775,0.6318,-0.3373,6.3859,0.6249,13.0135,12.3262,-0.06382,18.4867,17.3439,8074
401636923,2024,12,arizona,houston,0,24,30,-0.5832,58.1103,0.49213,0.47666,0.4938,-0.0894,0.48729,12.9949,12.3777,-0.06323,18.5044,17.3705,8074
401628419,2024,12,arkansas,texas,0,-10,30,-9.1843,56.9892,0.31025,0.29958,-3.3196,-12.5038,0.24016,12.8444,12.4173,-0.06363,18.4245,17.2878,8074
401629046,2024,12,umass,liberty,0,-1,69,-21.328,59.435,0.12025,0.11418,0.3024,-21.0256,0.11743,12.4365,12.4596,-0.05953,18.1206,17.0721,8074
401635582,2024,12,pittsburgh,clemson,0,-4,44,-5.851,50.352,0.37688,0.36447,-4.0054,-9.8564,0.286,12.7588,12.3817,-0.0626,18.3268,17.2138,8074
401636925,2024,12,colorado,utah,0,25,73,-13.2215,51.4545,0.22662,0.22395,0.075,-13.1465,0.22519,12.4493,12.3963,-0.05906,18.0799,17.0418,8074
401628550,2024,12,northwestern,ohio-state,1,-24,38,-27.836,51.9325,0.05725,0.04855,-6.1317,-33.9677,0.02179,11.0905,12.4501,-0.04961,17.0794,16.2574,8074
401641013,2024,12,western-kentucky,louisiana-tech,0,-5,19,13.8815,58.1455,0.77863,0.76564,-0.2819,13.5996,0.76093,13.053,12.255,-0.06415,18.4686,17.3217,8074
401645370,2024,12,navy,tulane,0,-35,35,-2.0613,52.1752,0.462,0.44471,-12.4228,-14.484,0.20797,12.9084,12.3577,-0.0625,18.4195,17.3032,8074
401628426,2024,12,auburn,louisiana-monroe,0,34,62,21.229,53.092,0.88137,0.87453,9.5759,30.8049,0.95337,13.0645,11.6825,-0.06175,18.0559,16.9798,8074
401643832,2024,12,marshall,coastal-carolina,0,12,50,3.598,52.9705,0.5805,0.56665,0.5624,4.1604,0.5786,12.9838,12.3331,-0.06243,18.4574,17.3404,8074
401645369,2024,12,temple,florida-atlantic,0,3,33,-6.675,51.2905,0.35875,0.34765,-1.1339,-7.8089,0.32506,12.756,12.3811,-0.0619,18.3183,17.2178,8074
401640986,2024,12,jacksonville-state,fiu,0,3,65,8.203,65.4015,0.67625,0.65868,-1.395,6.808,0.63112,13.4177,12.3945,-0.06403,18.8403,17.6737,8074
401628547,2024,12,illinois,michigan-state,0,22,54,5.6333,45.7572,0.622,0.61071,-1.2915,4.3417,0.58333,12.9255,12.1367,-0.06035,18.2566,17.1882,8074
401635581,2024,12,california,syracuse,0,-8,58,6.7698,48.7308,0.64838,0.6337,0.072,6.8417,0.63518,12.9807,12.1914,-0.06189,18.3499,17.2494,8074
401643760,2024,12,utah-state,hawaii,0,45,65,4.153,65.0635,0.58913,0.5781,0.5671,4.7201,0.59004,13.0414,12.37,-0.06381,18.5387,17.3927,8074
401641022,2024,12,kennesaw-state,sam-houston,0,-6,40,0.9153,44.9873,0.51925,0.5087,-3.7965,-2.8813,0.42956,13.5823,12.5634,-0.06031,19.0499,17.937,8074
401628985,2024,12,notre-dame,virginia,0,21,49,21.1745,55.356,0.87938,0.8722,4.6199,25.7944,0.91787,13.0563,11.8646,-0.0629,18.1858,17.0806,8074
401643757,2024,12,air-force,oregon-state,0,28,28,0.9937,51.2082,0.52763,0.51068,-11.908,-10.9143,0.26798,12.947,12.3446,-0.06282,18.4416,17.3187,8074
401635517,2024,12,stanford,louisville,0,3,73,-9.8493,55.1598,0.29613,0.28653,-0.377,-10.2263,0.27958,12.78,12.4183,-0.06205,18.364,17.2582,8074
401635580,2024,12,smu,boston-college,0,10,66,13.0938,61.0132,0.76238,0.75188,2.285,15.3788,0.78927,13.0627,12.3063,-0.06374,18.5087,17.3663,8074
401645368,2024,12,charlotte,south-florida,0,-35,83,-0.3367,59.4253,0.49775,0.48201,0.1379,-0.1989,0.48497,13.0186,12.3933,-0.06463,18.5454,17.3845,8074
401628552,2024,12,purdue,penn-state,0,-39,59,-13.6118,50.0027,0.21912,0.21637,-2.9701,-16.5819,0.17115,12.3276,12.3952,-0.0588,17.9883,16.96,8074
401628420,2024,12,florida,lsu,0,11,43,-2.987,59.98,0.44112,0.42536,-0.227,-3.214,0.42056,13.0053,12.3936,-0.06367,18.5274,17.3843,8074
401636929,2024,12,west-virginia,baylor,0,-14,84,-3.017,56.2755,0.43963,0.4245,-0.4665,-3.4835,0.41463,12.9568,12.3832,-0.06232,18.4721,17.3558,8074
401628549,2024,12,usc,nebraska,0,8,48,9.653,57.9185,0.70663,0.68951,1.3802,11.0332,0.71533,13.0372,12.3217,-0.06498,18.5113,17.3469,8074
401643830,2024,12,georgia-southern,troy,0,-8,48,-0.986,54.424,0.4835,0.4679,0.54,-0.446,0.47955,12.951,12.3604,-0.06202,18.449,17.3393,8074
401643833,2024,12,old-dominion,james-madison,0,-3,67,-9.3585,49.3685,0.30563,0.29481,-0.5742,-9.9327,0.28407,12.5444,12.5523,-0.06074,18.277,17.1987,8074
401628423,2024,12,south-carolina,missouri,0,4,64,3.5995,48.7745,0.58162,0.56696,-0.1744,3.4251,0.56323,12.9474,12.2745,-0.06128,18.3787,17.2865,8074
401643831,2024,12,georgia-state,arkansas-state,0,-7,47,5.1895,59.879,0.61113,0.59986,-0.1594,5.0301,0.59654,13.0423,12.3653,-0.06381,18.5361,17.3902,8074
401628548,2024,12,maryland,rutgers,0,-14,48,9.0333,50.6578,0.6995,0.6789,0.6085,9.6418,0.69067,13.0047,12.1814,-0.06253,18.3663,17.2539,8074
401643834,2024,12,louisiana,south-alabama,0,-2,46,8.4945,50.6465,0.68538,0.6682,-0.0262,8.4683,0.66769,13.0044,12.1985,-0.06273,18.3799,17.2631,8074
401643758,2024,12,san-jose-state,boise-state,0,-21,63,-4.6227,54.0498,0.40388,0.39039,-2.4305,-7.0533,0.34077,12.8931,12.3716,-0.0612,18.4068,17.3137,8074
401643835,2024,12,texas-state,southern-miss,0,55,61,6.252,51.484,0.63525,0.62266,-0.4813,5.7707,0.61269,12.9866,12.2766,-0.06102,18.4072,17.3178,8074
401636927,2024,12,kansas-state,arizona-state,0,-10,38,11.8238,50.1322,0.743,0.73212,-1.9994,9.8244,0.69494,13.0182,12.0669,-0.06153,18.287,17.1974,8074
401628551,2024,12,wisconsin,oregon,0,-3,29,-1.9013,50.2682,0.46525,0.44803,-2.7608,-4.6621,0.38942,12.8677,12.3426,-0.06278,18.381,17.262,8074
401628421,2024,12,georgia,tennessee,0,14,48,11.8863,50.5872,0.74513,0.73295,2.8151,14.7014,0.78097,13.0041,12.0913,-0.06377,18.3129,17.1829,8074
401628424,2024,12,texas-a-m,new-mexico-state,0,35,41,20.8802,50.6932,0.87863,0.87221,10.3383,31.2185,0.9567,13.0626,11.5146,-0.06024,17.9259,16.8848,8074
401645367,2024,12,memphis,uab,0,35,71,10.8478,59.8197,0.72937,0.71203,0.9536,11.8014,0.72935,13.0407,12.3223,-0.06343,18.5009,17.3641,8074
401635583,2024,12,north-carolina,wake-forest,0,7,55,6.6255,64.3245,0.64525,0.62924,3.0301,9.6556,0.689,13.0676,12.3729,-0.06504,18.5711,17.4017,8074
401636926,2024,12,iowa-state,cincinnati,0,17,51,5.2048,48.9068,0.6115,0.6011,-0.384,4.8207,0.59301,12.9739,12.2218,-0.06153,18.3632,17.268,8074
401643761,2024,12,new-mexico,washington-state,0,3,73,-13.3208,62.5512,0.2315,0.22726,-2.772,-16.0928,0.18462,12.8873,12.4469,-0.06386,18.4796,17.3356,8074
401636924,2024,12,byu,kansas,0,-4,30,7.175,59.1785,0.6565,0.64066,-1.7941,5.3809,0.60388,13.0422,12.3504,-0.06431,18.5297,17.3756,8074
401643762,2024,12,unlv,san-diego-state,0,21,61,2.2605,46.5735,0.55725,0.53828,-0.6418,1.6187,0.52435,12.87,12.2532,-0.06282,18.3192,17.2036,8074
401644769,2024,13,kent-state,akron,0,-21,55,9.661,55.0325,0.71038,0.69695,-1.9472,7.7138,0.65764,12.923,12.1574,-0.00265,17.7663,17.7193,8184
401644770,2024,13,central-michigan,western-michigan,0,2,30,3.1477,57.9532,0.56712,0.55899,-1.5189,1.6289,0.52522,12.8962,12.2891,-0.00321,17.8424,17.7853,8184
401644690,2024,13,miami-oh,northern-illinois,0,11,29,7.0957,49.0002,0.64987,0.64566,1.2934,8.3892,0.67253,12.8659,12.0772,-0.00076,17.6529,17.6395,8184
401644772,2024,13,eastern-michigan,buffalo,0,-17,57,2.5583,53.0177,0.556,0.54609,1.3962,3.9544,0.57704,12.8661,12.241,-0.00189,17.7757,17.7421,8184
401644773,2024,13,toledo,ohio,0,-17,31,6.9177,56.5983,0.64663,0.64072,2.3052,9.2229,0.68787,12.9058,12.2395,-0.00244,17.8083,17.765,8184
401634772,2024,13,georgia-tech,nc-state,0,1,59,-2.151,51.1755,0.44675,0.44062,-0.3687,-2.5197,0.43244,12.7767,12.2782,-0.00273,17.7441,17.6959,8184
401645374,2024,13,utsa,temple,0,24,78,14.3605,55.886,0.79538,0.78322,2.1253,16.4858,0.81678,12.9307,12.0615,-0.00189,17.6995,17.6661,8184
401628558,2024,13,michigan-state,purdue,0,7,41,3.5282,51.3192,0.57537,0.56772,-0.3263,3.202,0.56049,12.867,12.2087,-0.00168,17.7522,17.7225,8184
401643767,2024,13,san-jose-state,unlv,0,-11,43,4.6502,56.4618,0.60075,0.59212,-1.8019,2.8484,0.55244,12.901,12.258,-0.0019,17.8128,17.779,8184
401635612,2024,13,boston-college,north-carolina,0,20,62,-4.1472,58.3453,0.40363,0.39726,-2.4136,-6.5609,0.34616,12.8569,12.3256,-0.00365,17.8431,17.7782,8184
401635518,2024,13,syracuse,uconn,0,7,55,14.4422,51.6107,0.79925,0.78628,3.0518,17.494,0.8333,12.9186,11.8891,-0.00135,17.5686,17.545,8184
401635619,2024,13,virginia,smu,0,-26,40,-6.7045,63.8985,0.34563,0.34339,-2.392,-9.0965,0.2956,12.9005,12.3257,-0.00279,17.8672,17.8174,8184
401628556,2024,13,maryland,iowa,0,-16,42,-4.4123,44.5838,0.39537,0.38908,-0.5303,-4.9425,0.37747,12.419,12.2235,-0.00128,17.4366,17.4143,8184
401628429,2024,13,florida,ole-miss,0,7,41,0.4575,54.694,0.5075,0.49905,1.7584,2.2159,0.53842,12.8662,12.266,-0.00144,17.789,17.7634,8184
401628555,2024,13,ohio-state,indiana,0,23,53,25.541,58.8645,0.92925,0.92457,6.262,31.803,0.96373,12.9581,11.6671,0.00053,17.432,17.4411,8184
401641005,2024,13,jacksonville-state,sam-houston,0,10,32,8.666,48.161,0.68588,0.67462,-1.0843,7.5817,0.65269,13.2165,12.2703,-0.00046,18.0385,18.0302,8184
401628554,2024,13,rutgers,illinois,0,-7,69,-5.7737,45.3593,0.36375,0.35949,0.1861,-5.5876,0.36349,12.3839,12.2469,-0.00212,17.4354,17.3984,8184
401628430,2024,13,georgia,umass,0,38,80,42.5737,57.1313,0.99375,0.99628,8.0021,50.5759,0.99928,12.945,9.0371,0.00908,15.72,15.8546,8184
401640996,2024,13,liberty,western-kentucky,0,17,59,0.0265,57.0405,0.49588,0.4894,0.9643,0.9908,0.51098,12.8776,12.2938,-0.00232,17.8242,17.783,8184
401628435,2024,13,tennessee,utep,0,56,56,22.9275,53.484,0.90763,0.90297,7.6485,30.576,0.9592,12.9535,11.4477,0.00198,17.2701,17.304,8184
401645373,2024,13,uab,rice,0,26,54,7.428,53.9545,0.659,0.65178,0.8515,8.2795,0.66933,12.8948,12.188,-0.00174,17.7587,17.7278,8184
401644774,2024,13,ball-state,bowling-green,0,-25,51,5.1202,51.4552,0.61187,0.60274,-0.3882,4.732,0.59428,12.8857,12.1742,-0.00147,17.7402,17.7142,8184
401643836,2024,13,appalachian-state,james-madison,0,14,54,-0.8848,58.3173,0.47588,0.46924,2.2064,1.3217,0.51826,12.8768,12.4517,-0.00348,17.9436,17.8813,8184
401641027,2024,13,middle-tennessee,new-mexico-state,0,-15,57,7.4512,53.4382,0.65925,0.65224,2.5304,9.9817,0.70327,12.9136,12.1654,-0.00228,17.7616,17.7212,8184
401643839,2024,13,arkansas-state,louisiana-monroe,0,7,49,6.0347,59.6247,0.628,0.62175,4.6313,10.666,0.71551,12.9238,12.2774,-0.00261,17.8491,17.8026,8184
401643841,2024,13,southern-miss,south-alabama,0,-21,49,-6.571,50.058,0.34525,0.34392,0.204,-6.367,0.34819,12.5691,12.296,-0.00173,17.5986,17.5681,8184
401636935,2024,13,tcu,arizona,0,21,77,11.4713,60.0328,0.74038,0.73095,1.7815,13.2528,0.7629,12.9324,12.2145,-0.00344,17.8193,17.7582,8184
401645371,2024,13,florida-atlantic,charlotte,0,-12,66,11.2713,56.1668,0.73662,0.72786,-1.0659,10.2054,0.70759,12.9218,12.1609,-0.00224,17.7642,17.7244,8184
401640987,2024,13,kennesaw-state,fiu,0,1,53,-1.355,61.2255,0.46575,0.45998,-4.1072,-5.4622,0.37335,13.7117,12.3167,-0.00306,18.4592,18.4032,8184
401643837,2024,13,coastal-carolina,georgia-southern,0,-20,32,6.1022,61.3732,0.62987,0.62312,0.5626,6.6648,0.63502,12.9216,12.2825,-0.00363,17.86,17.7953,8184
401645375,2024,13,south-florida,tulsa,0,33,93,2.6375,59.6105,0.55663,0.54758,1.6013,4.2388,0.58282,12.9257,12.302,-0.00385,17.8785,17.8097,8184
401645372,2024,13,north-texas,east-carolina,0,-12,68,3.1127,59.6487,0.56575,0.55814,-0.3084,2.8043,0.55131,12.9112,12.2943,-0.00419,17.8656,17.7909,8184
401636934,2024,13,oklahoma-state,texas-tech,0,-8,104,5.6373,56.8053,0.6215,0.61344,-0.8416,4.7957,0.59525,12.9135,12.2442,-0.00269,17.8194,17.7716,8184
401635613,2024,13,california,stanford,0,3,45,11.429,48.7475,0.74338,0.73304,-0.3238,11.1052,0.72695,12.9091,11.9036,-0.00111,17.5694,17.5499,8184
401636937,2024,13,west-virginia,ucf,0,10,52,-2.4507,57.2683,0.44175,0.43424,-1.1662,-3.6169,0.40865,12.8627,12.3027,-0.00237,17.8201,17.7779,8184
401628436,2024,13,texas,kentucky,0,17,45,9.8788,50.7908,0.71488,0.70231,3.1451,13.0238,0.76088,12.9088,12.0436,-0.00065,17.6604,17.6489,8184
401643766,2024,13,utah-state,san-diego-state,0,21,61,-1.5197,52.5468,0.45837,0.4547,-1.242,-2.7617,0.42709,12.7994,12.2618,-0.00251,17.7471,17.7028,8184
401628560,2024,13,nebraska,wisconsin,0,19,69,-4.6015,43.7285,0.39012,0.38457,0.3622,-4.2393,0.39256,12.3672,12.1992,-0.00118,17.3817,17.3613,8184
401628559,2024,13,minnesota,penn-state,0,-1,51,-6.9108,45.0742,0.33713,0.3348,-3.6104,-10.5211,0.26286,12.3033,12.2449,-0.00112,17.368,17.3485,8184
401628557,2024,13,michigan,northwestern,0,44,56,24.198,46.492,0.927,0.92291,3.4839,27.6819,0.94891,12.9321,10.5407,0.00645,16.6309,16.7363,8184
401636930,2024,13,arizona-state,byu,0,5,51,-0.48,50.7165,0.485,0.47795,2.9356,2.4556,0.54392,12.7798,12.2439,-0.00303,17.7253,17.6716,8184
401636932,2024,13,kansas,colorado,1,16,58,3.5838,59.6457,0.57562,0.56862,-0.9922,2.5916,0.54666,12.9108,12.2758,-0.00281,17.8403,17.7903,8184
401635617,2024,13,louisville,pittsburgh,0,28,46,4.2293,55.2963,0.5885,0.58288,0.4851,4.7143,0.59347,12.9002,12.2579,-0.00295,17.8214,17.769,8184
401628427,2024,13,arkansas,louisiana-tech,0,21,49,11.3037,56.5468,0.73762,0.72848,4.6618,15.9656,0.80804,12.9231,12.1527,-0.0026,17.7627,17.7166,8184
401628432,2024,13,mississippi-state,missouri,0,-19,59,0.83,53.8525,0.51775,0.5074,-1.2078,-0.3778,0.48033,12.8637,12.2757,-0.00207,17.7995,17.7627,8184
401643840,2024,13,louisiana,troy,0,21,81,7.216,50.281,0.65387,0.64787,1.0224,8.2384,0.66908,12.8791,12.1075,-0.00186,17.693,17.6602,8184
401628572,2024,13,oregon-state,washington-state,0,3,79,1.4805,59.2235,0.5335,0.5219,0.3121,1.7926,0.52886,12.9133,12.2978,-0.00235,17.8531,17.8113,8184
401636931,2024,13,houston,baylor,0,-10,30,-4.4525,58.2285,0.39838,0.39044,-1.192,-5.6445,0.365,12.8434,12.3006,-0.00226,17.8037,17.7636,8184
401643764,2024,13,wyoming,boise-state,0,-4,30,-7.3603,48.2953,0.32738,0.32678,-2.9023,-10.2626,0.26943,12.4694,12.2841,-0.00109,17.5133,17.4943,8184
401640959,2024,13,notre-dame,army,1,35,63,14.6843,50.4123,0.804,0.79131,17.1985,31.8828,0.96362,12.9122,11.804,0.00047,17.4905,17.4986,8184
401643842,2024,13,texas-state,georgia-state,0,-8,96,2.9803,54.7802,0.56412,0.55541,-0.4693,2.5109,0.54497,12.8876,12.2588,-0.00153,17.8004,17.7731,8184
401643838,2024,13,old-dominion,marshall,0,-7,77,-2.6967,45.2627,0.43438,0.42756,-3.0068,-5.7035,0.36155,12.5322,12.2035,-0.00182,17.5082,17.4764,8184
401636936,2024,13,utah,iowa-state,0,-3,59,4.595,47.3265,0.6,0.59187,1.958,6.553,0.63437,12.8042,12.102,-0.0006,17.6236,17.6131,8184
401628428,2024,13,auburn,texas-a-m,0,2,84,1.362,46.478,0.52925,0.51951,-1.5367,-0.1747,0.48472,12.7241,12.1694,-0.00099,17.6154,17.598,8184
401628433,2024,13,oklahoma,alabama,0,21,27,-6.3205,64.6415,0.35737,0.35138,-2.1209,-8.4414,0.30845,12.8959,12.33,-0.00355,17.8735,17.8102,8184
401628431,2024,13,lsu,vanderbilt,0,7,41,23.0742,59.9823,0.9065,0.9007,3.9929,27.0671,0.93485,12.937,11.8752,9e-05,17.5601,17.5617,8184
401635615,2024,13,duke,virginia-tech,0,3,59,0.9182,49.4947,0.52,0.50941,-1.1307,-0.2124,0.48398,12.8059,12.2432,-0.00201,17.7346,17.699,8184
401636933,2024,13,kansas-state,cincinnati,0,26,56,5.464,51.0915,0.61962,0.61027,-0.2011,5.2629,0.60591,12.8793,12.1631,-0.00131,17.7265,17.7033,8184
401643763,2024,13,nevada,air-force,0,-3,41,-7.108,47.7735,0.3345,0.33206,9.9755,2.8675,0.55374,12.4361,12.2925,-0.00397,17.5208,17.4513,8184
401628561,2024,13,ucla,usc,0,-6,32,-2.3195,64.7155,0.4465,0.43736,-1.9795,-4.299,0.39421,12.9189,12.3165,-0.0038,17.8831,17.8154,8184
401643765,2024,13,fresno-state,colorado-state,0,6,50,11.3522,48.0312,0.742,0.73241,0.423,11.7752,0.74031,12.8851,11.8559,0.0011,17.5,17.5192,8184
401644775,2024,14,akron,toledo,0,7,35,-17.9458,56.6767,0.16525,0.15083,-0.6477,-18.5934,0.14251,12.4633,12.3222,-0.03832,17.8589,17.1872,8312
401644776,2024,14,buffalo,kent-state,0,36,50,8.2112,55.7728,0.6805,0.66394,-0.0015,8.2097,0.66391,13.0472,12.1889,-0.04133,18.2194,17.4829,8312
401645376,2024,14,tulane,memphis,0,-10,58,3.2013,58.3648,0.5665,0.5588,0.3918,3.5931,0.56725,13.018,12.2654,-0.04239,18.2605,17.5035,8312
401644691,2024,14,bowling-green,miami-oh,0,-16,40,-5.4385,47.1695,0.38375,0.37025,-0.3949,-5.8334,0.36197,12.6059,12.2647,-0.0394,17.9308,17.2381,8312
401645379,2024,14,east-carolina,navy,0,-14,54,-0.6545,50.366,0.4815,0.47461,11.6173,10.9628,0.71812,12.8761,12.2523,-0.03988,18.1245,17.4164,8312
401644777,2024,14,ohio,ball-state,0,21,63,8.4215,50.3245,0.68512,0.66908,-0.2568,8.1647,0.66392,13.0124,12.0909,-0.03981,18.1119,17.4065,8312
401636938,2024,14,colorado,oklahoma-state,0,52,52,-6.9062,54.2672,0.35263,0.3412,1.1662,-5.7401,0.36514,12.8096,12.2798,-0.04047,18.1001,17.3823,8312
401643769,2024,14,boise-state,oregon-state,0,16,52,5.6683,56.2328,0.62687,0.6114,-0.3554,5.3129,0.60393,13.0193,12.2531,-0.04362,18.2635,17.4849,8312
401628568,2024,14,wisconsin,minnesota,0,-17,31,4.2407,44.0012,0.59475,0.58275,1.256,5.4968,0.60991,12.8415,12.0157,-0.03649,17.9036,17.2632,8312
401628442,2024,14,ole-miss,mississippi-state,0,12,40,11.2523,54.0127,0.73513,0.72277,1.0995,12.3518,0.74264,13.041,12.1281,-0.04347,18.1909,17.4187,8312
401643770,2024,14,colorado-state,utah-state,0,5,79,2.959,57.297,0.56175,0.55351,0.0471,3.0061,0.55453,13.024,12.2785,-0.04277,18.2774,17.513,8312
401643843,2024,14,south-alabama,texas-state,0,-7,83,7.5855,50.7055,0.66987,0.65198,0.2773,7.8628,0.65762,13.0084,12.1329,-0.03962,18.1365,17.4333,8312
401640997,2024,14,sam-houston,liberty,0,2,38,-2.201,47.4205,0.45012,0.44101,-1.5502,-3.7512,0.40765,13.0259,12.2209,-0.03824,18.1988,17.5171,8312
401635625,2024,14,san-jose-state,stanford,0,3,65,7.529,51.826,0.664,0.65051,-4.542,2.987,0.55442,13.0124,12.1541,-0.04216,18.1764,17.4273,8312
401628439,2024,14,georgia,georgia-tech,0,2,86,26.3392,50.3163,0.93125,0.93272,5.7718,32.111,0.96642,13.0781,10.822,-0.03541,17.2678,16.6771,8312
401628562,2024,14,iowa,nebraska,0,3,23,7.7145,38.1835,0.6755,0.66042,-1.2708,6.4437,0.63336,12.7614,11.4678,-0.03378,17.4428,16.8664,8312
401636939,2024,14,ucf,utah,0,-14,42,-2.9495,52.654,0.43725,0.42455,0.0207,-2.9288,0.42499,12.8722,12.2542,-0.04056,18.1288,17.4086,8312
401628440,2024,14,kentucky,louisville,0,-27,55,2.6767,50.9778,0.555,0.54765,0.9322,3.6089,0.56789,12.9556,12.2298,-0.04151,18.1816,17.4431,8312
401645381,2024,14,temple,north-texas,0,-7,41,-6.2078,57.6047,0.3695,0.35624,-1.1958,-7.4035,0.33206,12.915,12.2897,-0.04239,18.2014,17.4465,8312
401636945,2024,14,texas-tech,west-virginia,0,37,67,3.7007,58.1328,0.5785,0.56942,0.8959,4.5966,0.58856,13.028,12.285,-0.04467,18.3016,17.5028,8312
401645378,2024,14,army,utsa,0,5,53,2.8397,54.1737,0.55863,0.55112,-12.2383,-9.3986,0.29335,12.999,12.2296,-0.04088,18.2081,17.4797,8312
401636941,2024,14,baylor,kansas,0,28,62,10.1617,60.0512,0.71725,0.7015,0.2382,10.3999,0.70601,13.0668,12.2275,-0.04282,18.2739,17.5091,8312
401628444,2024,14,clemson,south-carolina,0,-3,31,10.6773,47.7837,0.72837,0.71424,2.4017,13.0789,0.75783,13.0092,11.9239,-0.03899,17.9865,17.301,8312
401628446,2024,14,vanderbilt,tennessee,0,-13,59,-16.8157,55.1058,0.18087,0.16603,-3.0904,-19.9061,0.1265,12.4379,12.3173,-0.04005,17.8518,17.1506,8312
401629038,2024,14,umass,uconn,0,-5,89,-7.2485,54.95,0.34513,0.33456,0.9052,-6.3433,0.35292,12.8178,12.2974,-0.04188,18.1307,17.3874,8312
401635622,2024,14,wake-forest,duke,0,-6,40,3.6553,57.0282,0.57762,0.56858,-0.0084,3.6469,0.5684,13.0321,12.2595,-0.04195,18.263,17.5136,8312
401643848,2024,14,louisiana-monroe,louisiana,0,-14,60,-13.0207,54.8098,0.23963,0.22575,-4.2537,-17.2744,0.16114,12.6072,12.2956,-0.03983,17.9576,17.2562,8312
401628566,2024,14,ohio-state,michigan,0,-3,23,7.768,54.9145,0.67238,0.65511,2.6478,10.4158,0.70697,13.0348,12.1949,-0.04068,18.2086,17.484,8312
401628563,2024,14,northwestern,illinois,1,-10,66,-8.9388,42.4903,0.30675,0.29462,0.4184,-8.5203,0.30293,12.1098,12.2291,-0.03172,17.4812,16.9353,8312
401644780,2024,14,western-michigan,eastern-michigan,0,8,44,3.326,54.789,0.57025,0.56167,0.7305,4.0565,0.57743,13.0068,12.228,-0.04028,18.2076,17.4896,8312
401640988,2024,14,fiu,middle-tennessee,1,11,59,2.8617,62.3337,0.55875,0.55132,0.0182,2.88,0.55172,13.0453,12.2747,-0.04478,18.3082,17.5074,8312
401643845,2024,14,georgia-state,coastal-carolina,0,-21,75,-2.047,58.45,0.45725,0.44457,0.1381,-1.9089,0.44756,12.9981,12.2981,-0.04286,18.2728,17.507,8312
401645382,2024,14,rice,south-florida,0,7,63,0.3548,55.5207,0.50613,0.49682,-1.9491,-1.5943,0.45427,12.9819,12.276,-0.04106,18.2295,17.4969,8312
401643849,2024,14,troy,southern-miss,0,32,72,12.0023,49.3358,0.74987,0.73847,-1.2526,10.7497,0.71535,13.014,11.9352,-0.04049,18.0109,17.2984,8312
401643847,2024,14,arkansas-state,old-dominion,0,-8,72,0.6535,53.536,0.51162,0.50337,2.7418,3.3953,0.56321,12.9695,12.2624,-0.03946,18.1969,17.4935,8312
401635620,2024,14,boston-college,pittsburgh,0,11,57,-4.1505,51.1255,0.41087,0.39848,-0.8704,-5.0209,0.38002,12.809,12.2753,-0.03811,18.0759,17.4003,8312
401645380,2024,14,tulsa,florida-atlantic,0,-47,79,-1.7775,55.1045,0.45988,0.45027,-0.6733,-2.4508,0.43568,12.951,12.283,-0.04239,18.2232,17.4675,8312
401635621,2024,14,smu,california,0,32,44,7.8255,56.426,0.67312,0.65587,1.6304,9.4559,0.68812,13.0433,12.2342,-0.04246,18.2581,17.5001,8312
401628571,2024,14,usc,notre-dame,0,-14,84,-6.493,61.103,0.36575,0.35068,-0.8059,-7.2989,0.33445,12.9638,12.2963,-0.04166,18.2358,17.4922,8312
401628570,2024,14,ucla,fresno-state,0,7,33,2.9818,53.7523,0.56075,0.55416,3.6193,6.6011,0.63111,12.9998,12.2457,-0.04133,18.224,17.4869,8312
401628567,2024,14,michigan-state,rutgers,0,-27,55,7.627,44.6955,0.67188,0.65458,1.1054,8.7324,0.67703,12.9399,11.9209,-0.03752,17.92,17.262,8312
401645377,2024,14,charlotte,uab,0,2,56,-5.2852,57.8107,0.38762,0.37528,1.2355,-4.0498,0.40129,12.9407,12.2931,-0.03963,18.1987,17.4921,8312
401644779,2024,14,northern-illinois,central-michigan,0,8,40,2.2473,53.6208,0.549,0.53825,-0.5702,1.6771,0.52579,12.9768,12.232,-0.041,18.1944,17.4643,8312
401628437,2024,14,alabama,auburn,0,14,42,14.8665,54.586,0.80125,0.78631,3.5074,18.3739,0.83829,13.0517,12.0115,-0.04157,18.1013,17.3663,8312
401635624,2024,14,north-carolina,nc-state,0,-5,65,5.4272,56.3817,0.62175,0.60628,1.3785,6.8058,0.63498,13.0423,12.2536,-0.04284,18.2741,17.5088,8312
401628443,2024,14,missouri,arkansas,0,7,49,4.3115,53.0105,0.59362,0.58288,0.5354,4.8469,0.59432,12.9897,12.2256,-0.04263,18.2137,17.4544,8312
401636940,2024,14,arizona,arizona-state,0,-42,56,-0.945,51.9895,0.47713,0.46829,-1.6015,-2.5465,0.4334,12.9153,12.2632,-0.04007,18.1627,17.4499,8312
401628565,2024,14,penn-state,maryland,0,37,51,18.7848,50.3118,0.8575,0.84788,3.7933,22.578,0.89261,13.0536,11.5782,-0.04069,17.7975,17.0924,8312
401641031,2024,14,new-mexico-state,utep,0,-7,77,1.7587,52.1662,0.53625,0.52756,-1.629,0.1297,0.49189,12.958,12.2519,-0.04231,18.2058,17.4523,8312
401641014,2024,14,louisiana-tech,kennesaw-state,0,33,33,1.9435,51.267,0.54087,0.53083,4.6643,6.6078,0.62829,12.9492,12.9247,-0.04019,18.6597,17.9242,8312
401641006,2024,14,western-kentucky,jacksonville-state,0,2,36,3.3895,55.5885,0.57,0.56218,1.6702,5.0597,0.59753,13.0094,12.5522,-0.04318,18.4636,17.6833,8312
401643844,2024,14,georgia-southern,appalachian-state,0,9,49,-4.9513,61.0102,0.39438,0.38279,-0.8987,-5.85,0.36418,12.9935,12.3049,-0.04387,18.2831,17.4989,8312
401636943,2024,14,cincinnati,tcu,0,-7,33,2.1762,56.9043,0.54587,0.53657,-1.9783,0.1979,0.4934,13.0002,12.2777,-0.04296,18.2609,17.4938,8312
401643773,2024,14,washington-state,wyoming,0,-1,29,10.613,49.8955,0.7265,0.71219,2.9456,13.5586,0.76511,13.0217,12.0152,-0.03975,18.0656,17.3635,8312
401628438,2024,14,florida-state,florida,0,-20,42,-0.4243,52.4147,0.48638,0.47975,-0.2803,-0.7046,0.47362,12.9516,12.2728,-0.04064,18.2013,17.477,8312
401628564,2024,14,indiana,purdue,0,66,66,4.273,55.092,0.5925,0.58195,-1.3297,2.9433,0.55329,13.0097,12.2448,-0.04196,18.2361,17.4878,8312
401628441,2024,14,lsu,oklahoma,0,20,54,3.6962,63.7022,0.577,0.56925,-0.008,3.6883,0.56908,13.0415,12.2901,-0.04536,18.3213,17.5096,8312
401628445,2024,14,texas-a-m,texas,0,-10,24,-2.9572,49.8402,0.439,0.42418,-0.7489,-3.7061,0.40802,12.8135,12.2611,-0.03933,18.0798,17.3828,8312
401628569,2024,14,oregon,washington,0,28,70,9.4045,54.2475,0.70513,0.68761,3.3352,12.7397,0.7493,13.032,12.1661,-0.04291,18.2059,17.4425,8312
401636944,2024,14,iowa-state,kansas-state,0,8,50,1.7097,48.4438,0.53475,0.52665,-0.1829,1.5268,0.52262,12.8988,12.1963,-0.03949,18.0985,17.3984,8312
401635640,2024,14,virginia-tech,virginia,0,20,54,5.6787,50.8847,0.62513,0.61216,0.6294,6.3082,0.62536,13.0133,12.1891,-0.03904,18.1743,17.4796,8312
401643846,2024,14,james-madison,marshall,0,-2,68,8.544,48.5035,0.687,0.67097,-2.4326,6.1114,0.62124,13.155,12.0278,-0.03979,18.1745,17.468,8312
401643772,2024,14,unlv,nevada,0,24,52,6.827,54.7565,0.6515,0.6358,0.9485,7.7755,0.65517,13.0212,12.2027,-0.04254,18.2203,17.4625,8312
401636942,2024,14,byu,houston,0,12,48,5.8175,54.3125,0.62913,0.61471,-0.8403,4.9772,0.59698,13.0218,12.2309,-0.04184,18.2343,17.4881,8312
401643768,2024,14,san-diego-state,air-force,0,-11,51,-2.5655,38.663,0.43963,0.43055,11.5658,9.0003,0.68622,12.2898,12.0849,-0.03323,17.5201,16.9474,8312
401643771,2024,14,hawaii,new-mexico,0,8,68,4.3345,60.9015,0.59363,0.58298,0.9327,5.2672,0.60276,13.0168,12.2906,-0.04501,18.3002,17.4955,8312
401673466,2024,15,jacksonville-state,western-kentucky,0,40,64,1.7082,55.3702,0.53975,0.52604,-1.6702,0.038,0.49004,13.0944,12.4081,-0.05144,18.497,17.5701,8444
401673462,2024,15,army,tulane,0,21,49,-2.794,51.116,0.43412,0.42823,-12.4228,-15.2168,0.19406,12.702,12.3946,-0.05296,18.2111,17.271,8444
401673468,2024,15,boise-state,unlv,0,14,28,12.14,57.313,0.74862,0.73841,0.6287,12.7687,0.74951,12.8268,12.2994,-0.05255,18.2314,17.298,8444
401673467,2024,15,miami-oh,ohio,1,-35,41,-0.0842,47.2933,0.499,0.48714,1.0399,0.9556,0.51003,12.6741,12.3357,-0.05056,18.1276,17.2335,8444
401673465,2024,15,arizona-state,iowa-state,1,26,64,-7.9602,47.9758,0.32012,0.3192,2.1823,-5.778,0.36365,12.4241,12.4109,-0.05095,18.0029,17.1078,8444
401673469,2024,15,texas,georgia,1,-3,41,-6.8928,50.6333,0.34288,0.34167,-1.0055,-7.8982,0.32154,12.5757,12.4224,-0.05116,18.1232,17.2187,8444
401673470,2024,15,louisiana,marshall,0,-28,34,6.9333,49.4552,0.648,0.63856,-0.6425,6.2907,0.62521,12.7966,12.2207,-0.05121,18.1416,17.236,8444
401673464,2024,15,oregon,penn-state,1,8,82,-2.936,50.536,0.43225,0.42509,0.4065,-2.5295,0.43386,12.6837,12.4086,-0.05096,18.1903,17.2861,8444
401673463,2024,15,smu,clemson,1,-3,65,-6.3313,58.4258,0.3585,0.35463,-2.5908,-8.9221,0.30354,12.7662,12.4693,-0.05416,18.3223,17.3556,8444
401645383,2024,16,army,navy,1,-18,44,0.3532,48.7108,0.516,0.49682,0.0,0.3532,0.49682,12.975,12.2564,-0.06513,18.4197,17.2585,8462
401756846,2025,1,kansas-state,iowa-state,1,-3,45,0.537,49.4405,0.52175,0.5008,1.0811,1.6181,0.5241,12.8489,12.3187,-0.07954,18.4939,17.0782,8464
401756847,2025,1,kansas,fresno-state,0,24,38,-0.2828,57.2927,0.50175,0.48324,2.2503,1.9675,0.53139,12.9684,12.3817,-0.07976,18.6306,17.2009,8464
401757218,2025,1,western-kentucky,sam-houston,0,17,65,8.931,48.1795,0.69625,0.67519,1.5956,10.5266,0.70549,12.9721,12.3136,-0.07682,18.5591,17.186,8464
401754516,2025,1,hawaii,stanford,0,3,43,-0.261,55.3625,0.50225,0.48369,-4.2937,-4.5547,0.39293,12.9398,12.3796,-0.07936,18.6043,17.1834,8464
401762522,2025,1,south-florida,boise-state,0,27,41,-11.8168,57.6518,0.2565,0.25223,1.0682,-10.7486,0.27107,12.7259,12.4051,-0.07812,18.4526,17.0637,8464
401752794,2025,1,rutgers,ohio,0,3,65,-2.1532,47.4323,0.45825,0.44248,4.1638,2.0106,0.53283,12.6823,12.3144,-0.07615,18.3377,16.9911,8464
401754373,2025,1,nc-state,east-carolina,0,7,41,7.541,51.558,0.67275,0.64817,1.8226,9.3636,0.68397,13.0013,12.2069,-0.07753,18.5108,17.1299,8464
401756848,2025,1,ucf,jacksonville-state,0,7,27,4.8532,56.4663,0.61375,0.59144,3.6098,8.4631,0.66385,13.0119,12.6034,-0.08003,18.8256,17.3754,8464
401762789,2025,1,akron,wyoming,0,-10,10,-11.0983,45.6108,0.263,0.25913,0.9094,-10.1889,0.2758,12.1187,12.3802,-0.07392,17.9531,16.6719,8464
401752793,2025,1,minnesota,buffalo,0,13,33,14.4413,49.6568,0.79412,0.77693,3.7551,18.1964,0.83325,13.0212,11.8868,-0.07749,18.2985,16.937,8464
401752796,2025,1,cincinnati,nebraska,1,-3,37,3.6185,47.785,0.58575,0.56725,-3.3673,0.2512,0.49461,12.888,12.2018,-0.0764,18.4123,17.0574,8464
401762791,2025,1,wisconsin,miami-oh,0,17,17,10.5572,44.3822,0.72925,0.71017,3.2491,13.8064,0.76817,12.9468,11.799,-0.07485,18.1578,16.8514,8464
401754374,2025,1,wake-forest,kennesaw-state,0,1,19,10.2415,54.6545,0.71713,0.69608,5.4755,15.717,0.78861,13.0189,12.8412,-0.07766,18.983,17.562,8464
401761589,2025,1,charlotte,appalachian-state,1,-23,45,-14.538,61.948,0.21138,0.20858,-1.6146,-16.1526,0.18446,12.7787,12.4209,-0.08172,18.5341,17.0773,8464
401752802,2025,1,michigan-state,western-michigan,0,17,29,7.6893,51.9528,0.67525,0.65114,3.477,11.1663,0.71778,13.0107,12.2029,-0.07692,18.5098,17.1395,8464
401754375,2025,1,colorado,georgia-tech,0,-7,47,2.9263,54.6593,0.56875,0.55181,0.7529,3.6791,0.56774,12.9939,12.3669,-0.07887,18.6314,17.2173,8464
401752667,2025,1,baylor,auburn,0,-14,62,2.1552,53.0362,0.55237,0.53543,-3.1441,-0.9889,0.46812,12.9525,12.3516,-0.0815,18.612,17.1538,8464
401757224,2025,1,sam-houston,unlv,1,-17,59,-0.9477,49.0968,0.48588,0.46901,-4.239,-5.1868,0.38003,13.0588,12.3053,-0.07709,18.6206,17.2389,8464
401760358,2025,1,san-jose-state,central-michigan,0,-2,30,6.4258,54.1557,0.65075,0.62499,0.793,7.2187,0.64104,13.0155,12.2973,-0.07899,18.5987,17.1855,8464
401752797,2025,1,maryland,florida-atlantic,0,32,46,5.3535,54.5875,0.62625,0.60284,1.7871,7.1406,0.63935,12.9975,12.315,-0.08109,18.6159,17.165,8464
401752677,2025,1,ohio-state,texas,0,7,21,11.9365,57.288,0.7435,0.73091,0.0028,11.9393,0.73096,13.0413,12.2385,-0.07926,18.5784,17.1626,8464
401752801,2025,1,purdue,ball-state,0,31,31,8.1268,54.7272,0.68212,0.6592,3.6541,11.7808,0.72802,13.0089,12.2745,-0.08042,18.5897,17.1527,8464
401752803,2025,1,tulane,northwestern,0,20,26,12.5745,47.298,0.76025,0.74633,-0.5147,12.0598,0.7372,12.987,11.8416,-0.0741,18.212,16.9143,8464
401752673,2025,1,southern-miss,mississippi-state,0,-17,51,-10.1408,54.1188,0.287,0.28141,-3.1899,-13.3306,0.22599,12.6497,12.3968,-0.07796,18.3888,17.0072,8464
401752676,2025,1,tennessee,syracuse,1,19,71,13.6508,54.9813,0.7765,0.76115,2.6351,16.2858,0.80297,13.0464,12.1484,-0.07972,18.522,17.1033,8464
401752670,2025,1,kentucky,toledo,0,8,40,6.1465,53.6185,0.64338,0.61948,2.7169,8.8634,0.6738,13.0056,12.2775,-0.07786,18.5673,17.1761,8464
401752806,2025,1,indiana,old-dominion,0,13,41,9.827,51.691,0.715,0.69301,3.1887,13.0157,0.75075,13.0257,12.1641,-0.07662,18.4909,17.1276,8464
401762456,2025,1,umass,temple,0,-32,52,-7.931,56.863,0.331,0.32495,-0.3643,-8.2953,0.31792,12.8246,12.4144,-0.08293,18.574,17.0933,8464
401752665,2025,1,florida-state,alabama,0,14,48,-12.147,55.641,0.25012,0.24572,-3.1357,-15.2827,0.19527,12.6351,12.3997,-0.07813,18.3815,16.9975,8464
401752807,2025,1,penn-state,nevada,0,35,57,25.7535,49.111,0.92112,0.92545,8.0099,33.7634,0.9713,13.0519,10.7908,-0.06962,17.5044,16.3458,8464
401752669,2025,1,georgia,marshall,0,38,52,21.8945,46.8885,0.88912,0.88739,7.8316,29.7261,0.95121,13.024,11.0031,-0.07159,17.6412,16.437,8464
401754616,2025,1,virginia,coastal-carolina,0,41,55,1.2123,58.4057,0.53675,0.5152,1.0609,2.2732,0.5378,13.0259,12.3856,-0.08075,18.6852,17.2343,8464
401752678,2025,1,texas-a-m,utsa,0,18,66,12.4622,52.8257,0.75525,0.74163,4.847,17.3093,0.81888,13.0369,12.0875,-0.07713,18.4493,17.0809,8464
401752671,2025,1,clemson,lsu,0,-7,27,1.925,55.3485,0.54837,0.53051,-0.0308,1.8942,0.52985,12.9797,12.3501,-0.07948,18.614,17.1905,8464
401752798,2025,1,usc,missouri-state,0,60,86,9.9972,62.4278,0.69225,0.67432,8.0042,18.0015,0.79749,13.0562,15.4752,-0.07873,21.0181,19.4455,8464
401757225,2025,1,utah-state,utep,0,12,44,4.6625,61.7575,0.61025,0.58803,-0.9172,3.7453,0.56885,13.0331,12.3925,-0.08249,18.7105,17.2275,8464
401752808,2025,1,michigan,new-mexico,0,17,51,30.29,58.561,0.94163,0.95148,10.0363,40.3263,0.98674,13.0743,11.3665,-0.07459,17.9529,16.6723,8464
401752672,2025,1,ole-miss,georgia-state,0,56,70,19.709,55.2255,0.86138,0.85254,3.8203,23.5293,0.89539,13.0522,11.9091,-0.07772,18.3398,16.9712,8464
401761594,2025,1,texas-state,eastern-michigan,0,25,79,3.3115,53.5795,0.57687,0.5601,0.7457,4.0572,0.57587,12.9733,12.3214,-0.07976,18.591,17.1646,8464
401761592,2025,1,louisiana,rice,0,-2,26,15.2387,52.6723,0.80488,0.78857,1.059,16.2978,0.80485,13.0239,12.0043,-0.07817,18.3893,17.0084,8464
401760361,2025,1,fresno-state,georgia-southern,0,28,56,8.8678,55.1442,0.697,0.6739,0.2348,9.1025,0.67844,13.0123,12.2532,-0.07911,18.5658,17.1533,8464
401752936,2025,1,oregon-state,california,0,-19,49,4.2177,51.3307,0.6,0.57932,-1.1058,3.112,0.55591,12.9794,12.298,-0.07929,18.5747,17.1579,8464
401756849,2025,1,arizona,hawaii,0,34,46,8.4777,57.6547,0.6865,0.66572,3.2368,11.7145,0.72636,13.0315,12.3087,-0.08072,18.6338,17.1881,8464
401752800,2025,1,ucla,utah,0,-33,53,-5.8117,52.1158,0.37563,0.36601,1.116,-4.6957,0.38902,12.7227,12.3688,-0.07909,18.4322,17.0283,8464
401752805,2025,1,washington,colorado-state,0,17,59,15.3707,49.2262,0.80788,0.79261,2.5992,17.9699,0.83098,13.0248,11.8013,-0.07674,18.2349,16.8916,8464
401752680,2025,1,south-carolina,virginia-tech,1,13,35,3.1325,47.4375,0.574,0.55683,2.2995,5.432,0.60557,12.8718,12.2219,-0.07671,18.4172,17.0564,8464
401754523,2025,1,north-carolina,tcu,0,-34,62,-0.2685,64.157,0.50525,0.48362,0.1556,-0.1129,0.48693,13.028,12.3975,-0.08269,18.712,17.2255,8464
401754528,2025,2,louisville,james-madison,0,14,42,3.938,55.684,0.5895,0.57267,4.5819,8.5199,0.66542,13.235,12.7047,-0.04668,18.7689,17.913,8654
401752826,2025,2,maryland,northern-illinois,0,11,29,8.6197,53.8317,0.69037,0.66862,4.3361,12.9559,0.74825,13.2381,12.4818,-0.04729,18.6192,17.7599,8654
401754525,2025,2,smu,baylor,0,-3,93,3.2172,63.3957,0.5735,0.55761,0.7667,3.984,0.5737,13.2522,12.624,-0.0496,18.7505,17.8435,8654
401757227,2025,2,jacksonville-state,liberty,0,10,58,5.4323,53.9718,0.61938,0.60321,-1.5041,3.9282,0.57216,13.4912,12.5435,-0.04723,18.8503,17.9824,8654
401752825,2025,2,duke,illinois,0,-26,64,-0.9847,49.6893,0.4805,0.46806,0.1339,-0.8508,0.47093,13.0598,12.5719,-0.04428,18.5243,17.722,8654
401752812,2025,2,indiana,kennesaw-state,0,47,65,11.129,49.9805,0.72862,0.71379,5.8208,16.9498,0.80884,13.2313,12.7878,-0.0471,18.829,17.9626,8654
401754529,2025,2,pittsburgh,central-michigan,0,28,62,12.207,53.5775,0.74675,0.73574,3.7995,16.0065,0.79809,13.27,12.3729,-0.04827,18.575,17.7011,8654
401752811,2025,2,penn-state,fiu,0,34,34,21.5605,59.9025,0.87962,0.8726,6.606,28.1665,0.93267,13.2799,12.253,-0.04774,18.494,17.6339,8654
401752693,2025,2,texas,san-jose-state,0,31,45,18.7502,53.6803,0.84913,0.8399,8.5588,27.3091,0.92788,13.2637,12.0619,-0.04897,18.3598,17.4857,8654
401754524,2025,2,nc-state,virginia,0,4,66,5.5583,52.5277,0.625,0.60692,0.7743,6.3326,0.6228,13.2189,12.5341,-0.04761,18.6445,17.7783,8654
401756885,2025,2,texas-tech,kent-state,0,48,76,18.9168,61.0928,0.8495,0.83882,5.7216,24.6384,0.9027,13.2789,12.4011,-0.0492,18.6097,17.7176,8654
401752822,2025,2,iowa-state,iowa,0,3,29,3.7085,40.064,0.58525,0.5706,-1.1599,2.5486,0.54522,12.8571,12.1415,-0.04009,18.0344,17.3264,8654
401754618,2025,2,syracuse,uconn,0,7,47,14.2475,52.353,0.78763,0.77175,3.0334,17.2809,0.81831,13.2625,12.2331,-0.04719,18.4623,17.6134,8654
401752694,2025,2,texas-a-m,utah-state,0,22,66,19.013,58.2815,0.85113,0.84101,7.8574,26.8704,0.92255,13.292,12.2886,-0.049,18.539,17.6545,8654
401752937,2025,2,oregon-state,fresno-state,0,-9,63,3.912,54.4405,0.58962,0.57256,1.5413,5.4533,0.60469,13.2149,12.5595,-0.04723,18.6561,17.796,8654
401756881,2025,2,colorado,delaware,0,24,38,-1.0875,54.221,0.48725,0.46921,9.7311,8.6436,0.65404,13.1469,15.2058,-0.04579,20.5515,19.6405,8654
401761603,2025,2,utsa,texas-state,0,-7,79,7.9415,58.766,0.67613,0.65461,0.9483,8.8898,0.6731,13.2525,12.566,-0.04924,18.7064,17.8083,8654
401752686,2025,2,kentucky,ole-miss,0,-7,53,-1.601,48.4765,0.463,0.45471,-0.9483,-2.5493,0.43442,12.9902,12.5683,-0.04385,18.467,17.6745,8654
401752824,2025,2,oregon,oklahoma-state,0,66,72,13.9217,55.7887,0.781,0.76516,4.5295,18.4512,0.83322,13.2548,12.3681,-0.0487,18.5641,17.6831,8654
401752689,2025,2,missouri,kansas,0,11,73,7.4853,57.1127,0.6665,0.64579,1.8889,9.3741,0.68264,13.2549,12.5373,-0.04817,18.6785,17.8007,8654
401754637,2025,2,clemson,troy,0,11,43,16.302,48.541,0.82025,0.80747,6.7721,23.0741,0.89267,13.2528,11.8556,-0.04698,18.1922,17.3617,8654
401756880,2025,2,cincinnati,bowling-green,0,14,54,17.019,50.758,0.8305,0.81672,2.2182,19.2372,0.84713,13.2607,11.9745,-0.04869,18.2948,17.429,8654
401762458,2025,2,navy,uab,0,14,62,5.803,52.7215,0.63,0.61211,0.0,5.803,0.61211,13.2182,12.5137,-0.04645,18.6193,17.7749,8654
401752818,2025,2,rutgers,miami-oh,0,28,62,-1.1363,44.7608,0.47263,0.46437,1.8446,0.7084,0.50454,12.8561,12.4938,-0.04143,18.2944,17.5518,8654
401762461,2025,2,western-michigan,north-texas,0,-3,63,0.6615,61.6025,0.52,0.50344,-0.661,0.0005,0.48937,13.2391,12.632,-0.04815,18.7336,17.8532,8654
401752820,2025,2,wisconsin,middle-tennessee,0,32,52,16.6855,47.1985,0.8285,0.81448,4.6081,21.2936,0.87476,13.2548,11.7106,-0.0469,18.0938,17.2704,8654
401756883,2025,2,ohio,west-virginia,0,7,27,1.759,52.6045,0.5445,0.52697,-3.6531,-1.8941,0.44882,13.1618,12.5667,-0.04581,18.6094,17.7764,8654
401752684,2025,2,florida,south-florida,0,-2,34,18.5397,58.2338,0.84625,0.83459,4.4005,22.9402,0.8868,13.2921,12.3096,-0.04863,18.5505,17.6718,8654
401752682,2025,2,arkansas,arkansas-state,1,42,70,10.4043,58.9838,0.71875,0.70172,3.4448,13.849,0.76222,13.2722,12.5447,-0.04973,18.7105,17.8034,8654
401757228,2025,2,marshall,missouri-state,0,-1,41,3.665,49.3565,0.58213,0.56199,3.1251,6.7901,0.62175,13.147,14.8667,-0.04506,20.2849,19.3971,8654
401756882,2025,2,kansas-state,army,0,-3,45,11.73,48.978,0.74313,0.72912,12.9568,24.6868,0.9056,13.2278,12.1911,-0.04694,18.4048,17.563,8654
401756884,2025,2,rice,houston,0,-26,44,-5.6165,53.6885,0.3765,0.37078,-2.406,-8.0225,0.32293,13.0338,12.6207,-0.045,18.5463,17.73,8654
401754527,2025,2,charlotte,north-carolina,0,-17,23,-11.762,62.5585,0.261,0.25548,-4.3095,-16.0715,0.18717,13.1058,12.6697,-0.04723,18.6539,17.7932,8654
401761601,2025,2,south-alabama,tulane,0,-2,64,-3.0195,51.6165,0.43412,0.4247,-2.0133,-5.0328,0.38266,13.0428,12.6009,-0.04464,18.5357,17.7264,8654
401761598,2025,2,georgia-state,memphis,0,-22,54,-8.6485,61.0205,0.31238,0.31177,-1.0761,-9.7246,0.29164,13.1296,12.6392,-0.04593,18.6381,17.8015,8654
401757232,2025,2,toledo,western-kentucky,0,24,66,2.1132,59.6732,0.55038,0.53436,1.1162,3.2295,0.55801,13.2396,12.5913,-0.04821,18.7056,17.8256,8654
401752695,2025,2,virginia-tech,vanderbilt,0,-24,64,10.0905,51.219,0.717,0.69738,0.5084,10.5989,0.70688,13.2573,12.3675,-0.04743,18.5544,17.6963,8654
401752688,2025,2,mississippi-state,arizona-state,0,4,44,3.0495,52.4065,0.57088,0.55444,0.607,3.6565,0.56729,13.1923,12.545,-0.04674,18.6249,17.7748,8654
401752690,2025,2,oklahoma,michigan,0,11,37,-3.913,57.1605,0.41613,0.40644,-0.4678,-4.3808,0.39673,13.1447,12.628,-0.04602,18.6421,17.8037,8654
401752810,2025,2,nebraska,akron,0,68,68,20.9948,48.3837,0.8795,0.8741,5.3974,26.3922,0.92616,13.2725,11.3941,-0.0458,17.884,17.0918,8654
401752687,2025,2,lsu,louisiana-tech,0,16,30,23.021,58.867,0.893,0.88941,8.1015,31.1225,0.95189,13.2846,12.1141,-0.04861,18.4086,17.5381,8654
401752683,2025,2,auburn,ball-state,0,39,45,18.6947,50.8937,0.8505,0.84117,7.5305,26.2253,0.92115,13.2702,11.8537,-0.04744,18.208,17.369,8654
401752814,2025,2,usc,georgia-southern,0,39,79,16.232,65.5995,0.814,0.79949,5.186,21.418,0.86793,13.2903,12.5488,-0.05039,18.7327,17.8129,8654
401752816,2025,2,michigan-state,boston-college,0,2,82,4.5045,48.648,0.602,0.58559,1.2782,5.7827,0.61227,13.1521,12.4654,-0.04466,18.5204,17.7122,8654
401752681,2025,2,alabama,louisiana-monroe,0,73,73,33.513,59.982,0.96537,0.96785,9.8803,43.3933,0.99189,13.2842,11.305,-0.04704,17.8438,17.0337,8654
401752823,2025,2,unlv,ucla,0,7,53,-2.9202,57.4548,0.43788,0.42733,-1.2551,-4.1753,0.40114,13.1634,12.6294,-0.04769,18.6717,17.8022,8654
401757229,2025,2,new-mexico-state,tulsa,0,7,35,0.8305,57.8735,0.523,0.50705,-3.6444,-2.8139,0.42967,13.2151,12.6169,-0.04741,18.6985,17.8329,8654
401752948,2025,2,washington-state,san-diego-state,0,23,49,10.5472,46.9477,0.72588,0.7081,-0.4712,10.076,0.69922,13.2114,12.1484,-0.04428,18.3396,17.5474,8654
401754526,2025,2,byu,stanford,0,24,30,13.009,52.8755,0.76275,0.75031,-1.0999,11.9091,0.73107,13.2635,12.3042,-0.04797,18.5194,17.6538,8654
401757230,2025,2,hawaii,sam-houston,0,17,57,-2.71,49.127,0.44088,0.43158,0.0731,-2.6369,0.43313,12.9491,12.8309,-0.04387,18.625,17.8251,8654
401754531,2025,3,wake-forest,nc-state,0,-10,58,2.5695,55.621,0.5635,0.54381,-1.5261,1.0434,0.51152,13.3058,12.4555,-0.06511,18.8086,17.624,8818
401756893,2025,3,houston,colorado,0,16,56,6.1545,55.3065,0.63938,0.61822,-1.8701,4.2844,0.57978,13.3148,12.4205,-0.06588,18.7974,17.6,8818
401756888,2025,3,arizona,kansas-state,0,6,40,-8.3558,53.7467,0.316,0.31723,-1.03,-9.3857,0.29779,13.031,12.468,-0.06662,18.6254,17.4245,8818
401752837,2025,3,ucla,new-mexico,0,-25,45,16.941,60.787,0.824,0.80906,7.3659,24.3069,0.89728,13.3916,12.3348,-0.06664,18.8015,17.5917,8818
401762817,2025,3,kent-state,buffalo,0,-3,59,-3.775,55.603,0.42375,0.40977,-1.0843,-4.8593,0.38744,13.2092,12.4547,-0.06557,18.7398,17.5507,8818
401754623,2025,3,georgia-tech,clemson,0,3,45,-12.9492,51.2118,0.23588,0.23178,-3.8531,-16.8024,0.17284,12.6934,12.4735,-0.06302,18.3486,17.2266,8818
401761608,2025,3,troy,memphis,0,-21,35,-3.006,56.0885,0.44313,0.42587,-2.0277,-5.0337,0.38401,13.2302,12.4628,-0.06542,18.7598,17.5723,8818
401752831,2025,3,northwestern,oregon,0,-20,48,-17.1785,49.796,0.17313,0.16255,-4.9999,-22.1784,0.10341,12.23,12.4711,-0.05787,17.9654,16.9543,8818
401752839,2025,3,michigan,central-michigan,0,60,66,26.0587,53.0772,0.91913,0.92149,8.0922,34.1509,0.96879,13.3772,11.3108,-0.06377,18.0604,16.9584,8818
401752696,2025,3,alabama,wisconsin,0,24,52,14.1223,51.0682,0.78163,0.76829,4.3756,18.4979,0.83366,13.3304,12.0934,-0.06579,18.5786,17.3994,8818
401752703,2025,3,temple,oklahoma,0,-39,45,-20.8413,57.8167,0.12837,0.1217,-7.1163,-27.9575,0.05991,12.6016,12.4979,-0.06249,18.2943,17.1847,8818
401752697,2025,3,auburn,south-alabama,0,16,46,12.69,49.2115,0.758,0.7444,6.59,19.28,0.84426,13.3282,12.0758,-0.06466,18.5547,17.3969,8818
401752702,2025,3,missouri,louisiana,0,42,62,4.1237,51.8637,0.5955,0.57665,4.1585,8.2823,0.66101,13.2867,12.395,-0.0641,18.7426,17.5801,8818
401757168,2025,3,delaware,uconn,0,3,85,14.951,51.1925,0.7745,0.76109,-6.1779,8.7731,0.65776,15.6517,12.0622,-0.0636,20.359,19.1431,8818
401752938,2025,3,texas-tech,oregon-state,0,31,59,3.3093,61.1112,0.57712,0.55921,1.6999,5.0091,0.59449,13.3295,12.4666,-0.06773,18.8574,17.6234,8818
401754615,2025,3,missouri-state,smu,0,-18,38,-5.1327,61.8457,0.39125,0.39172,-6.4684,-11.6012,0.27745,15.4743,12.477,-0.06452,20.495,19.2409,8818
401754638,2025,3,west-virginia,pittsburgh,0,7,55,-0.7237,53.5318,0.49562,0.47401,-0.3586,-1.0823,0.46641,13.2228,12.4649,-0.06695,18.7693,17.5541,8818
401752832,2025,3,purdue,usc,0,-16,50,-7.495,63.417,0.33075,0.33543,-3.0349,-10.5299,0.27884,13.2787,12.4855,-0.06552,18.8133,17.6206,8818
401752949,2025,3,north-texas,washington-state,0,49,69,-5.8905,62.288,0.371,0.36718,-0.0059,-5.8964,0.36706,13.2699,12.4846,-0.06854,18.8326,17.5854,8818
401752705,2025,3,tennessee,georgia,0,-3,85,-5.0532,50.7662,0.38762,0.38266,-2.5908,-7.6441,0.33078,13.0426,12.4473,-0.06489,18.6041,17.4349,8818
401756890,2025,3,arkansas-state,iowa-state,0,-8,40,-14.235,55.325,0.21887,0.21236,-1.0951,-15.3301,0.19556,12.8351,12.4704,-0.06397,18.4589,17.3139,8818
401752706,2025,3,texas,utep,0,17,37,25.758,53.173,0.91675,0.91833,8.0086,33.7666,0.96682,13.3837,11.3762,-0.06496,18.1196,16.993,8818
401757258,2025,3,nevada,middle-tennessee,0,-1,27,1.332,51.145,0.5395,0.51772,-0.6051,0.7269,0.50483,13.2153,12.4324,-0.06576,18.7302,17.5385,8818
401757256,2025,3,bowling-green,liberty,0,10,36,-6.668,53.1095,0.34863,0.35036,-1.3639,-8.0319,0.32367,13.0839,12.4703,-0.06477,18.6502,17.4803,8818
401757233,2025,3,fiu,florida-atlantic,0,10,66,3.6275,62.7165,0.58463,0.56585,-0.8093,2.8182,0.54891,13.3419,12.4639,-0.06744,18.8623,17.633,8818
401752700,2025,3,ole-miss,arkansas,0,6,76,11.6548,54.3907,0.73962,0.72395,0.7686,12.4234,0.73748,13.3578,12.3102,-0.06671,18.7593,17.5509,8818
401752829,2025,3,illinois,western-michigan,0,38,38,13.2145,52.4965,0.76725,0.75233,2.4269,15.6414,0.7916,13.3412,12.1971,-0.06445,18.6476,17.4866,8818
401752827,2025,3,ohio-state,ohio,0,28,46,26.61,54.9035,0.92113,0.9246,9.5668,36.1768,0.97519,13.3984,11.4588,-0.06332,18.1732,17.0698,8818
401757234,2025,3,georgia-southern,jacksonville-state,0,7,75,-5.2428,56.4723,0.38937,0.38079,1.0361,-4.2067,0.40181,13.1979,12.7218,-0.06622,18.928,17.7142,8818
401761607,2025,3,southern-miss,appalachian-state,0,16,60,-10.4907,56.4582,0.27738,0.27761,-0.1668,-10.6575,0.27461,13.0571,12.4801,-0.06387,18.6295,17.4764,8818
401754536,2025,3,virginia-tech,old-dominion,0,-19,71,9.4055,47.6475,0.7035,0.68395,4.4584,13.8639,0.76376,13.3043,12.1613,-0.06518,18.601,17.4302,8818
401752698,2025,3,kentucky,eastern-michigan,0,25,71,16.0275,49.303,0.8135,0.80037,3.614,19.6415,0.85063,13.3336,11.8793,-0.06447,18.4208,17.2765,8818
401752830,2025,3,iowa,umass,0,40,54,30.6208,48.5007,0.94988,0.96089,4.2026,34.8233,0.97761,13.3794,9.9223,-0.05678,17.1037,16.1983,8818
401752707,2025,3,notre-dame,texas-a-m,0,-1,81,10.91,49.8495,0.7295,0.71176,-0.0984,10.8116,0.70996,13.3147,12.1951,-0.0658,18.6379,17.4537,8818
401757257,2025,3,louisiana-tech,new-mexico-state,0,35,63,7.21,54.606,0.65912,0.63956,1.7208,8.9308,0.67325,13.328,12.3841,-0.0658,18.7809,17.5864,8818
401752699,2025,3,lsu,florida,0,10,30,8.0487,58.0553,0.67538,0.65554,0.4078,8.4565,0.66347,13.3476,12.4423,-0.06804,18.8565,17.6172,8818
401761604,2025,3,coastal-carolina,east-carolina,0,-38,38,4.4688,56.3047,0.603,0.5835,-0.0127,4.456,0.58324,13.3093,12.4481,-0.0668,18.821,17.6056,8818
401752704,2025,3,south-carolina,vanderbilt,0,-24,38,13.6547,51.6123,0.775,0.76034,2.8079,16.4627,0.80467,13.3292,12.1364,-0.0644,18.5956,17.4391,8818
401756895,2025,3,wyoming,utah,0,-25,37,-11.4192,43.8717,0.25475,0.25331,-4.1505,-15.5698,0.18529,12.222,12.4359,-0.05949,17.9475,16.9098,8818
401754534,2025,3,tulane,duke,0,7,61,8.379,53.0995,0.68212,0.66276,-0.3478,8.0312,0.65596,13.3094,12.3687,-0.06621,18.7597,17.5592,8818
401762465,2025,3,tulsa,navy,0,-19,65,-5.3248,54.4207,0.38362,0.37774,0.0,-5.3248,0.37774,13.1481,12.4674,-0.06557,18.703,17.516,8818
401762463,2025,3,uab,akron,0,3,59,17.29,54.0715,0.82988,0.81656,0.0707,17.3607,0.81757,13.3596,12.0931,-0.06658,18.6074,17.4129,8818
401760368,2025,3,utah-state,air-force,0,19,79,-6.637,57.581,0.351,0.35184,0.0,-6.637,0.35184,13.1901,12.4859,-0.06741,18.7638,17.5406,8818
401756889,2025,3,arizona-state,texas-state,0,19,49,10.9015,51.9535,0.7295,0.71111,2.4,13.3015,0.75335,13.3187,12.2592,-0.06586,18.6864,17.4977,8818
401752840,2025,3,california,minnesota,0,13,41,-1.753,44.8135,0.46938,0.45149,0.2881,-1.4649,0.45767,12.9373,12.3905,-0.06444,18.4813,17.3274,8818
401754533,2025,3,stanford,boston-college,0,10,50,-1.2508,52.2632,0.48063,0.46273,1.0854,-0.1653,0.48582,13.192,12.4378,-0.06542,18.7135,17.5288,8818
401762468,2025,4,charlotte,rice,0,-11,45,0.1613,54.7263,0.51013,0.49278,-0.0714,0.0898,0.49126,13.0722,12.3521,-0.08403,18.7241,17.2139,8956
401756900,2025,4,oklahoma-state,tulsa,0,-7,31,14.8265,56.6425,0.79575,0.77908,2.0505,16.877,0.81034,13.1587,12.1405,-0.08284,18.6282,17.1486,8956
401752844,2025,4,rutgers,iowa,0,-10,66,-8.3398,38.8732,0.3055,0.30896,-0.3947,-8.7344,0.30115,11.8964,12.2652,-0.07572,17.7216,16.4275,8956
401756901,2025,4,utah,texas-tech,0,-24,44,11.3403,55.0148,0.72875,0.71942,-0.9426,10.3976,0.70215,13.1459,12.1945,-0.08251,18.6541,17.1775,8956
401760376,2025,4,miami-oh,unlv,0,-3,79,3.478,51.1125,0.58013,0.56351,-2.0596,1.4184,0.51966,13.0576,12.2697,-0.08108,18.6286,17.1775,8956
401752708,2025,4,memphis,arkansas,0,1,63,4.8373,59.7743,0.613,0.59134,-1.9755,2.8618,0.55005,13.1419,12.3479,-0.08444,18.7773,17.2562,8956
401754537,2025,4,clemson,syracuse,0,-13,55,16.5125,50.7525,0.82312,0.80839,3.6201,20.1326,0.85749,13.1492,11.8187,-0.07925,18.3634,16.9692,8956
401752845,2025,4,wisconsin,maryland,0,-17,37,10.6552,48.8252,0.72075,0.70881,1.2129,11.8681,0.73092,13.1066,12.0053,-0.0798,18.4668,17.0528,8956
401762469,2025,4,army,north-texas,0,-7,83,4.9615,56.223,0.61488,0.59413,-10.3605,-5.399,0.37641,13.1217,12.3286,-0.0826,18.7323,17.2467,8956
401754636,2025,4,tcu,smu,0,11,59,1.3473,66.1532,0.53725,0.51796,-0.4114,0.9359,0.50924,13.1484,12.3763,-0.086,18.816,17.2645,8956
401754642,2025,4,louisville,bowling-green,0,23,57,17.9692,53.6822,0.84037,0.82823,3.2945,21.2638,0.86988,13.1803,11.9003,-0.07909,18.4431,17.0448,8956
401752715,2025,4,tennessee,uab,0,32,80,19.4357,56.9857,0.85887,0.84686,6.1849,25.6206,0.91264,13.1781,11.9846,-0.0801,18.5092,17.0878,8956
401752841,2025,4,oregon,oregon-state,0,34,48,15.1315,58.814,0.8,0.78321,5.1895,20.321,0.85562,13.1756,12.1972,-0.0832,18.6845,17.1938,8956
401752711,2025,4,ole-miss,tulane,0,35,55,8.9247,53.2502,0.693,0.67425,3.0814,12.0062,0.73134,13.1356,12.2079,-0.08213,18.6525,17.1824,8956
401754541,2025,4,florida-state,kent-state,0,56,76,21.7782,54.3997,0.88113,0.87746,7.0694,28.8476,0.93926,13.1982,11.7007,-0.07771,18.3058,16.944,8956
401762820,2025,4,western-michigan,toledo,0,1,27,-6.4117,59.2218,0.35763,0.35588,-1.6292,-8.041,0.32398,13.0434,12.3664,-0.08318,18.7054,17.2112,8956
401754640,2025,4,ucf,north-carolina,0,25,43,6.0425,60.754,0.63513,0.61588,-0.8207,5.2218,0.59911,13.1548,12.3662,-0.08534,18.8079,17.2687,8956
401761613,2025,4,buffalo,troy,0,-4,38,-2.031,50.525,0.45963,0.44595,-0.9219,-2.9529,0.42646,12.9667,12.3326,-0.08338,18.625,17.1336,8956
401757262,2025,4,liberty,james-madison,0,-18,44,-2.0715,53.926,0.46063,0.44548,2.6512,0.5797,0.5017,13.0254,12.4788,-0.08156,18.7589,17.2878,8956
401752714,2025,4,oklahoma,auburn,0,7,41,6.2022,55.9198,0.6395,0.61962,-0.1757,6.0266,0.61604,13.1371,12.3034,-0.08279,18.7275,17.2393,8956
401761610,2025,4,eastern-michigan,louisiana,0,3,65,-8.0035,52.6685,0.32188,0.32324,-0.2454,-8.2489,0.31851,12.8311,12.3697,-0.08222,18.5404,17.0748,8956
401757169,2025,4,uconn,ball-state,0,6,56,-1.6445,51.059,0.46963,0.4542,1.3821,-0.2624,0.48369,12.9787,12.3466,-0.08288,18.6399,17.1558,8956
401752846,2025,4,nebraska,michigan,0,-3,57,-12.8145,47.483,0.23563,0.231,-1.6302,-14.4447,0.20451,12.2711,12.369,-0.07929,18.1009,16.7183,8956
401752848,2025,4,notre-dame,purdue,0,26,86,20.488,54.578,0.86962,0.86166,4.2615,24.7495,0.90654,13.1786,11.8108,-0.07854,18.3744,16.9917,8956
401754538,2025,4,duke,nc-state,0,12,78,1.0125,50.8865,0.53212,0.51097,-0.728,0.2845,0.49539,13.0377,12.309,-0.08012,18.6335,17.1981,8956
401752712,2025,4,mississippi-state,northern-illinois,0,28,48,10.828,53.499,0.72262,0.7102,5.6878,16.5158,0.80484,13.1489,12.1668,-0.08335,18.6439,17.1539,8956
401754542,2025,4,georgia-tech,temple,0,21,69,11.2622,51.7108,0.72975,0.71884,3.9439,15.2061,0.78574,13.1494,12.1023,-0.08056,18.5745,17.1387,8956
401757259,2025,4,fiu,delaware,0,-22,54,1.1225,63.1905,0.5315,0.51232,6.0732,7.1957,0.63013,13.1535,14.2073,-0.08402,20.1561,18.5327,8956
401757261,2025,4,kennesaw-state,arkansas-state,0,7,49,2.4925,52.5775,0.55863,0.54155,-4.7938,-2.3013,0.44169,13.617,12.3185,-0.08202,19.0968,17.5969,8956
401756899,2025,4,kansas,west-virginia,0,31,51,1.6983,58.6208,0.54375,0.52544,0.8165,2.5148,0.54272,13.1281,12.3576,-0.08485,18.7773,17.2489,8956
401752713,2025,4,missouri,south-carolina,0,9,49,2.6065,49.027,0.56212,0.54508,-0.5411,2.0654,0.53353,13.0144,12.2643,-0.08224,18.6022,17.1329,8956
401760372,2025,4,air-force,boise-state,0,-12,86,-1.5207,48.8533,0.47363,0.45664,0.0,-1.5207,0.45664,12.9226,12.3109,-0.08101,18.5561,17.1107,8956
401761611,2025,4,south-alabama,coastal-carolina,0,-18,58,4.1605,54.1085,0.59625,0.57756,-1.2537,2.9068,0.55118,13.1063,12.3138,-0.08247,18.7089,17.2274,8956
401757268,2025,4,western-kentucky,nevada,0,15,47,13.5595,53.8995,0.77613,0.75899,1.3802,14.9397,0.78153,13.1388,12.0952,-0.08217,18.5752,17.1115,8956
401757264,2025,4,middle-tennessee,marshall,0,-14,70,-3.6792,47.5203,0.41713,0.41045,-1.3312,-5.0105,0.38266,12.7902,12.3214,-0.08057,18.4608,17.0297,8956
401754539,2025,4,virginia,stanford,0,28,68,6.8942,53.6307,0.65325,0.63374,-0.7698,6.1245,0.61815,13.1395,12.27,-0.08319,18.7089,17.2155,8956
401756896,2025,4,baylor,arizona-state,0,-3,51,7.7652,52.9103,0.6715,0.65149,-0.2321,7.5332,0.64688,13.1204,12.2276,-0.08264,18.6595,17.1797,8956
401752842,2025,4,washington-state,washington,0,-35,83,-0.5587,56.2668,0.4935,0.47745,-2.8698,-3.4286,0.41689,13.0722,12.3571,-0.08309,18.7197,17.2261,8956
401757263,2025,4,louisiana-tech,southern-miss,0,10,50,7.6043,52.6138,0.66675,0.64825,-2.0708,5.5334,0.60629,13.1203,12.2325,-0.08297,18.6656,17.1797,8956
401752843,2025,4,indiana,illinois,0,53,73,0.7497,51.4982,0.5235,0.50534,-0.3189,0.4309,0.49852,13.0355,12.3249,-0.0831,18.669,17.1792,8956
401752716,2025,4,vanderbilt,georgia-state,0,49,91,4.2145,56.4225,0.59775,0.57855,1.395,5.6095,0.60743,13.1273,12.336,-0.08266,18.7423,17.2549,8956
401756898,2025,4,east-carolina,byu,0,-21,47,-5.1965,52.1705,0.3855,0.37967,-0.7181,-5.9146,0.36506,12.9147,12.3719,-0.08109,18.5948,17.1447,8956
401752723,2025,4,texas,sam-houston,0,55,55,21.0175,47.6315,0.87688,0.87257,9.4241,30.4416,0.95171,13.1528,11.366,-0.07532,18.0196,16.7231,8956
401757267,2025,4,utep,louisiana-monroe,0,-6,56,5.7227,53.4967,0.629,0.61009,1.4917,7.2145,0.64035,13.1114,12.2731,-0.08229,18.6821,17.2062,8956
401760373,2025,4,colorado-state,utsa,0,-1,33,-2.9537,53.3982,0.43938,0.42662,-1.4887,-4.4424,0.39561,13.0108,12.3528,-0.08296,18.6692,17.1816,8956
401756897,2025,4,colorado,wyoming,0,17,57,2.8313,45.8918,0.568,0.55017,5.0497,7.8809,0.65514,12.9604,12.1813,-0.08052,18.4872,17.0567,8956
401754540,2025,4,san-diego-state,california,0,34,34,-3.3925,38.992,0.42137,0.4143,-2.5059,-5.8984,0.36097,12.3462,12.1652,-0.07606,17.9797,16.6605,8956
401752847,2025,4,usc,michigan-state,0,14,76,11.9165,58.73,0.7395,0.72882,2.4712,14.3877,0.77069,13.1619,12.2732,-0.08444,18.739,17.2217,8956
401760374,2025,4,hawaii,fresno-state,0,-2,44,-9.5753,54.0683,0.29325,0.29314,-2.0064,-11.5817,0.257,12.8113,12.3611,-0.08142,18.5125,17.0628,8956
401762471,2025,5,east-carolina,army,0,22,34,0.4887,50.4463,0.52025,0.49976,11.1658,11.6545,0.7228,13.3433,12.4932,-0.0657,18.8687,17.6697,9078
401754543,2025,5,virginia,florida-state,0,8,84,-5.2772,53.6227,0.3895,0.37975,-3.0714,-8.3486,0.31958,13.2927,12.5703,-0.06419,18.8721,17.699,9078
401756902,2025,5,arizona-state,tcu,0,3,51,-1.8712,55.6647,0.46788,0.45017,-0.1233,-1.9945,0.4476,13.3884,12.535,-0.06618,18.9364,17.7246,9078
401752939,2025,5,oregon-state,houston,0,-3,51,5.17,57.293,0.61962,0.59703,0.2137,5.3837,0.60137,13.4915,12.5173,-0.06715,19.0101,17.777,9078
401762825,2025,5,ohio,bowling-green,0,15,55,11.2162,49.9848,0.73313,0.71557,-1.0887,10.1276,0.69563,13.4862,12.2422,-0.06672,18.809,17.5988,9078
401754545,2025,5,syracuse,duke,0,-35,41,2.697,53.837,0.56675,0.54609,1.1139,3.8109,0.56926,13.4443,12.5242,-0.06666,18.9751,17.7526,9078
401752850,2025,5,illinois,usc,0,2,66,-2.2563,60.0412,0.45937,0.44236,-3.5213,-5.7776,0.37062,13.4425,12.5527,-0.0686,19.0111,17.7516,9078
401756906,2025,5,kansas-state,ucf,0,14,54,5.7033,54.0793,0.63025,0.60814,-0.0786,5.6246,0.60654,13.4589,12.4691,-0.06786,18.9578,17.7157,9078
401756905,2025,5,kansas,cincinnati,0,-3,71,-3.103,57.7125,0.43913,0.4247,1.1628,-1.9402,0.44884,13.4152,12.5578,-0.06649,18.9755,17.7557,9078
401752717,2025,5,arkansas,notre-dame,0,-43,69,-10.7385,56.8045,0.27238,0.27509,-2.649,-13.3875,0.23016,13.1919,12.5703,-0.06565,18.8099,17.6144,9078
401754547,2025,5,pittsburgh,louisville,0,-7,61,0.198,55.2445,0.51487,0.49366,-0.3715,-0.1735,0.48585,13.4403,12.5475,-0.06689,18.9906,17.763,9078
401761617,2025,5,north-texas,south-alabama,0,14,58,1.9988,58.1818,0.55312,0.53143,0.4612,2.4599,0.54107,13.4682,12.5412,-0.06649,19.0036,17.7824,9078
401754546,2025,5,wake-forest,georgia-tech,0,-1,59,6.3693,58.4207,0.64412,0.6211,-1.679,4.6903,0.58712,13.506,12.5311,-0.06745,19.0334,17.7935,9078
401752849,2025,5,minnesota,rutgers,0,3,59,13.6175,46.922,0.77488,0.7597,0.4144,14.0319,0.76658,13.4859,11.9635,-0.06463,18.5971,17.4396,9078
401752725,2025,5,vanderbilt,utah-state,0,20,90,4.73,64.3615,0.60837,0.58782,3.4535,8.1835,0.65659,13.5153,12.5436,-0.06845,19.0581,17.7987,9078
401762826,2025,5,central-michigan,eastern-michigan,0,11,37,4.7258,55.0782,0.60913,0.58809,-1.7424,2.9833,0.55204,13.4638,12.4924,-0.06829,18.9817,17.7303,9078
401761614,2025,5,james-madison,georgia-southern,0,25,45,13.5705,57.0575,0.7675,0.75371,-2.1832,11.3873,0.7162,13.6588,12.3853,-0.06747,19.047,17.8082,9078
401761616,2025,5,louisiana-monroe,arkansas-state,0,12,44,-0.044,59.3185,0.50875,0.48859,-2.2398,-2.2838,0.44182,13.4781,12.5453,-0.06733,19.0214,17.7841,9078
401752852,2025,5,washington,ohio-state,0,-18,30,-13.4982,57.0392,0.22487,0.22789,-4.8077,-18.3059,0.15819,13.1117,12.5922,-0.06606,18.7695,17.569,9078
401756907,2025,5,oklahoma-state,baylor,0,-18,72,-1.1445,55.8175,0.48187,0.46547,-0.4475,-1.592,0.4561,13.417,12.5388,-0.06766,18.9737,17.7334,9078
401752853,2025,5,iowa,indiana,0,-5,35,7.1505,44.0535,0.66112,0.63941,1.2281,8.3786,0.66377,13.35,12.1626,-0.065,18.6349,17.4654,9078
401754544,2025,5,boston-college,california,0,-4,52,-0.8487,48.2362,0.48775,0.47142,-1.4452,-2.2939,0.44096,13.2603,12.5,-0.06554,18.81,17.617,9078
401760380,2025,5,northern-illinois,san-diego-state,0,-3,9,0.2915,43.122,0.51425,0.49553,-2.3411,-2.0496,0.44546,13.108,12.3729,-0.06387,18.591,17.4411,9078
401752851,2025,5,northwestern,ucla,0,3,31,-4.3062,47.7572,0.4065,0.39861,-1.6837,-5.99,0.36431,13.1116,12.5191,-0.06479,18.7059,17.532,9078
401762824,2025,5,toledo,akron,0,42,48,23.1585,56.6835,0.88813,0.88811,1.5749,24.7334,0.90339,13.5141,11.9726,-0.06468,18.6254,17.4656,9078
401757170,2025,5,buffalo,uconn,0,-3,37,9.393,52.161,0.7045,0.68109,-1.0406,8.3524,0.66117,13.4752,12.373,-0.06663,18.8915,17.6764,9078
401756908,2025,5,west-virginia,utah,0,-34,62,-8.014,51.2815,0.32138,0.32447,-0.8648,-8.8788,0.30802,13.0975,12.5423,-0.06367,18.7021,17.5481,9078
401752719,2025,5,ole-miss,lsu,0,5,43,0.5945,56.5405,0.525,0.50199,-2.0311,-1.4366,0.45939,13.4535,12.5318,-0.06705,18.9908,17.7605,9078
401752724,2025,5,texas-a-m,auburn,0,6,26,3.873,47.274,0.59,0.57117,0.4834,4.3564,0.58124,13.3656,12.3848,-0.0653,18.8053,17.6183,9078
401762473,2025,5,navy,rice,0,8,34,11.448,50.3815,0.7375,0.71973,0.0,11.448,0.71973,13.4835,12.2538,-0.06611,18.8098,17.6101,9078
401760378,2025,5,air-force,hawaii,0,-9,79,14.0773,51.9147,0.78,0.7654,0.0,14.0773,0.7654,13.4993,12.1796,-0.06481,18.7587,17.5858,9078
401757274,2025,5,new-mexico,new-mexico-state,0,18,58,3.1403,59.9733,0.57512,0.55514,-0.4577,2.6825,0.54563,13.5036,12.5396,-0.06784,19.0411,17.7937,9078
401762474,2025,5,tulsa,tulane,0,-17,45,-10.0075,56.975,0.28613,0.28854,-1.0653,-11.0728,0.26955,13.2282,12.5707,-0.06628,18.8428,17.6342,9078
401752720,2025,5,mississippi-state,tennessee,0,-7,75,-7.1152,57.1457,0.341,0.34362,-1.825,-8.9403,0.30886,13.3199,12.5618,-0.06741,18.9149,17.6822,9078
401757270,2025,5,kennesaw-state,middle-tennessee,0,8,40,1.0375,47.992,0.53063,0.51119,-3.4506,-2.4131,0.4396,13.7879,12.4601,-0.06401,19.1664,17.9824,9078
401757271,2025,5,old-dominion,liberty,0,14,28,-2.4387,51.7867,0.45312,0.43816,-2.3109,-4.7496,0.3905,13.3131,12.5264,-0.0671,18.8821,17.657,9078
401756904,2025,5,iowa-state,arizona,0,25,53,13.7805,52.5385,0.7735,0.75985,-0.0511,13.7294,0.759,13.5037,12.2424,-0.06599,18.8161,17.6184,9078
401757273,2025,5,missouri-state,western-kentucky,0,-5,49,-1.1382,55.5048,0.48463,0.46762,-2.569,-3.7072,0.41735,14.9878,12.5395,-0.0655,20.1616,18.9011,9078
401757269,2025,5,southern-miss,jacksonville-state,0,17,67,-10.6578,52.9547,0.27425,0.27689,1.5688,-9.0889,0.30543,13.0534,12.7924,-0.0631,18.8444,17.6907,9078
401762472,2025,5,florida-atlantic,memphis,0,-29,81,-5.437,57.924,0.386,0.37694,-1.2043,-6.6413,0.35304,13.3754,12.5541,-0.06576,18.9365,17.7319,9078
401754548,2025,5,nc-state,virginia-tech,0,-2,44,3.6703,49.5418,0.58475,0.56667,-0.0889,3.5814,0.56482,13.3984,12.4568,-0.06531,18.8809,17.6886,9078
401754549,2025,5,stanford,san-jose-state,0,1,59,-1.5018,52.1178,0.47475,0.45779,3.5015,1.9998,0.53165,13.337,12.5232,-0.06562,18.8846,17.6858,9078
401752854,2025,5,penn-state,oregon,0,-6,54,4.8183,51.6107,0.61125,0.59031,-0.585,4.2333,0.57824,13.4419,12.445,-0.06603,18.9118,17.7052,9078
401760379,2025,5,boise-state,appalachian-state,0,33,61,8.2333,58.4043,0.68225,0.65791,-0.0125,8.2207,0.65766,13.4925,12.5039,-0.06836,19.0121,17.7575,9078
401752721,2025,5,missouri,umass,0,36,48,30.6277,59.0128,0.94325,0.94983,6.0025,36.6303,0.97562,13.5227,11.5583,-0.06302,18.3346,17.2267,9078
401752718,2025,5,georgia,alabama,0,-3,45,3.1727,53.5157,0.57475,0.55607,0.1791,3.3519,0.55979,13.4297,12.492,-0.06827,18.9556,17.706,9078
401752950,2025,5,colorado-state,washington-state,0,-17,23,-6.7103,52.6758,0.347,0.35049,0.2707,-6.4396,0.35584,13.1882,12.5446,-0.06423,18.7762,17.6081,9078
401752722,2025,5,south-carolina,kentucky,0,22,48,1.2305,46.506,0.5355,0.51554,1.331,2.5615,0.54379,13.2524,12.4343,-0.06405,18.7442,17.5821,9078
401761615,2025,5,louisiana,marshall,0,3,105,5.9498,49.2413,0.63662,0.6137,-0.0915,5.8582,0.61184,13.425,12.3878,-0.06612,18.8595,17.6549,9078
401757272,2025,5,utep,louisiana-tech,0,-19,41,-0.0345,52.6665,0.50825,0.48873,1.1088,1.0743,0.51211,13.3756,12.5268,-0.06634,18.9224,17.7086,9078
401756903,2025,5,colorado,byu,0,-3,45,-4.4157,53.9857,0.40788,0.39742,2.0102,-2.4055,0.43892,13.3137,12.5526,-0.06743,18.9039,17.6715,9078
401757275,2025,6,new-mexico-state,sam-houston,0,27,47,-1.8778,48.4857,0.46213,0.44891,-1.414,-3.2918,0.41886,12.9674,12.612,-0.04757,18.5142,17.6538,9184
401757276,2025,6,delaware,western-kentucky,0,-3,51,0.1517,55.1818,0.508,0.49295,-6.0495,-5.8977,0.37271,14.7404,12.3938,-0.04762,19.7049,18.8013,9184
401762475,2025,6,south-florida,charlotte,0,28,80,9.049,59.624,0.69862,0.67752,2.6702,11.7192,0.72731,13.2018,12.3756,-0.05141,18.5537,17.6251,9184
401760384,2025,6,san-jose-state,new-mexico,0,7,63,11.188,57.8745,0.73775,0.71818,2.7371,13.9251,0.76587,13.2043,12.328,-0.04993,18.5092,17.609,9184
401760382,2025,6,san-diego-state,colorado-state,0,21,69,6.2873,38.5808,0.6435,0.6272,0.2006,6.4878,0.63145,12.92,11.7638,-0.04229,17.8373,17.1014,9184
401756909,2025,6,byu,west-virginia,0,14,62,7.4597,53.1902,0.666,0.64695,-0.2463,7.2134,0.64198,13.1671,12.3111,-0.04838,18.4559,17.5856,9184
401752861,2025,6,purdue,illinois,0,-16,70,-2.3795,51.419,0.45038,0.43791,0.4864,-1.8931,0.44833,13.0438,12.3984,-0.04835,18.4255,17.5563,9184
401760381,2025,6,navy,air-force,0,3,65,1.1585,47.5195,0.53375,0.51431,0.0,1.1585,0.51431,13.0345,12.324,-0.04743,18.358,17.5083,9184
401762830,2025,6,ball-state,ohio,0,6,34,-4.7638,50.7557,0.39237,0.38704,0.4817,-4.2821,0.39713,12.9626,12.3892,-0.04592,18.3377,17.5149,9184
401754552,2025,6,north-carolina,clemson,0,-28,48,-6.6827,54.5793,0.3505,0.34824,-3.1382,-9.821,0.28757,13.0208,12.4146,-0.04767,18.414,17.557,9184
401756912,2025,6,cincinnati,iowa-state,0,8,68,0.8955,49.674,0.5285,0.50857,-0.0917,0.8038,0.50659,13.0614,12.3439,-0.04841,18.4006,17.5317,9184
401752728,2025,6,georgia,kentucky,0,21,49,16.3027,46.4378,0.8205,0.81102,4.5545,20.8573,0.87197,13.1626,11.6004,-0.04403,17.924,17.1574,9184
401754550,2025,6,pittsburgh,boston-college,0,41,55,9.4645,52.457,0.70762,0.68665,0.5905,10.055,0.69791,13.1798,12.2658,-0.04811,18.4313,17.5671,9184
401762476,2025,6,uab,army,0,-18,44,0.124,52.4205,0.5085,0.49188,9.8245,9.9485,0.69559,13.0967,12.3809,-0.04956,18.4631,17.5709,9184
401756911,2025,6,baylor,kansas-state,0,1,69,1.122,54.0005,0.53212,0.51342,0.3884,1.5104,0.52179,13.1308,12.3893,-0.0491,18.4902,17.6051,9184
401752856,2025,6,michigan,wisconsin,0,14,34,12.591,45.667,0.7645,0.74819,2.7359,15.3269,0.79393,13.135,11.8304,-0.04617,18.0786,17.2666,9184
401754556,2025,6,virginia-tech,wake-forest,0,-7,53,3.2835,54.083,0.57525,0.55977,1.615,4.8985,0.59391,13.1643,12.3735,-0.0498,18.5101,17.6119,9184
401762479,2025,6,temple,utsa,0,6,48,-8.0873,56.3268,0.32312,0.32084,-2.9283,-11.0156,0.2663,13.0201,12.4364,-0.05047,18.4535,17.5455,9184
401762832,2025,6,umass,western-michigan,0,-18,24,-13.9723,59.8233,0.22037,0.216,-0.8665,-14.8387,0.20248,12.9521,12.4701,-0.04941,18.418,17.53,9184
401756910,2025,6,arizona,oklahoma-state,0,28,54,-2.191,55.141,0.4555,0.44215,-0.9709,-3.1619,0.42152,13.119,12.3965,-0.04993,18.4938,17.5937,9184
401752858,2025,6,northwestern,louisiana-monroe,0,35,49,9.2408,47.7163,0.7055,0.68346,3.8865,13.1273,0.7548,13.1556,12.1129,-0.04846,18.3094,17.4455,9184
401754554,2025,6,louisville,virginia,0,-3,57,11.7313,57.1358,0.744,0.72817,0.6463,12.3776,0.73964,13.206,12.309,-0.04955,18.4937,17.6012,9184
401757165,2025,6,notre-dame,boise-state,0,21,35,13.3078,54.9853,0.77113,0.75691,5.7256,19.0334,0.8432,13.1854,12.2056,-0.04792,18.3917,17.5331,9184
401754555,2025,6,smu,syracuse,0,13,49,12.8135,61.644,0.7615,0.74688,0.7377,13.5512,0.75945,13.1913,12.353,-0.05081,18.5247,17.6081,9184
401752726,2025,6,alabama,vanderbilt,0,16,44,27.843,59.406,0.9305,0.9349,5.8523,33.6953,0.96691,13.2225,11.715,-0.04641,18.068,17.2539,9184
401752727,2025,6,florida,texas,0,8,50,-3.295,53.782,0.42775,0.41855,-1.4237,-4.7187,0.38869,13.0689,12.4061,-0.04923,18.4573,17.5711,9184
401752857,2025,6,maryland,washington,0,-4,44,-3.6898,54.3787,0.41837,0.41027,-0.4036,-4.0934,0.40179,13.0719,12.4071,-0.05019,18.4686,17.565,9184
401762829,2025,6,akron,central-michigan,0,6,50,-9.102,53.4005,0.30012,0.30042,1.0646,-8.0374,0.3209,12.9035,12.4356,-0.04884,18.3526,17.4777,9184
401761618,2025,6,georgia-state,james-madison,0,-7,21,-10.295,55.7725,0.28038,0.2798,2.8953,-7.3997,0.33471,12.9502,12.5835,-0.05001,18.5028,17.5998,9184
401762831,2025,6,buffalo,eastern-michigan,0,1,61,4.5755,52.8965,0.60313,0.58731,-1.1314,3.4441,0.56331,13.1462,12.3492,-0.049,18.4726,17.5902,9184
401762873,2025,6,northern-illinois,miami-oh,0,-11,39,-1.6397,47.2022,0.46713,0.45347,-2.2999,-3.9396,0.40418,12.944,12.3507,-0.04679,18.3043,17.4678,9184
401752855,2025,6,ucla,penn-state,0,5,79,-11.8735,49.801,0.24937,0.24716,-2.7312,-14.6047,0.20205,12.6013,12.4293,-0.04625,18.1044,17.2856,9184
401752940,2025,6,appalachian-state,oregon-state,0,4,50,2.1625,59.719,0.55438,0.53571,-1.0765,1.086,0.5126,13.1713,12.4119,-0.05022,18.5461,17.6385,9184
401757171,2025,6,uconn,fiu,0,41,61,-6.4637,61.2413,0.3545,0.35368,0.1047,-6.3591,0.35578,13.1283,12.4552,-0.05086,18.5503,17.6309,9184
401752860,2025,6,nebraska,michigan-state,0,11,65,5.5643,46.0072,0.62438,0.60902,1.9747,7.539,0.64976,13.089,12.193,-0.04645,18.2981,17.469,9184
401752729,2025,6,oklahoma,kent-state,0,44,44,29.1235,62.009,0.9395,0.94264,8.0977,37.2212,0.97849,13.2278,11.8133,-0.04725,18.1465,17.3136,9184
401761620,2025,6,arkansas-state,texas-state,0,1,61,0.3925,58.2725,0.517,0.49769,-0.3968,-0.0043,0.48915,13.1551,12.4211,-0.05075,18.5452,17.6282,9184
401761619,2025,6,old-dominion,coastal-carolina,0,40,54,0.4832,53.2082,0.52012,0.49964,-2.5342,-2.051,0.4451,13.1144,12.3863,-0.04938,18.4784,17.5889,9184
401762477,2025,6,rice,florida-atlantic,0,-6,48,-2.1578,51.5543,0.45738,0.44264,-1.4275,-3.5853,0.41225,13.049,12.396,-0.04775,18.4225,17.5638,9184
401761621,2025,6,troy,south-alabama,0,7,55,3.4563,48.8667,0.57825,0.5639,0.3229,3.7791,0.57081,13.0824,12.2955,-0.04794,18.378,17.5187,9184
401760385,2025,6,wyoming,unlv,0,-14,48,1.7593,48.5213,0.5465,0.52732,-4.0115,-2.2523,0.44046,13.0545,12.3203,-0.04781,18.3736,17.5166,9184
401756913,2025,6,houston,texas-tech,0,-24,46,-0.634,59.1495,0.491,0.47562,-1.9135,-2.5475,0.43474,13.1496,12.4284,-0.05063,18.5452,17.6304,9184
401756915,2025,6,ucf,kansas,0,-7,47,9.2585,60.857,0.70375,0.68172,0.0887,9.3472,0.68343,13.1845,12.3812,-0.0504,18.5359,17.6258,9184
401752730,2025,6,texas-a-m,mississippi-state,0,22,40,9.4883,51.0343,0.70888,0.68752,2.7884,12.2766,0.73907,13.1734,12.21,-0.04805,18.387,17.5261,9184
401752859,2025,6,ohio-state,minnesota,0,39,45,19.1725,51.847,0.85275,0.84872,4.9885,24.161,0.90429,13.1996,11.803,-0.04651,18.1117,17.2931,9184
401756914,2025,6,tcu,colorado,0,14,56,13.1155,58.8585,0.76787,0.75265,-0.1935,12.922,0.74932,13.1924,12.3142,-0.04816,18.475,17.6077,9184
401762478,2025,6,memphis,tulsa,0,38,52,17.623,61.0745,0.83063,0.82324,1.4026,19.0256,0.84226,13.2021,12.2584,-0.04956,18.4556,17.5648,9184
401760383,2025,6,fresno-state,nevada,0,3,37,13.6393,50.3632,0.78025,0.76401,1.8642,15.5034,0.79426,13.1753,12.0404,-0.04776,18.2678,17.4186,9184
401754551,2025,6,california,duke,0,-24,66,4.5475,47.7905,0.60288,0.58725,1.0832,5.6307,0.61006,13.0897,12.2743,-0.04677,18.3583,17.5206,9184
401757278,2025,7,middle-tennessee,missouri-state,0,-2,42,-1.6333,51.7968,0.47013,0.45654,1.7939,0.1606,0.49307,13.0684,13.6025,-0.07341,19.5424,18.158,9284
401757277,2025,7,utep,liberty,0,-11,27,-6.2225,52.468,0.36675,0.35828,-0.8972,-7.1197,0.34035,12.9563,12.3059,-0.07383,18.516,17.1976,9284
401757280,2025,7,kennesaw-state,louisiana-tech,0,28,42,0.175,48.4725,0.50425,0.49312,-2.9369,-2.7619,0.43134,13.4965,12.2137,-0.07364,18.8576,17.523,9284
401762480,2025,7,tulane,east-carolina,0,7,45,11.0162,52.5868,0.72862,0.71457,0.7468,11.7631,0.72808,13.2036,12.0913,-0.07435,18.5546,17.2277,9284
401761622,2025,7,georgia-southern,southern-miss,0,-3,73,8.6375,55.6555,0.683,0.6686,-0.5328,8.1047,0.65818,13.2148,12.2003,-0.07683,18.6615,17.2831,9284
401757279,2025,7,sam-houston,jacksonville-state,1,-2,56,-8.9593,48.0618,0.30825,0.30497,-0.8087,-9.768,0.28987,12.8551,12.5036,-0.06908,18.5419,17.3028,9284
401762481,2025,7,north-texas,south-florida,0,-27,99,5.7363,63.4843,0.62562,0.60996,-1.8564,3.8799,0.57151,13.2352,12.3029,-0.07721,18.7531,17.3605,9284
401752862,2025,7,washington,rutgers,0,19,57,14.138,50.1095,0.78712,0.77076,0.5952,14.7332,0.78045,13.2085,11.8832,-0.07243,18.396,17.1154,9284
401760388,2025,7,colorado-state,fresno-state,0,28,70,-6.3605,47.2205,0.3595,0.35395,-0.0594,-6.4199,0.35274,12.7619,12.255,-0.07097,18.3099,17.0544,9284
401762483,2025,7,army,charlotte,0,17,31,13.0597,53.5288,0.7685,0.7507,-9.5466,3.5131,0.56448,13.2199,12.0585,-0.0763,18.5607,17.2002,9284
401752865,2025,7,illinois,ohio-state,0,-18,50,-17.2172,53.5718,0.17288,0.16443,-5.9175,-23.1347,0.09637,12.4785,12.3428,-0.06882,18.1455,16.9369,9284
401754559,2025,7,florida-state,pittsburgh,0,-3,65,4.9513,51.6112,0.61038,0.59438,2.7965,7.7478,0.65131,13.1932,12.2016,-0.07595,18.6384,17.2768,9284
401761625,2025,7,james-madison,louisiana,0,10,38,5.8517,52.4663,0.62775,0.61255,-2.3986,3.4531,0.56269,13.3085,12.1812,-0.07624,18.7141,17.3429,9284
401762835,2025,7,bowling-green,toledo,0,5,51,-8.6817,55.5708,0.31412,0.31042,-1.7629,-10.4447,0.27772,12.9925,12.3077,-0.07581,18.5616,17.2058,9284
401762833,2025,7,akron,miami-oh,0,-13,27,-13.0267,48.0033,0.22775,0.22671,-1.0425,-14.0693,0.20968,12.3787,12.316,-0.06756,18.0421,16.8617,9284
401752734,2025,7,missouri,alabama,0,-3,51,-12.6595,55.403,0.23613,0.23787,-3.5855,-16.245,0.18207,12.8444,12.3309,-0.07402,18.4521,17.1343,9284
401756920,2025,7,oklahoma-state,houston,0,-22,56,5.0252,54.3862,0.61212,0.59586,0.8737,5.8989,0.61389,13.1898,12.2321,-0.07513,18.6505,17.3018,9284
401752863,2025,7,michigan-state,ucla,0,-25,51,0.5152,51.4783,0.517,0.50033,-0.9345,-0.4192,0.4803,13.1129,12.2525,-0.07495,18.6052,17.2624,9284
401754561,2025,7,smu,stanford,0,24,44,17.8347,60.4507,0.83575,0.82396,1.1282,18.9629,0.83918,13.2413,12.1138,-0.07776,18.6285,17.2375,9284
401756917,2025,7,cincinnati,ucf,0,9,31,3.3335,54.833,0.57712,0.56039,-1.2514,2.0821,0.53381,13.1665,12.2486,-0.07544,18.6472,17.2931,9284
401752733,2025,7,ole-miss,washington-state,0,3,45,11.3695,56.0515,0.7355,0.72015,4.6276,15.9971,0.79719,13.2234,12.1574,-0.07653,18.6351,17.2643,9284
401762836,2025,7,eastern-michigan,northern-illinois,0,6,26,1.2553,51.5208,0.5345,0.51618,1.9352,3.1904,0.55746,13.1311,12.2329,-0.07601,18.6142,17.2526,9284
401762837,2025,7,kent-state,umass,0,36,48,13.1773,59.6873,0.7675,0.75147,-0.6171,12.5602,0.74088,13.2368,12.182,-0.07703,18.667,17.285,9284
401762834,2025,7,western-michigan,ball-state,0,42,42,4.5777,53.6647,0.60225,0.58656,0.7407,5.3185,0.60197,13.1755,12.236,-0.07539,18.6446,17.2918,9284
401754562,2025,7,notre-dame,nc-state,0,29,43,18.9933,53.2523,0.85463,0.84312,3.886,22.8792,0.88859,13.2367,11.7909,-0.07297,18.358,17.0722,9284
401754563,2025,7,oregon-state,wake-forest,0,-25,53,4.7035,59.3185,0.60562,0.58886,0.7755,5.479,0.6049,13.2015,12.2828,-0.07735,18.7145,17.3223,9284
401752870,2025,7,oregon,indiana,0,-10,50,14.9178,57.2728,0.79462,0.78091,5.6196,20.5374,0.85936,13.2168,12.1111,-0.07648,18.597,17.2301,9284
401756919,2025,7,kansas-state,tcu,0,13,69,5.0738,56.2502,0.61212,0.59668,-0.7438,4.33,0.5812,13.2031,12.2563,-0.07621,18.687,17.3169,9284
401760386,2025,7,unlv,air-force,0,3,99,-1.4478,52.8088,0.47025,0.45834,0.0,-1.4478,0.45834,13.1028,12.2698,-0.07586,18.6178,17.2581,9284
401752736,2025,7,texas,oklahoma,1,17,29,2.423,58.051,0.56138,0.54096,1.7274,4.1504,0.5774,13.1914,12.2727,-0.07689,18.6957,17.3129,9284
401754560,2025,7,georgia-tech,virginia-tech,0,15,55,-0.024,51.0765,0.50225,0.48877,0.064,0.04,0.49014,13.113,12.2688,-0.07483,18.6159,17.2741,9284
401756918,2025,7,colorado,iowa-state,0,7,41,-8.3968,51.4488,0.31938,0.31464,2.0184,-6.3784,0.35449,12.8584,12.297,-0.07308,18.43,17.1302,9284
401761624,2025,7,georgia-state,appalachian-state,0,-21,61,-6.2955,59.695,0.36525,0.35811,0.0125,-6.283,0.35836,13.1425,12.3243,-0.07676,18.6944,17.3132,9284
401761626,2025,7,marshall,old-dominion,0,24,72,7.6435,47.156,0.66463,0.65052,2.1498,9.7933,0.69256,13.162,12.0443,-0.07219,18.4714,17.1877,9284
401752867,2025,7,maryland,nebraska,0,-3,65,0.8188,50.0998,0.52425,0.50685,-2.3187,-1.4999,0.45713,13.0991,12.2409,-0.0734,18.5732,17.2594,9284
401752866,2025,7,penn-state,northwestern,0,-1,43,23.1293,43.3123,0.90788,0.90544,4.4149,27.5442,0.94172,13.2191,10.2914,-0.0599,17.2324,16.2591,9284
401762484,2025,7,temple,navy,0,-1,63,-8.7728,50.1623,0.31025,0.30686,0.0,-8.7728,0.30686,12.7893,12.3048,-0.07152,18.3707,17.1017,9284
401752735,2025,7,tennessee,arkansas,0,3,65,13.6612,57.5918,0.7795,0.76006,1.784,15.4453,0.7888,13.2444,12.1409,-0.07532,18.629,17.2799,9284
401762482,2025,7,florida-atlantic,uab,0,20,86,3.479,55.0995,0.58113,0.5634,1.2211,4.7001,0.58901,13.1899,12.2389,-0.07637,18.666,17.2947,9284
401761623,2025,7,coastal-carolina,louisiana-monroe,0,15,31,11.8285,57.884,0.74325,0.72811,2.6123,14.4408,0.7725,13.2355,12.1781,-0.07658,18.6594,17.2857,9284
401760391,2025,7,wyoming,san-jose-state,0,7,63,0.7795,44.96,0.52312,0.50607,-0.6378,0.1417,0.49223,12.9484,12.1539,-0.07179,18.3841,17.1108,9284
401752869,2025,7,wisconsin,iowa,0,-37,37,3.3615,36.911,0.5775,0.56363,1.0099,4.3714,0.58578,12.7277,11.7406,-0.06453,17.8639,16.7496,9284
401752737,2025,7,texas-a-m,florida,0,17,51,3.2218,49.4567,0.57688,0.55823,0.3554,3.5771,0.56576,13.134,12.1928,-0.07528,18.5817,17.2353,9284
401756921,2025,7,texas-tech,kansas,0,25,59,6.7955,62.832,0.64875,0.63155,0.9909,7.7864,0.6513,13.2299,12.2852,-0.0775,18.739,17.3426,9284
401752864,2025,7,minnesota,purdue,0,7,47,10.7408,50.6552,0.72525,0.70986,0.4425,11.1833,0.71798,13.2059,12.038,-0.07445,18.5198,17.1941,9284
401752731,2025,7,auburn,georgia,0,-10,30,-9.118,46.946,0.3015,0.2985,-2.1109,-11.2289,0.25955,12.5923,12.2713,-0.07049,18.1916,16.9519,9284
401752868,2025,7,usc,michigan,0,18,44,-6.923,60.207,0.3505,0.34563,-1.1337,-8.0567,0.32354,13.1399,12.3303,-0.07604,18.6904,17.322,9284
401762485,2025,7,utsa,rice,0,48,74,10.3695,56.054,0.71675,0.70189,2.5076,12.8771,0.74681,13.2168,12.1624,-0.07574,18.6267,17.2701,9284
401754558,2025,7,boston-college,clemson,0,-31,51,-12.1725,49.7975,0.2425,0.24325,-5.096,-17.2685,0.1646,12.579,12.3096,-0.07064,18.2108,16.967,9284
401752732,2025,7,lsu,south-carolina,0,10,30,11.831,53.4445,0.74275,0.72911,1.6484,13.4794,0.75769,13.2218,12.0938,-0.07453,18.5718,17.2408,9284
401756916,2025,7,arizona,byu,0,-6,60,-3.8347,54.4258,0.41838,0.40797,0.0429,-3.7918,0.40887,13.0885,12.2911,-0.07591,18.6227,17.2614,9284
401761627,2025,7,texas-state,troy,0,-7,89,-1.9542,51.6808,0.459,0.4474,0.9552,-0.9991,0.46781,13.071,12.2526,-0.07344,18.5607,17.2469,9284
401760387,2025,7,boise-state,new-mexico,0,16,66,19.6305,59.494,0.86025,0.84875,4.4035,24.034,0.89768,13.2429,12.0333,-0.0755,18.5537,17.2078,9284
401756922,2025,7,utah,arizona-state,0,32,52,12.4465,48.057,0.75712,0.74221,-0.5823,11.8642,0.73187,13.1901,11.8721,-0.07241,18.374,17.0953,9284
401760390,2025,7,nevada,san-diego-state,0,-34,54,-2.0765,42.0485,0.45463,0.44363,-2.0053,-4.0818,0.40048,12.7105,12.1394,-0.0692,18.1735,16.9578,9284
401760389,2025,7,hawaii,utah-state,0,18,70,-0.012,65.421,0.50488,0.4891,-0.4253,-0.4373,0.48005,13.203,12.3191,-0.0771,18.7392,17.3494,9284
401757282,2025,8,liberty,new-mexico-state,0,3,57,12.614,54.803,0.75687,0.74551,3.7268,16.3408,0.80609,12.909,12.2538,-0.06217,18.343,17.2374,9396
401761628,2025,8,south-alabama,arkansas-state,0,-1,29,9.1562,55.7202,0.6905,0.68091,-0.8813,8.275,0.66363,12.9162,12.3424,-0.06172,18.4077,17.3056,9396
401757281,2025,8,western-kentucky,fiu,0,-19,31,8.2645,65.2135,0.67112,0.66253,-0.0237,8.2408,0.66206,12.9123,12.4421,-0.06612,18.5143,17.3288,9396
401757283,2025,8,jacksonville-state,delaware,0,13,63,4.2037,53.8888,0.58425,0.57515,5.2626,9.4663,0.67679,13.1027,13.7193,-0.06152,19.5453,18.3788,9396
401757284,2025,8,sam-houston,utep,1,-18,52,1.7818,46.2142,0.54212,0.52776,-1.4155,0.3662,0.4971,12.9741,12.3051,-0.0592,18.4023,17.3448,9396
401762486,2025,8,east-carolina,tulsa,0,14,68,7.818,54.818,0.66663,0.65444,0.3185,8.1365,0.6608,12.9127,12.3547,-0.06213,18.4174,17.3076,9396
401752872,2025,8,minnesota,nebraska,0,18,30,5.3432,46.2007,0.615,0.60474,-2.0959,3.2474,0.55989,12.833,12.2113,-0.05946,18.2329,17.1803,9396
401760396,2025,8,utah-state,san-jose-state,0,5,55,-2.5242,62.6718,0.44912,0.43517,-0.3669,-2.8912,0.42739,12.8921,12.4553,-0.06828,18.5275,17.3036,9396
401754371,2025,8,california,north-carolina,0,3,39,0.6967,53.0662,0.52138,0.50426,-0.5126,0.1841,0.49317,12.8711,12.4137,-0.0638,18.4432,17.3025,9396
401756925,2025,8,houston,arizona,0,3,59,4.6705,55.961,0.595,0.58933,0.0972,4.7677,0.59138,12.9078,12.4017,-0.06455,18.4684,17.3132,9396
401752873,2025,8,michigan,washington,0,17,31,12.7228,51.3397,0.76025,0.74879,3.5452,16.268,0.80654,12.8997,12.1214,-0.06008,18.2242,17.1622,9396
401752745,2025,8,vanderbilt,lsu,0,7,55,-16.0748,58.3092,0.18262,0.18228,-4.4563,-20.5311,0.12497,12.5808,12.4597,-0.06587,18.2803,17.1134,9396
401762839,2025,8,bowling-green,central-michigan,0,-21,33,-0.487,52.895,0.4985,0.47866,0.8765,0.3895,0.49761,12.8538,12.4212,-0.06484,18.4448,17.2859,9396
401754569,2025,8,boston-college,uconn,0,-15,61,11.0533,51.7523,0.72687,0.71809,1.5574,12.6107,0.74613,12.9124,12.1999,-0.05952,18.2844,17.2284,9396
401762488,2025,8,tulane,army,0,7,41,7.2927,50.1502,0.65512,0.64465,11.9126,19.2053,0.84648,12.8744,12.2662,-0.06063,18.3128,17.2354,9396
401756927,2025,8,tcu,baylor,0,6,78,1.6973,60.7982,0.5395,0.5258,0.3554,2.0526,0.53344,12.9039,12.4274,-0.06663,18.5019,17.3083,9396
401754566,2025,8,duke,georgia-tech,0,-9,45,5.2238,53.9853,0.60925,0.60102,-0.8809,4.3429,0.58248,12.9091,12.3923,-0.06345,18.4531,17.318,9396
401762841,2025,8,miami-oh,eastern-michigan,0,14,74,8.3228,48.4278,0.67738,0.66581,0.3647,8.6874,0.67304,12.8834,12.1937,-0.05994,18.262,17.1999,9396
401752744,2025,8,south-carolina,oklahoma,0,-19,33,-5.2593,54.1683,0.38575,0.37719,-0.9369,-6.1962,0.35801,12.7908,12.4386,-0.06446,18.4075,17.2572,9396
401756928,2025,8,ucf,west-virginia,0,32,58,8.64,55.831,0.67988,0.67066,0.9052,9.5452,0.68823,12.9081,12.3549,-0.06369,18.4276,17.2901,9396
401762842,2025,8,toledo,kent-state,0,35,55,17.9318,59.9522,0.83725,0.82876,3.1128,21.0445,0.86839,12.9209,12.2543,-0.06339,18.3628,17.235,9396
401762840,2025,8,umass,buffalo,0,-7,49,-15.6965,57.9285,0.18862,0.18806,-0.4672,-16.1637,0.18125,12.5803,12.4776,-0.06668,18.2999,17.1178,9396
401752874,2025,8,northwestern,purdue,0,19,19,-0.9367,47.1702,0.4845,0.46868,-0.1856,-1.1223,0.46464,12.7191,12.3689,-0.06158,18.2795,17.1869,9396
401761633,2025,8,louisiana-monroe,troy,0,-23,51,-8.4645,52.45,0.31338,0.3121,-1.6815,-10.146,0.28036,12.6434,12.4386,-0.06446,18.2989,17.1552,9396
401761629,2025,8,appalachian-state,coastal-carolina,0,-8,82,6.9215,59.9745,0.64738,0.63579,0.0082,6.9297,0.63596,12.9165,12.418,-0.06537,18.4936,17.3225,9396
401752878,2025,8,indiana,michigan-state,0,25,51,6.3182,51.5953,0.63487,0.62408,-1.369,4.9492,0.59554,12.8917,12.3232,-0.06452,18.3999,17.2498,9396
401752739,2025,8,arkansas,texas-a-m,0,-3,87,-4.852,51.55,0.39275,0.38526,-2.7473,-7.5993,0.32945,12.7356,12.4292,-0.06305,18.3478,17.2256,9396
401752877,2025,8,wisconsin,ohio-state,0,-34,34,-13.9902,49.6538,0.2105,0.21019,-3.9984,-17.9887,0.15195,12.2364,12.4575,-0.06064,17.9835,16.9243,9396
401754565,2025,8,clemson,smu,0,-11,59,7.4383,57.3678,0.65838,0.64659,2.8824,10.3206,0.70277,12.9088,12.3891,-0.06294,18.4461,17.3204,9396
401752742,2025,8,georgia,ole-miss,0,8,78,11.8422,48.6833,0.74375,0.73409,3.6062,15.4485,0.79504,12.8913,12.0316,-0.0585,18.1409,17.1113,9396
401761631,2025,8,james-madison,old-dominion,0,36,90,12.4882,49.7613,0.7545,0.74407,-0.3404,12.1479,0.73804,13.0394,12.0607,-0.05891,18.2762,17.2324,9396
401762489,2025,8,charlotte,temple,0,-35,63,2.0465,54.6995,0.54375,0.5334,0.3493,2.3958,0.54092,12.8883,12.4124,-0.06337,18.4513,17.3177,9396
401760393,2025,8,boise-state,unlv,0,25,87,11.0165,57.5325,0.72437,0.71617,-1.7073,9.3092,0.68393,12.9106,12.3379,-0.06184,18.4012,17.2976,9396
401762838,2025,8,ball-state,akron,0,14,70,11.4037,51.2302,0.73263,0.7246,-0.795,10.6087,0.70989,12.9151,12.1759,-0.06051,18.2779,17.2053,9396
401761632,2025,8,marshall,texas-state,0,3,77,8.8685,52.004,0.6855,0.67582,-0.4087,8.4598,0.66777,12.9059,12.2785,-0.06131,18.3509,17.2596,9396
401760392,2025,8,air-force,wyoming,0,3,45,6.7215,43.68,0.648,0.63462,0.0,6.7215,0.63462,12.8197,12.0343,-0.05732,18.0791,17.0729,9396
401762491,2025,8,north-texas,utsa,0,38,72,-0.364,64.7315,0.50275,0.48141,-1.7652,-2.1292,0.44359,12.9085,12.442,-0.06835,18.5308,17.3054,9396
401762843,2025,8,ohio,northern-illinois,0,27,69,7.4828,48.9688,0.66187,0.64863,-0.0194,7.4634,0.64824,12.875,12.2288,-0.06184,18.297,17.1999,9396
401762487,2025,8,uab,memphis,0,7,55,-8.336,60.816,0.319,0.31638,-2.4254,-10.7614,0.27126,12.846,12.4537,-0.06814,18.491,17.2717,9396
401756923,2025,8,arizona-state,texas-tech,0,4,48,-0.743,54.993,0.49325,0.47315,-0.3603,-1.1033,0.46539,12.8592,12.4311,-0.06475,18.4552,17.2971,9396
401752741,2025,8,florida,mississippi-state,0,2,44,8.207,55.398,0.67013,0.66199,2.433,10.64,0.70878,12.9147,12.3549,-0.06481,18.4423,17.2844,9396
401761668,2025,8,louisiana,southern-miss,0,-12,32,14.9497,52.7018,0.798,0.78612,-0.3174,14.6324,0.78101,12.9106,12.0935,-0.06107,18.2211,17.1425,9396
401752951,2025,8,virginia,washington-state,0,2,42,-2.4773,58.1732,0.4485,0.43606,1.8476,-0.6296,0.47565,12.8926,12.4431,-0.06575,18.4972,17.3193,9396
401752876,2025,8,rutgers,oregon,0,-46,66,-17.0735,53.188,0.16525,0.16457,-4.7862,-21.8597,0.10719,12.263,12.4444,-0.06244,18.0084,16.9171,9396
401760394,2025,8,colorado-state,hawaii,0,-12,50,5.154,51.0035,0.609,0.60004,1.947,7.101,0.64038,12.8774,12.3204,-0.06166,18.3626,17.2642,9396
401752875,2025,8,iowa,penn-state,0,1,49,-5.8822,38.7743,0.364,0.35905,-3.8066,-9.6888,0.2822,12.0275,12.3055,-0.05559,17.6789,16.7221,9396
401761630,2025,8,georgia-southern,georgia-state,0,17,65,4.76,59.1805,0.60113,0.5911,-0.712,4.048,0.57608,12.9074,12.4133,-0.06621,18.4907,17.3053,9396
401752879,2025,8,ucla,maryland,0,3,37,4.0957,55.6628,0.58575,0.57714,1.2784,5.3742,0.60403,12.9043,12.4072,-0.06554,18.4782,17.3053,9396
401752743,2025,8,kentucky,texas,0,-3,29,-6.6388,49.4483,0.355,0.34778,-3.9954,-10.6341,0.27083,12.6093,12.4273,-0.06184,18.2432,17.148,9396
401752871,2025,8,notre-dame,usc,0,10,58,10.5718,63.1872,0.71362,0.70698,1.2266,11.7983,0.72937,12.9296,12.4036,-0.06556,18.4946,17.3204,9396
401752738,2025,8,alabama,tennessee,0,17,57,10.025,59.1515,0.70463,0.69701,2.4117,12.4367,0.741,12.9144,12.3815,-0.0653,18.4653,17.2974,9396
401754568,2025,8,syracuse,pittsburgh,0,-17,43,-3.8385,53.147,0.41638,0.40691,0.8855,-2.953,0.42566,12.796,12.4424,-0.06535,18.4217,17.2552,9396
401762490,2025,8,south-florida,florida-atlantic,0,35,61,0.3332,57.8623,0.51425,0.4964,1.1713,1.5045,0.52166,12.8947,12.4349,-0.06604,18.4954,17.3124,9396
401752740,2025,8,auburn,missouri,0,-6,40,5.5538,48.9438,0.61762,0.60856,1.6537,7.2075,0.64272,12.8721,12.2852,-0.06231,18.3391,17.2311,9396
401756924,2025,8,byu,utah,0,3,45,-5.4207,50.2677,0.38238,0.37309,-1.1111,-6.5318,0.35034,12.6775,12.4239,-0.06205,18.2926,17.1909,9396
401756926,2025,8,oklahoma-state,cincinnati,0,-32,66,-2.8627,52.7903,0.43938,0.42757,1.1137,-1.749,0.45141,12.8037,12.4298,-0.06563,18.4208,17.2495,9396
401760395,2025,8,new-mexico,nevada,0,2,46,0.3562,57.0233,0.51612,0.4969,-2.0871,-1.7309,0.45194,12.8833,12.4263,-0.06509,18.4725,17.3076,9396
401754567,2025,8,stanford,florida-state,0,7,33,-10.9548,51.7507,0.26713,0.26476,-2.3016,-13.2563,0.2251,12.5311,12.465,-0.06243,18.2184,17.1144,9396
401757285,2025,9,fiu,kennesaw-state,0,-19,71,8.222,57.497,0.68288,0.66021,4.2495,12.4715,0.73903,13.0556,12.6503,-0.05762,18.6952,17.6479,9514
401757286,2025,9,louisiana-tech,western-kentucky,0,-1,55,-4.896,55.005,0.38775,0.38436,-1.2889,-6.1849,0.35782,12.8985,12.3046,-0.0597,18.3501,17.2865,9514
401757287,2025,9,delaware,middle-tennessee,0,3,59,9.68,52.7775,0.705,0.68312,-5.2744,4.4056,0.58032,14.3152,12.111,-0.05662,19.2674,18.22,9514
401757288,2025,9,new-mexico-state,missouri-state,0,-7,41,-4.4962,53.7733,0.40163,0.39738,-0.4406,-4.9369,0.38856,12.8685,13.5281,-0.05828,19.2068,18.1195,9514
401761634,2025,9,georgia-state,south-alabama,0,-7,69,-2.3083,53.8492,0.44863,0.43924,1.2744,-1.0338,0.46672,12.9244,12.2966,-0.06006,18.3668,17.2961,9514
401762492,2025,9,charlotte,north-texas,0,-34,74,-6.6483,63.5187,0.34513,0.34925,-0.8139,-7.4621,0.33308,12.9803,12.3415,-0.06175,18.4549,17.3497,9514
401754372,2025,9,virginia-tech,california,0,8,76,2.148,45.831,0.55088,0.53619,-0.2663,1.8817,0.53035,12.8514,12.1188,-0.05518,18.1442,17.1707,9514
401760397,2025,9,nevada,boise-state,0,-21,27,-11.7353,52.7358,0.24575,0.24989,-2.3164,-14.0516,0.2111,12.5928,12.3231,-0.05888,18.1303,17.0928,9514
401752885,2025,9,indiana,ucla,0,50,62,4.9677,55.8672,0.61362,0.59595,-2.3035,2.6643,0.54683,13.0098,12.2577,-0.05911,18.3945,17.3393,9514
401762494,2025,9,memphis,south-florida,0,3,65,14.432,62.36,0.79463,0.77537,0.033,14.465,0.77591,13.062,12.2075,-0.06078,18.4126,17.3279,9514
401752883,2025,9,nebraska,northwestern,0,7,49,10.391,42.495,0.73288,0.71031,2.724,13.115,0.7602,12.9418,11.6188,-0.05299,17.8444,16.9279,9514
401762848,2025,9,eastern-michigan,ohio,0,-7,49,-3.6457,51.6208,0.4135,0.41027,1.9546,-1.6912,0.45228,12.8382,12.2835,-0.05785,18.2743,17.2471,9514
401752884,2025,9,purdue,rutgers,0,-3,51,6.297,51.442,0.64475,0.62436,-0.0281,6.2689,0.62378,12.9971,12.1518,-0.05678,18.2901,17.2816,9514
401752942,2025,9,wake-forest,smu,0,1,25,-4.3688,65.0992,0.40113,0.39598,-2.6497,-7.0185,0.34189,13.0168,12.3292,-0.06009,18.459,17.3828,9514
401752750,2025,9,oklahoma,ole-miss,0,-8,60,4.7365,57.263,0.60725,0.59092,1.3196,6.0561,0.61849,13.0244,12.2762,-0.06008,18.427,17.353,9514
401761635,2025,9,old-dominion,appalachian-state,0,3,45,-3.0075,55.522,0.43,0.42437,-2.5424,-5.5499,0.37109,12.9512,12.3155,-0.05901,18.391,17.3373,9514
401754573,2025,9,north-carolina,virginia,0,-1,33,7.5142,59.4492,0.66812,0.64808,1.6421,9.1564,0.68052,13.0492,12.2775,-0.06067,18.4516,17.366,9514
401754571,2025,9,georgia-tech,syracuse,0,25,57,2.8133,54.2232,0.56612,0.55006,-0.233,2.5802,0.54504,13.0043,12.2638,-0.05796,18.3847,17.3501,9514
401756932,2025,9,kansas,kansas-state,0,-25,59,-5.1745,57.159,0.38025,0.37885,-0.0101,-5.1846,0.37864,12.9324,12.3287,-0.05989,18.3941,17.3247,9514
401762846,2025,9,kent-state,bowling-green,0,3,45,-0.557,53.863,0.48838,0.47706,-1.3498,-1.9068,0.44788,12.9503,12.2911,-0.05859,18.3694,17.3242,9514
401752746,2025,9,arkansas,auburn,0,-9,57,-2.0828,52.8612,0.45363,0.44399,-2.264,-4.3467,0.39576,12.9127,12.2919,-0.05782,18.3354,17.3053,9514
401762844,2025,9,buffalo,akron,0,-8,40,15.0035,52.368,0.80425,0.78777,-0.4536,14.5499,0.78046,13.06,11.9187,-0.05495,18.1584,17.1905,9514
401760400,2025,9,new-mexico,utah-state,0,19,47,-0.2915,68.3825,0.49525,0.48295,-2.3701,-2.6616,0.43219,13.0627,12.344,-0.06085,18.5103,17.4179,9514
401757172,2025,9,rice,uconn,0,3,71,5.1852,50.8123,0.619,0.60112,-0.7229,4.4624,0.58578,12.984,12.1625,-0.05637,18.2843,17.2831,9514
401756931,2025,9,iowa-state,byu,0,-14,68,6.8908,50.3088,0.65613,0.63695,-0.0082,6.8826,0.63678,12.9841,12.1054,-0.05621,18.2427,17.247,9514
401762495,2025,9,tulsa,temple,0,-1,75,6.0488,55.3568,0.63975,0.61863,1.6499,7.6987,0.65235,13.0313,12.23,-0.05781,18.3798,17.3482,9514
401762874,2025,9,miami-oh,western-michigan,0,9,43,7.9008,49.6728,0.67838,0.65768,1.0968,8.9976,0.67952,12.9942,12.0623,-0.05639,18.2216,17.2241,9514
401762493,2025,9,navy,florida-atlantic,0,10,74,7.3755,52.252,0.66738,0.64636,0.0,7.3755,0.64636,13.0215,12.1541,-0.05682,18.3103,17.3001,9514
401752880,2025,9,washington,illinois,0,17,67,6.8388,50.8372,0.65538,0.63564,1.1098,7.9485,0.65819,13.0003,12.1198,-0.05758,18.2768,17.2556,9514
401761637,2025,9,southern-miss,louisiana-monroe,0,28,70,5.5338,53.9193,0.62725,0.60793,2.4537,7.9875,0.65816,13.0193,12.2228,-0.05901,18.3761,17.3239,9514
401762847,2025,9,central-michigan,umass,0,25,51,21.056,58.772,0.87475,0.87079,-0.1438,20.9122,0.86912,13.0738,11.9301,-0.05637,18.189,17.195,9514
401754574,2025,9,pittsburgh,nc-state,0,19,87,7.3377,51.7088,0.66563,0.64564,-0.4995,6.8382,0.63544,13.007,12.1456,-0.05792,18.303,17.2742,9514
401752882,2025,9,iowa,minnesota,0,38,44,4.5115,39.0485,0.60462,0.58934,-0.0198,4.4917,0.58891,12.6858,11.7758,-0.05312,17.7615,16.8442,9514
401760399,2025,9,fresno-state,san-diego-state,0,-23,23,7.6115,43.1675,0.67463,0.65386,-0.1411,7.4704,0.65096,12.9103,11.8318,-0.05307,17.9689,17.0427,9514
401752751,2025,9,south-carolina,alabama,0,-7,51,-12.257,53.246,0.23913,0.24073,-3.0444,-15.3014,0.19161,12.5935,12.3251,-0.05762,18.1215,17.1061,9514
401752752,2025,9,vanderbilt,missouri,0,7,27,-5.8953,54.0487,0.36138,0.36346,-2.2668,-8.1621,0.3181,12.8475,12.3102,-0.05931,18.3128,17.258,9514
401762845,2025,9,northern-illinois,ball-state,0,14,28,5.679,50.9195,0.63138,0.61142,-0.4623,5.2167,0.6017,12.9951,12.1552,-0.05769,18.2988,17.2742,9514
401752952,2025,9,washington-state,toledo,0,21,35,4.498,60.3105,0.603,0.58578,-0.9624,3.5356,0.56535,13.0316,12.2848,-0.06124,18.4484,17.3531,9514
401756933,2025,9,texas-tech,oklahoma-state,0,42,42,6.695,58.0335,0.65175,0.63173,1.0399,7.7349,0.65281,13.0361,12.2502,-0.05962,18.4134,17.3483,9514
401756930,2025,9,cincinnati,baylor,0,21,61,3.6358,55.8098,0.58238,0.56764,-1.5612,2.0745,0.53409,13.0052,12.2642,-0.0602,18.4051,17.3304,9514
401752749,2025,9,mississippi-state,texas,0,-7,83,-8.8822,54.4207,0.29738,0.30354,-3.8567,-12.739,0.23403,12.7707,12.3123,-0.05782,18.2446,17.2192,9514
401756935,2025,9,west-virginia,tcu,0,-6,40,-3.68,59.219,0.41525,0.41027,-1.5703,-5.2503,0.37749,12.9867,12.3248,-0.05925,18.4261,17.3663,9514
401761638,2025,9,troy,louisiana,0,12,58,0.2155,51.3505,0.50813,0.4938,-0.4549,-0.2394,0.48389,12.9194,12.2461,-0.0578,18.3075,17.2797,9514
401752886,2025,9,oregon,wisconsin,0,14,28,11.2235,50.017,0.74038,0.72246,3.3817,14.6052,0.7812,13.0134,11.9755,-0.05585,18.1705,17.1859,9514
401761636,2025,9,arkansas-state,georgia-southern,0,10,58,-0.2535,60.578,0.49625,0.48371,0.3189,0.0654,0.4906,13.0175,12.3185,-0.05925,18.4446,17.3839,9514
401760398,2025,9,wyoming,colorado-state,0,28,28,6.21,41.531,0.6455,0.6251,-1.7926,4.4174,0.5866,12.8362,11.8239,-0.05269,17.9044,16.9876,9514
401754570,2025,9,louisville,boston-college,0,14,62,13.4325,55.492,0.7775,0.7602,0.962,14.3945,0.77623,13.0567,12.0726,-0.05844,18.2935,17.2569,9514
401752748,2025,9,lsu,texas-a-m,0,-24,74,7.4435,52.9435,0.66887,0.6477,0.0524,7.4959,0.64877,13.0171,12.1651,-0.05678,18.3144,17.3046,9514
401752881,2025,9,michigan-state,michigan,0,-11,51,-14.951,48.6835,0.19787,0.1923,-3.6049,-18.5559,0.14179,12.1287,12.3187,-0.05672,17.7708,16.7901,9514
401752747,2025,9,kentucky,tennessee,0,-22,90,-3.0158,51.7007,0.42825,0.42388,-1.9637,-4.9794,0.3824,12.8709,12.2993,-0.05838,18.3144,17.2757,9514
401756929,2025,9,arizona-state,houston,0,-8,40,4.5658,51.8678,0.6045,0.58783,1.5532,6.119,0.62049,12.9933,12.1916,-0.05691,18.3164,17.3042,9514
401756934,2025,9,utah,colorado,0,46,60,17.8515,51.8665,0.841,0.83216,-0.8991,16.9524,0.81934,13.0458,11.7458,-0.05442,18.0232,17.0727,9514
401757289,2025,10,kennesaw-state,utep,0,13,53,4.981,46.7495,0.598,0.59513,-4.0457,0.9353,0.50933,13.2338,12.1461,-0.07384,18.6119,17.2894,9618
401761639,2025,10,texas-state,james-madison,0,-32,72,-9.3332,54.2467,0.31675,0.297,2.8989,-6.4343,0.3535,12.6644,12.4967,-0.07504,18.4474,17.1115,9618
401757292,2025,10,middle-tennessee,jacksonville-state,0,-3,45,-5.824,52.8935,0.383,0.36666,0.0118,-5.8122,0.3669,12.7313,12.5835,-0.07512,18.5607,17.2151,9618
401757291,2025,10,missouri-state,fiu,0,7,49,4.1492,60.9183,0.57975,0.57442,-2.5927,1.5565,0.52166,14.0907,12.3789,-0.07583,19.4484,18.037,9618
401761640,2025,10,coastal-carolina,marshall,0,17,71,0.031,53.1165,0.50738,0.48987,0.3844,0.4154,0.49817,12.8608,12.3405,-0.07408,18.4717,17.1514,9618
401762443,2025,10,utsa,tulane,0,22,74,-3.1055,57.6505,0.445,0.42287,0.2131,-2.8924,0.42738,12.8789,12.3863,-0.07571,18.5321,17.1794,9618
401762497,2025,10,rice,memphis,0,-24,52,-12.1573,56.6167,0.25888,0.24542,-2.6319,-14.7891,0.20264,12.6464,12.407,-0.07536,18.3715,17.0358,9618
401754575,2025,10,syracuse,north-carolina,0,-17,37,-1.5165,57.103,0.47613,0.45668,-0.4819,-1.9984,0.44638,12.8839,12.3949,-0.07451,18.5318,17.1998,9618
401757290,2025,10,louisiana-tech,sam-houston,0,41,69,3.8403,47.7138,0.579,0.57172,0.3067,4.147,0.57822,12.8344,12.3892,-0.07328,18.4802,17.1729,9618
401760401,2025,10,air-force,army,0,-3,37,4.8003,47.1273,0.59725,0.59274,0.0,4.8003,0.59274,12.823,12.1669,-0.07541,18.33,16.998,9618
401757173,2025,10,uconn,uab,0,19,57,-3.9957,54.1317,0.42412,0.40382,0.5164,-3.4793,0.41468,12.7887,12.3776,-0.07639,18.4646,17.1047,9618
401752758,2025,10,texas,vanderbilt,0,3,65,21.596,54.7165,0.87875,0.87787,5.4723,27.0683,0.92874,12.9463,11.7278,-0.07607,18.1176,16.7943,9618
401756936,2025,10,baylor,ucf,0,27,33,3.3195,57.589,0.56937,0.56045,0.3098,3.6293,0.56703,12.9117,12.3531,-0.07617,18.5367,17.176,9618
401756938,2025,10,houston,west-virginia,0,-10,80,3.8032,54.2888,0.57825,0.57085,-0.1062,3.6971,0.5686,12.8922,12.3304,-0.07565,18.5013,17.1522,9618
401762499,2025,10,north-texas,navy,0,14,48,-0.0795,57.9435,0.5055,0.48753,0.0,-0.0795,0.48753,12.886,12.374,-0.07744,18.5435,17.1601,9618
401752889,2025,10,ohio-state,penn-state,0,24,52,11.2415,51.222,0.72113,0.72066,1.2017,12.4432,0.74223,12.9289,12.0937,-0.07657,18.3673,17.0138,9618
401762849,2025,10,bowling-green,buffalo,0,-25,31,0.3855,50.602,0.51438,0.49752,0.2655,0.651,0.50327,12.818,12.3225,-0.07543,18.4385,17.0973,9618
401754577,2025,10,clemson,duke,0,-1,91,15.0002,49.8257,0.79587,0.7873,4.734,19.7343,0.85482,12.9353,11.8532,-0.07533,18.1913,16.8737,9618
401752891,2025,10,illinois,rutgers,0,22,48,11.3145,47.715,0.725,0.72347,-0.5145,10.8,0.71395,12.9165,11.9289,-0.07539,18.231,16.9087,9618
401756939,2025,10,iowa-state,arizona-state,0,-5,43,9.1515,47.8665,0.68937,0.68188,-1.7016,7.4499,0.648,12.8949,12.043,-0.07503,18.2925,16.9708,9618
401762498,2025,10,temple,east-carolina,0,-31,59,-4.7583,51.5148,0.40637,0.38757,-1.9684,-6.7267,0.34731,12.7221,12.3658,-0.07648,18.4073,17.05,9618
401754580,2025,10,virginia-tech,louisville,0,-12,44,-3.891,52.8015,0.42562,0.40596,0.2169,-3.6741,0.41053,12.7881,12.3818,-0.07492,18.4545,17.1207,9618
401760404,2025,10,unlv,new-mexico,0,-5,75,9.957,61.893,0.70087,0.69495,6.1108,16.0678,0.79938,12.9354,12.33,-0.07713,18.5461,17.1683,9618
401757293,2025,10,liberty,delaware,0,29,89,3.7877,53.6218,0.57663,0.56785,6.7666,10.5544,0.69939,12.9031,13.357,-0.07309,19.2378,17.8803,9618
401756941,2025,10,kansas-state,texas-tech,0,-23,63,7.5623,55.6688,0.65463,0.64868,-0.9808,6.5815,0.62883,12.9277,12.287,-0.07591,18.499,17.1459,9618
401752888,2025,10,minnesota,michigan-state,0,3,43,9.2218,46.4778,0.69175,0.68381,-0.1212,9.1006,0.68145,12.8826,11.9862,-0.07368,18.2314,16.9374,9618
401754582,2025,10,stanford,pittsburgh,0,-15,55,-8.254,52.0695,0.33087,0.31653,0.495,-7.759,0.3262,12.6297,12.3904,-0.07404,18.3359,17.0251,9618
401757294,2025,10,western-kentucky,new-mexico-state,0,19,51,15.7085,55.614,0.80512,0.79635,3.0096,18.7181,0.83956,12.9461,12.0844,-0.07413,18.3529,17.0422,9618
401761641,2025,10,louisiana-monroe,old-dominion,0,-25,37,-4.7342,52.0533,0.40575,0.38802,-0.0781,-4.8123,0.3864,12.733,12.3788,-0.07354,18.3996,17.0933,9618
401754583,2025,10,boston-college,notre-dame,0,-15,35,-17.6073,53.9263,0.17288,0.15796,-4.976,-22.5832,0.10054,12.2535,12.4066,-0.07208,18.0551,16.7974,9618
401752887,2025,10,maryland,indiana,0,-45,65,-1.0435,54.8715,0.48638,0.46676,1.0251,-0.0184,0.48882,12.8528,12.3609,-0.07648,18.501,17.1373,9618
401761642,2025,10,south-alabama,louisiana,0,-9,53,-1.2175,51.14,0.48212,0.46286,-0.7778,-1.9953,0.44612,12.7807,12.332,-0.07577,18.4203,17.0746,9618
401760402,2025,10,boise-state,fresno-state,0,-23,37,8.4185,52.5145,0.67312,0.66634,0.4522,8.8707,0.67522,12.9085,12.2031,-0.07569,18.4226,17.0792,9618
401752755,2025,10,florida,georgia,1,-4,44,-11.8245,50.003,0.26175,0.24831,-1.9829,-13.8074,0.215,12.3738,12.3728,-0.0734,18.1293,16.8441,9618
401754576,2025,10,california,virginia,0,-10,52,5.3685,49.461,0.60887,0.60428,1.1295,6.498,0.6277,12.8787,12.219,-0.07566,18.4114,17.069,9618
401756940,2025,10,kansas,oklahoma-state,0,17,59,1.904,58.092,0.54512,0.53017,0.049,1.953,0.53122,12.9082,12.3622,-0.07727,18.5501,17.1694,9618
401752753,2025,10,arkansas,mississippi-state,0,-3,73,2.8455,57.3425,0.56325,0.5503,0.041,2.8865,0.55118,12.9192,12.3651,-0.07635,18.5525,17.1874,9618
401762850,2025,10,western-michigan,central-michigan,0,3,45,2.767,54.542,0.55875,0.54876,1.0102,3.7772,0.5703,12.8994,12.3342,-0.07468,18.5011,17.1687,9618
401752756,2025,10,ole-miss,south-carolina,0,16,44,9.6493,48.5953,0.698,0.69126,-0.3827,9.2665,0.68387,12.9033,12.0621,-0.07584,18.3192,16.9818,9618
401756937,2025,10,colorado,arizona,0,-35,69,1.7072,55.2062,0.5395,0.52601,1.9673,3.6745,0.5681,12.895,12.338,-0.07531,18.506,17.1623,9618
401752890,2025,10,michigan,purdue,0,5,37,22.38,51.674,0.88812,0.8896,4.1686,26.5486,0.92753,12.936,11.3897,-0.07559,17.8701,16.5769,9618
401760405,2025,10,san-diego-state,wyoming,0,17,31,3.7535,36.2405,0.57937,0.57304,1.9931,5.7466,0.61674,12.4653,11.6718,-0.07081,17.6697,16.4624,9618
401752754,2025,10,auburn,kentucky,0,-7,13,5.0045,46.469,0.6015,0.59726,2.4436,7.4481,0.64798,12.8292,12.1363,-0.07281,18.2907,17.0061,9618
401752757,2025,10,tennessee,oklahoma,0,-6,60,3.6908,60.0328,0.57612,0.56828,-0.3043,3.3865,0.56182,12.9205,12.3625,-0.07645,18.5525,17.1856,9618
401754579,2025,10,nc-state,georgia-tech,0,12,84,5.6353,52.9813,0.61275,0.60948,-0.1529,5.4824,0.6063,12.9125,12.278,-0.07507,18.4738,17.1371,9618
401754578,2025,10,florida-state,wake-forest,0,35,49,8.5145,55.0445,0.67563,0.66762,3.8231,12.3376,0.73893,12.9505,12.2713,-0.07472,18.4945,17.1625,9618
401752943,2025,10,oregon-state,washington-state,0,3,17,0.9555,57.9425,0.527,0.5098,1.8714,2.8269,0.54994,12.909,12.3695,-0.07538,18.5397,17.1923,9618
401752892,2025,10,nebraska,usc,0,-4,38,-3.7647,58.5318,0.43088,0.40904,-0.4965,-4.2612,0.39867,12.8784,12.3907,-0.07648,18.5416,17.1748,9618
401761643,2025,10,troy,arkansas-state,0,-13,33,10.6703,54.5098,0.71163,0.70942,-0.5584,10.1119,0.69896,12.9314,12.2072,-0.07475,18.4347,17.1067,9618
401756942,2025,10,utah,cincinnati,0,31,59,7.7145,50.043,0.65787,0.6527,1.211,8.9255,0.67672,12.8876,12.1642,-0.07521,18.3749,17.0434,9618
401760403,2025,10,san-jose-state,hawaii,0,7,83,9.929,54.42,0.70112,0.69525,0.7922,10.7212,0.7101,12.938,12.2103,-0.07691,18.4602,17.0934,9618
401762851,2025,11,akron,umass,0,34,54,8.8818,55.9248,0.695,0.67419,0.9208,9.8025,0.69185,13.0626,12.4094,-0.06169,18.564,17.4535,9720
401762852,2025,11,ohio,miami-oh,0,4,44,3.6355,47.052,0.5905,0.56775,-2.3192,1.3163,0.51772,12.9261,12.3156,-0.05929,18.3748,17.3171,9720
401762854,2025,11,toledo,northern-illinois,0,39,45,11.6627,54.4497,0.73925,0.72691,2.8322,14.495,0.77536,13.0576,12.3154,-0.06203,18.4965,17.3845,9720
401762853,2025,11,ball-state,kent-state,0,4,30,7.6832,54.4873,0.67288,0.6507,0.7428,8.4261,0.6654,13.0472,12.4037,-0.06198,18.551,17.4362,9720
401762500,2025,11,south-florida,utsa,0,32,78,-0.6702,61.8568,0.4945,0.47501,0.0912,-0.5791,0.47696,13.0561,12.5248,-0.06512,18.6717,17.4938,9720
401761644,2025,11,appalachian-state,georgia-southern,0,-2,48,9.8862,60.8087,0.714,0.6928,0.6995,10.5858,0.70587,13.0845,12.4651,-0.06287,18.6304,17.495,9720
401756946,2025,11,ucf,houston,0,-3,57,9.1223,55.7028,0.7,0.67871,1.0114,10.1336,0.69796,13.064,12.3972,-0.06422,18.5784,17.4229,9720
401762501,2025,11,memphis,tulane,0,-6,70,4.3722,58.2357,0.60313,0.58234,0.3373,4.7096,0.5894,13.0458,12.4773,-0.06478,18.6269,17.4581,9720
401752896,2025,11,usc,northwestern,0,21,55,16.8893,54.5168,0.82262,0.81395,3.2205,20.1097,0.85722,13.0874,12.1228,-0.05969,18.3625,17.3003,9720
401762503,2025,11,army,temple,0,1,27,12.7075,49.6755,0.75825,0.74724,-9.1974,3.5101,0.56521,13.0425,12.1073,-0.0616,18.3344,17.2406,9720
401752762,2025,11,mississippi-state,georgia,0,-20,62,-14.1875,51.631,0.21262,0.20947,-4.4159,-18.6034,0.14657,12.422,12.5233,-0.06135,18.1721,17.0894,9720
401756945,2025,11,texas-tech,byu,0,22,36,3.386,56.9145,0.584,0.56163,2.0537,5.4397,0.60469,13.0358,12.4748,-0.0634,18.6057,17.4624,9720
401761646,2025,11,marshall,james-madison,0,-12,58,-3.319,50.265,0.43312,0.41834,2.4902,-0.8288,0.47141,12.8396,12.5885,-0.06152,18.526,17.4194,9720
401761647,2025,11,arkansas-state,southern-miss,0,-6,48,4.6133,55.5938,0.61113,0.5876,-0.2139,4.3994,0.58311,13.0297,12.4643,-0.06197,18.5812,17.4643,9720
401754584,2025,11,boston-college,smu,0,-32,58,-8.5003,59.8998,0.32337,0.31432,-2.2136,-10.7139,0.27339,12.9564,12.5437,-0.06489,18.6093,17.439,9720
401752893,2025,11,penn-state,indiana,0,-3,51,14.118,50.8045,0.78425,0.77102,5.0347,19.1527,0.84533,13.0627,12.102,-0.06187,18.3481,17.2491,9720
401756947,2025,11,west-virginia,colorado,0,7,51,6.5815,54.783,0.6475,0.62829,-1.7639,4.8176,0.59188,13.0458,12.4322,-0.06298,18.5791,17.4449,9720
401762855,2025,11,eastern-michigan,bowling-green,0,6,48,4.8633,51.4688,0.61687,0.59308,0.8659,5.7291,0.61111,13.0063,12.4016,-0.06317,18.5295,17.395,9720
401757299,2025,11,liberty,missouri-state,0,-4,38,5.353,52.081,0.62188,0.59981,3.2862,8.6392,0.66425,13.0266,13.3221,-0.06098,19.1921,18.0556,9720
401752897,2025,11,purdue,ohio-state,0,-24,44,-23.0023,56.3323,0.09813,0.09506,-5.431,-28.4333,0.05337,12.1063,12.5544,-0.0578,17.9373,16.9295,9720
401762502,2025,11,rice,uab,0,7,41,-1.7722,54.4158,0.46975,0.45134,-0.2065,-1.9787,0.44694,12.9614,12.5133,-0.06385,18.582,17.4319,9720
401752894,2025,11,rutgers,maryland,0,15,55,-1.9185,50.9005,0.46525,0.44797,-0.1916,-2.1101,0.44388,12.8998,12.4803,-0.06145,18.4918,17.389,9720
401757296,2025,11,middle-tennessee,fiu,0,-26,86,-0.0847,61.1658,0.50962,0.48749,-0.7988,-0.8836,0.47043,13.048,12.5189,-0.06404,18.6519,17.4944,9720
401757297,2025,11,utep,jacksonville-state,0,-3,57,-7.7718,52.3388,0.33663,0.32807,0.6068,-7.1649,0.33995,12.7599,12.725,-0.06279,18.5777,17.4456,9720
401762505,2025,11,florida-atlantic,tulsa,0,19,61,8.2318,56.7057,0.68375,0.66107,0.1983,8.43,0.66496,13.0649,12.4418,-0.06454,18.6137,17.4501,9720
401762504,2025,11,east-carolina,charlotte,0,26,70,13.4138,55.7732,0.76963,0.75723,1.6192,15.0329,0.78373,13.0848,12.3141,-0.06209,18.5164,17.4024,9720
401757295,2025,11,delaware,louisiana-tech,0,1,49,6.7323,55.3997,0.64775,0.62618,-4.7606,1.9717,0.53028,14.092,12.4386,-0.06248,19.3702,18.2044,9720
401754590,2025,11,uconn,duke,0,3,71,-8.6775,52.305,0.319,0.30897,-1.9194,-10.5969,0.27322,12.7407,12.5282,-0.06038,18.3999,17.3206,9720
401752763,2025,11,missouri,texas-a-m,0,-21,55,-1.8577,48.3358,0.46638,0.44912,-2.1371,-3.9948,0.4037,12.8237,12.4739,-0.06214,18.4371,17.3253,9720
401756943,2025,11,arizona,kansas,0,4,44,1.4222,60.1737,0.54387,0.51973,-1.0199,0.4023,0.49791,13.0487,12.5141,-0.06282,18.6383,17.5029,9720
401752898,2025,11,iowa,oregon,0,-2,34,-3.9505,45.113,0.416,0.40353,-4.3916,-8.3421,0.31376,12.6238,12.4257,-0.05833,18.2225,17.189,9720
401756944,2025,11,tcu,iowa-state,0,-3,37,2.037,55.081,0.55537,0.53297,1.8248,3.8618,0.57181,13.0186,12.4659,-0.062,18.5743,17.4573,9720
401752764,2025,11,vanderbilt,auburn,0,7,83,-8.6788,51.2353,0.31563,0.30859,-3.9205,-12.5993,0.23781,12.6786,12.5147,-0.0625,18.363,17.2491,9720
401761645,2025,11,coastal-carolina,georgia-state,0,13,67,8.3875,58.737,0.68625,0.66391,-0.0207,8.3668,0.6635,13.0772,12.4717,-0.06407,18.6402,17.4831,9720
401757298,2025,11,new-mexico-state,kennesaw-state,0,-3,45,-0.5865,49.481,0.49788,0.47689,1.2161,0.6296,0.50276,12.8905,12.8416,-0.06169,18.7482,17.6252,9720
401754588,2025,11,north-carolina,stanford,0,5,35,12.607,56.03,0.75787,0.74342,0.8723,13.4793,0.75836,13.0878,12.3235,-0.06085,18.5145,17.4221,9720
401752899,2025,11,wisconsin,washington,0,3,23,2.886,46.8715,0.57363,0.55159,0.8093,3.6953,0.56893,12.9194,12.3366,-0.06105,18.4001,17.3102,9720
401761648,2025,11,louisiana,texas-state,0,3,81,12.0137,55.2557,0.74438,0.73327,-0.5003,11.5135,0.7243,13.0629,12.3215,-0.06025,18.4893,17.4087,9720
401760406,2025,11,san-jose-state,air-force,0,-10,42,-0.4258,50.1052,0.49888,0.48005,0.0,-0.4258,0.48005,12.9279,12.4599,-0.06266,18.5086,17.3837,9720
401754589,2025,11,virginia,wake-forest,0,-7,25,1.8455,57.538,0.5515,0.52878,0.7517,2.5972,0.5448,13.0519,12.4955,-0.06379,18.6359,17.4838,9720
401754586,2025,11,clemson,florida-state,0,14,34,8.9015,49.4265,0.697,0.67568,1.709,10.6105,0.70827,13.0244,12.2751,-0.0615,18.4385,17.3392,9720
401754585,2025,11,louisville,california,0,-3,55,9.0757,51.0363,0.70012,0.67884,-0.4832,8.5926,0.66941,13.0438,12.2879,-0.06178,18.4644,17.3588,9720
401752760,2025,11,kentucky,florida,0,31,45,0.3593,49.4703,0.52087,0.49696,-2.5717,-2.2124,0.44162,12.9222,12.4426,-0.06018,18.4704,17.3911,9720
401757166,2025,11,notre-dame,navy,0,39,59,19.7067,52.2087,0.85737,0.85485,0.0,19.7067,0.85485,13.0876,11.8392,-0.05952,18.1631,17.1174,9720
401760409,2025,11,utah-state,nevada,0,37,65,5.225,60.237,0.62088,0.60008,0.283,5.508,0.60594,13.0707,12.4838,-0.06295,18.6342,17.497,9720
401752759,2025,11,alabama,lsu,0,11,29,10.4323,59.6908,0.72288,0.70341,1.396,11.8282,0.72885,13.0736,12.4293,-0.06224,18.5912,17.4693,9720
401752895,2025,11,ucla,nebraska,0,-7,49,2.506,50.487,0.56625,0.54311,-1.0402,1.4658,0.52079,12.9762,12.4253,-0.0636,18.5278,17.3857,9720
401760407,2025,11,colorado-state,unlv,0,-32,52,-0.941,52.9795,0.48838,0.46906,-2.219,-3.16,0.42183,12.9571,12.4845,-0.06397,18.5592,17.4085,9720
401752944,2025,11,oregon-state,sam-houston,0,-4,38,12.6315,50.3685,0.75762,0.74436,3.6208,16.2523,0.80314,13.0547,12.305,-0.06002,18.4694,17.3941,9720
401760408,2025,11,hawaii,san-diego-state,0,32,44,-3.944,45.9355,0.41488,0.40398,-2.1475,-6.0915,0.35923,12.6632,12.4469,-0.06023,18.283,17.2133,9720
401762856,2025,12,akron,kent-state,0,-7,77,-1.5288,53.6043,0.47525,0.45629,1.5379,0.0091,0.4894,13.2799,12.1144,-0.05728,18.4809,17.4552,9822
401762857,2025,12,western-michigan,ohio,0,4,30,-2.4902,51.9712,0.45088,0.43565,1.2224,-1.2679,0.46185,13.2357,12.1072,-0.05892,18.4567,17.4036,9822
401762860,2025,12,miami-oh,toledo,0,-21,27,-0.9797,52.4562,0.486,0.46808,-0.5324,-1.5121,0.45664,13.2773,12.1025,-0.05803,18.4772,17.4387,9822
401762858,2025,12,central-michigan,buffalo,0,19,57,3.4315,53.0325,0.57925,0.56292,-0.611,2.8205,0.54988,13.3364,12.0807,-0.05836,18.5097,17.4642,9822
401762859,2025,12,umass,northern-illinois,0,-42,48,-14.1168,55.3392,0.21837,0.2116,0.3366,-13.7802,0.21697,12.9251,12.1564,-0.05807,18.2506,17.2217,9822
401761649,2025,12,old-dominion,troy,0,33,33,-0.2708,48.3088,0.50362,0.48326,-1.6034,-1.8741,0.44857,13.1833,12.056,-0.05712,18.3659,17.349,9822
401754591,2025,12,louisville,clemson,0,-1,39,-2.4608,52.4013,0.45162,0.43626,-4.134,-6.5948,0.35031,13.243,12.1246,-0.05647,18.4531,17.4427,9822
401752904,2025,12,oregon,minnesota,0,29,55,11.923,51.592,0.74388,0.73265,4.3718,16.2948,0.80468,13.4016,11.8525,-0.05807,18.3992,17.3676,9822
401756952,2025,12,oklahoma-state,kansas-state,0,-8,20,-5.1235,52.37,0.38625,0.3799,-0.0591,-5.1826,0.37868,13.1545,12.1262,-0.05706,18.3926,17.3748,9822
401756951,2025,12,cincinnati,arizona,0,-6,54,11.7125,54.6015,0.74113,0.72824,-0.1428,11.5697,0.72566,13.3864,11.9468,-0.05859,18.457,17.4121,9822
401752905,2025,12,northwestern,michigan,1,-2,46,-20.9257,44.5198,0.10963,0.10342,-4.3541,-25.2799,0.06441,11.2754,12.1419,-0.0495,16.9739,16.1556,9822
401754597,2025,12,pittsburgh,notre-dame,0,-22,52,-10.0067,54.1172,0.289,0.28348,-4.3855,-14.3922,0.20854,13.0658,12.1454,-0.05847,18.3517,17.3109,9822
401752772,2025,12,texas-a-m,south-carolina,0,1,61,8.1427,46.2062,0.67775,0.66206,1.596,9.7387,0.69337,13.3138,11.7904,-0.05693,18.2796,17.2742,9822
401762861,2025,12,ball-state,eastern-michigan,0,-15,33,2.1015,52.101,0.55438,0.53451,-1.4729,0.6286,0.50277,13.3089,12.072,-0.05955,18.4931,17.4277,9822
401762510,2025,12,navy,south-florida,0,3,79,6.941,55.8235,0.65175,0.63569,0.0,6.941,0.63569,13.3912,12.0848,-0.05953,18.5643,17.4957,9822
401757174,2025,12,uconn,air-force,0,10,42,-8.7095,49.7755,0.3105,0.30671,0.0,-8.7095,0.30671,12.9215,12.1277,-0.05834,18.23,17.1978,9822
401752901,2025,12,indiana,wisconsin,0,24,38,0.741,47.721,0.52513,0.50524,-2.2379,-1.4969,0.45666,13.1785,12.0433,-0.056,18.3436,17.3476,9822
401762507,2025,12,charlotte,utsa,0,-21,35,-8.8897,61.8242,0.312,0.30644,-2.5791,-11.4688,0.25948,13.2975,12.1648,-0.06054,18.5578,17.4705,9822
401752768,2025,12,lsu,arkansas,0,1,45,13.7715,59.257,0.77763,0.76321,2.7998,16.5713,0.80726,13.4091,12.0087,-0.05873,18.5182,17.4671,9822
401752945,2025,12,tulsa,oregon-state,0,17,45,-7.478,57.923,0.3355,0.33298,-1.3905,-8.8685,0.3061,13.2314,12.1469,-0.05884,18.4805,17.427,9822
401756948,2025,12,arizona-state,west-virginia,0,2,48,4.9065,50.9895,0.611,0.59433,1.4471,6.3536,0.62441,13.3353,12.0092,-0.05847,18.4602,17.4162,9822
401761651,2025,12,georgia-state,marshall,0,-12,48,-4.7157,53.3982,0.39613,0.3887,0.4051,-4.3106,0.39714,13.1968,12.1199,-0.06034,18.4486,17.3708,9822
401762506,2025,12,uab,north-texas,0,-29,77,0.5842,62.0508,0.52363,0.50181,-0.536,0.0483,0.49032,13.3898,12.1347,-0.06127,18.6131,17.5108,9822
401757304,2025,12,missouri-state,utep,0,14,62,9.7282,49.5182,0.70212,0.68546,-2.3889,7.3393,0.63982,14.3197,11.858,-0.05694,19.1051,18.0646,9822
401760411,2025,12,new-mexico,colorado-state,0,3,37,0.552,54.136,0.5215,0.50112,-3.8919,-3.3399,0.4179,13.3211,12.1134,-0.05901,18.5265,17.4684,9822
401761654,2025,12,southern-miss,texas-state,0,-27,55,-0.3238,54.7272,0.50275,0.48226,-0.1829,-0.5067,0.47832,13.3108,12.1238,-0.05789,18.5161,17.478,9822
401752906,2025,12,illinois,maryland,0,18,30,7.191,51.5555,0.658,0.64136,-0.7062,6.4848,0.62699,13.3651,11.9823,-0.06009,18.4783,17.4056,9822
401752765,2025,12,alabama,oklahoma,0,-2,44,11.2892,60.4147,0.73113,0.71947,2.1075,13.3967,0.75641,13.4203,12.072,-0.05774,18.562,17.5251,9822
401754592,2025,12,boston-college,georgia-tech,0,-2,70,1.6657,54.0697,0.54387,0.52507,-1.2429,0.4228,0.49834,13.3416,12.1193,-0.05787,18.5362,17.4975,9822
401752907,2025,12,usc,iowa,0,5,47,3.9913,51.0478,0.59025,0.57499,2.6121,6.6034,0.62951,13.327,12.0428,-0.05697,18.4641,17.4457,9822
401752903,2025,12,michigan-state,penn-state,0,-18,38,-12.9282,47.1388,0.23438,0.22665,-3.6656,-16.5939,0.16988,12.5,12.1271,-0.05708,17.9059,16.9119,9822
401757303,2025,12,western-kentucky,middle-tennessee,0,16,68,12.4223,53.7092,0.75412,0.7411,0.7751,13.1974,0.75452,13.3911,11.9128,-0.05829,18.4346,17.3965,9822
401756953,2025,12,texas-tech,ucf,0,39,57,2.2038,58.3178,0.556,0.5365,0.9022,3.1059,0.55572,13.3795,12.1115,-0.06218,18.5971,17.4799,9822
401754593,2025,12,duke,virginia,0,-17,51,4.6575,54.3815,0.60537,0.58864,0.0463,4.7038,0.58961,13.385,12.0896,-0.05869,18.5557,17.5021,9822
401761652,2025,12,james-madison,appalachian-state,0,48,68,8.4322,56.8678,0.68163,0.6647,-2.8828,5.5495,0.60671,13.5178,12.0608,-0.06012,18.6494,17.5667,9822
401760413,2025,12,nevada,san-jose-state,0,45,65,-3.7325,50.717,0.421,0.40903,-0.6499,-4.3824,0.39536,13.1461,12.1196,-0.05905,18.3989,17.3462,9822
401761653,2025,12,louisiana-monroe,south-alabama,0,-12,40,-7.543,52.8915,0.33375,0.33077,-1.3586,-8.9016,0.30441,13.0993,12.1363,-0.05858,18.3713,17.3279,9822
401762508,2025,12,east-carolina,memphis,0,4,58,-5.3855,57.028,0.3815,0.37533,-1.0841,-6.4696,0.35335,13.2843,12.1385,-0.05964,18.5216,17.4523,9822
401762509,2025,12,tulane,florida-atlantic,0,11,59,11.6343,54.5423,0.73913,0.72677,0.867,12.5013,0.74216,13.3905,11.9471,-0.05885,18.4626,17.4129,9822
401752771,2025,12,tennessee,new-mexico-state,0,33,51,26.8215,57.475,0.92612,0.92738,8.8065,35.628,0.97405,13.4136,11.3508,-0.05842,18.0707,17.058,9822
401754596,2025,12,wake-forest,north-carolina,0,16,40,0.9925,59.616,0.5315,0.51056,-2.3939,-1.4014,0.45929,13.3813,12.1336,-0.06079,18.6017,17.5083,9822
401757301,2025,12,fiu,liberty,0,7,61,-0.3173,63.0243,0.50462,0.4825,-0.6934,-1.0107,0.46768,13.39,12.1447,-0.06184,18.6251,17.5121,9822
401761650,2025,12,georgia-southern,coastal-carolina,0,5,85,0.6233,59.5307,0.5245,0.50265,-0.6913,-0.0681,0.48781,13.3728,12.1387,-0.05958,18.5883,17.5167,9822
401760414,2025,12,unlv,utah-state,0,3,55,7.016,66.76,0.65338,0.63677,3.7407,10.7567,0.70908,13.4205,12.1311,-0.06027,18.6251,17.5399,9822
401756949,2025,12,baylor,utah,0,-27,83,-2.4688,53.0187,0.45075,0.43608,0.3502,-2.1185,0.44357,13.2327,12.1123,-0.05786,18.4489,17.4144,9822
401757300,2025,12,sam-houston,delaware,1,3,49,-5.0035,49.9385,0.39387,0.3866,4.4539,-0.5496,0.47808,13.2639,12.9924,-0.05792,19.097,18.0214,9822
401752902,2025,12,washington,purdue,0,36,62,12.1525,53.418,0.74775,0.73627,0.6234,12.7759,0.74719,13.4123,11.9078,-0.05758,18.4412,17.4153,9822
401752769,2025,12,ole-miss,florida,0,10,58,6.0787,52.6992,0.63462,0.61845,-1.6233,4.4554,0.58461,13.3646,12.0318,-0.0597,18.5088,17.4406,9822
401752900,2025,12,ohio-state,ucla,0,38,58,25.6552,56.6393,0.9185,0.91772,3.9329,29.5881,0.946,13.4092,11.3748,-0.06017,18.0983,17.054,9822
401754594,2025,12,florida-state,virginia-tech,0,20,48,9.322,49.333,0.7015,0.68418,2.2081,11.5301,0.72555,13.3829,11.8726,-0.0584,18.4016,17.3638,9822
401752766,2025,12,georgia,texas,0,25,45,8.6467,49.5817,0.68612,0.67126,0.5592,9.2059,0.68218,13.3448,11.8837,-0.0577,18.3741,17.3495,9822
401752770,2025,12,missouri,mississippi-state,0,22,76,4.9567,53.5907,0.61113,0.59507,0.6513,5.608,0.60863,13.3694,12.055,-0.05914,18.5237,17.4643,9822
401757302,2025,12,jacksonville-state,kennesaw-state,0,9,61,11.2622,49.5277,0.73125,0.71729,3.4389,14.7011,0.77591,13.5859,12.1165,-0.05828,18.7236,17.6691,9822
401752953,2025,12,washington-state,louisiana-tech,0,25,31,12.3568,55.6912,0.75138,0.73946,1.4427,13.7995,0.76416,13.4063,11.9585,-0.05827,18.4776,17.437,9822
401756950,2025,12,byu,tcu,0,31,57,1.028,57.2025,0.53175,0.51134,-1.8167,-0.7887,0.47235,13.3593,12.1189,-0.06114,18.5778,17.4798,9822
401760412,2025,12,fresno-state,wyoming,0,21,27,8.193,44.1565,0.68088,0.66401,1.852,10.045,0.70034,13.2702,11.689,-0.05593,18.1682,17.1866,9822
401760410,2025,12,san-diego-state,boise-state,0,10,24,-5.5467,44.2193,0.372,0.36894,-0.3111,-5.8579,0.36246,12.7968,12.0702,-0.05501,18.0676,17.1013,9822
401762864,2025,13,northern-illinois,western-michigan,0,-16,54,3.0682,51.3128,0.57925,0.55637,-1.203,1.8652,0.53004,12.7715,12.2501,-0.04803,18.1164,17.2669,9938
401762862,2025,13,bowling-green,akron,0,-3,35,11.3545,50.4315,0.73975,0.72679,-0.188,11.1665,0.7233,12.8131,12.0526,-0.04679,17.997,17.1753,9938
401762863,2025,13,ohio,umass,0,28,56,26.1115,55.7415,0.92137,0.92681,-0.3559,25.7556,0.92396,12.8409,11.5189,-0.04522,17.6338,16.8581,9938
401762865,2025,13,buffalo,miami-oh,0,-17,57,-1.7075,47.976,0.4745,0.45112,-1.4961,-3.2036,0.41836,12.6055,12.2586,-0.04454,17.9705,17.1875,9938
401762866,2025,13,kent-state,central-michigan,0,-12,44,-3.8837,56.4582,0.42125,0.40459,-0.4733,-4.3571,0.39452,12.7405,12.3124,-0.04983,18.1535,17.2709,9938
401761655,2025,13,arkansas-state,louisiana,0,-4,64,-7.1008,56.7267,0.34813,0.33733,0.1035,-6.9972,0.33942,12.6914,12.3033,-0.04941,18.1073,17.234,9938
401754598,2025,13,nc-state,florida-state,0,10,32,-2.2033,51.5807,0.46313,0.44069,-2.297,-4.5003,0.39127,12.7039,12.2968,-0.04997,18.1166,17.2333,9938
401760418,2025,13,unlv,hawaii,0,28,48,9.4835,59.6335,0.70963,0.6893,4.1659,13.6494,0.76513,12.8199,12.2599,-0.05161,18.1901,17.2752,9938
401754606,2025,13,wake-forest,delaware,0,38,66,7.532,57.4035,0.66563,0.64615,7.2992,14.8312,0.77762,12.8294,13.0479,-0.0504,18.7541,17.8316,9938
401756958,2025,13,iowa-state,kansas,0,24,52,10.9585,55.677,0.73475,0.71807,-1.071,9.8875,0.69778,12.8105,12.1978,-0.0496,18.1217,17.2452,9938
401752778,2025,13,oklahoma,missouri,0,11,23,10.9375,55.8655,0.7335,0.71773,1.478,12.4155,0.74464,12.8198,12.1888,-0.04898,18.1169,17.2513,9938
401752909,2025,13,northwestern,minnesota,1,3,73,-9.0705,42.496,0.29487,0.29136,-0.6281,-9.6986,0.27912,11.9061,12.2785,-0.03735,17.4194,16.7808,9938
401754602,2025,13,smu,louisville,0,32,44,5.044,62.4585,0.62075,0.59854,1.2516,6.2956,0.62488,12.8173,12.3069,-0.04995,18.2072,17.32,9938
401752912,2025,13,ohio-state,rutgers,0,33,51,31.3745,53.8325,0.9545,0.96474,5.4029,36.7774,0.98321,12.8506,10.6973,-0.04317,17.0716,16.3616,9938
401762512,2025,13,army,tulsa,0,-1,51,10.655,52.2555,0.73075,0.713,-10.8473,-0.1923,0.48471,12.8194,12.1264,-0.04793,18.0635,17.2188,9938
401752776,2025,13,georgia,charlotte,0,32,38,35.3043,54.9918,0.97625,0.98115,9.0536,44.3578,0.99559,12.8415,10.2413,-0.04065,16.7476,16.0965,9938
401752954,2025,13,james-madison,washington-state,0,4,44,6.2287,54.9462,0.64487,0.62321,-2.0879,4.1408,0.57907,12.9147,12.2577,-0.0504,18.2482,17.3518,9938
401756954,2025,13,arizona,baylor,0,24,58,-4.7848,57.9477,0.4025,0.38566,-1.4184,-6.2031,0.3562,12.7566,12.3182,-0.05144,18.1834,17.2714,9938
401761657,2025,13,georgia-southern,old-dominion,0,-35,55,2.6715,53.758,0.57188,0.54762,1.8429,4.5144,0.58753,12.7804,12.267,-0.04968,18.1492,17.2697,9938
401762867,2025,13,toledo,ball-state,0,29,47,15.449,55.079,0.80912,0.79654,2.3699,17.8189,0.83168,12.8156,12.0752,-0.04802,18.0254,17.1811,9938
401757306,2025,13,kennesaw-state,missouri-state,0,7,75,-1.1512,47.1118,0.48788,0.46491,-1.6568,-2.808,0.42997,12.9143,13.0304,-0.04419,18.7468,17.9359,9938
401760419,2025,13,wyoming,nevada,0,-6,20,7.872,43.2315,0.67975,0.66054,0.0122,7.8842,0.66079,12.7295,11.8876,-0.04565,17.8093,17.0159,9938
401761656,2025,13,appalachian-state,marshall,0,2,50,4.4637,54.7338,0.60825,0.58631,0.3926,4.8563,0.5947,12.7999,12.2761,-0.05048,18.177,17.2822,9938
401762511,2025,13,uab,south-florida,0,-30,66,2.1595,60.326,0.55863,0.53629,-2.3924,-0.2329,0.48396,12.8061,12.32,-0.05111,18.2183,17.3104,9938
401757175,2025,13,florida-atlantic,uconn,0,-3,93,10.46,53.1505,0.72762,0.70921,0.7046,11.1646,0.72243,12.8105,12.1531,-0.04767,18.0734,17.2326,9938
401757307,2025,13,louisiana-tech,liberty,0,6,62,-2.237,53.541,0.46263,0.44003,-2.006,-4.243,0.39686,12.7348,12.2898,-0.05048,18.1387,17.2457,9938
401757309,2025,13,utep,new-mexico-state,0,-3,65,4.593,52.601,0.61038,0.58922,2.8296,7.4226,0.64857,12.792,12.2417,-0.05061,18.1478,17.2524,9938
401757308,2025,13,middle-tennessee,sam-houston,0,14,48,3.8038,47.4117,0.59575,0.57226,0.8205,4.6242,0.58993,12.7291,12.3344,-0.04724,18.1384,17.3012,9938
401754600,2025,13,north-carolina,duke,0,-7,57,5.6755,57.0745,0.6335,0.612,1.5958,7.2713,0.64516,12.8188,12.2812,-0.04983,18.189,17.3049,9938
401752911,2025,13,oregon,usc,0,15,69,9.9705,64.6035,0.71725,0.69844,1.7795,11.75,0.73158,12.8118,12.3061,-0.05146,18.2156,17.3019,9938
401752913,2025,13,iowa,michigan-state,0,3,37,11.495,39.799,0.74838,0.73573,-0.1409,11.3541,0.73308,12.7298,11.3903,-0.04336,17.4459,16.7096,9938
401752782,2025,13,vanderbilt,kentucky,0,28,62,-6.365,51.1765,0.36325,0.35122,-1.4769,-7.8419,0.32124,12.5432,12.3024,-0.04606,17.9694,17.16,9938
401752780,2025,13,texas,arkansas,0,15,89,15.4582,56.0022,0.80875,0.79634,3.8157,19.2739,0.85083,12.823,12.1038,-0.04816,18.0521,17.2041,9938
401762513,2025,13,utsa,east-carolina,0,34,82,4.8515,56.947,0.61625,0.59456,0.9599,5.8114,0.61489,12.8089,12.2862,-0.04978,18.1848,17.3017,9938
401757305,2025,13,fiu,jacksonville-state,0,6,48,-1.423,63.801,0.482,0.45828,0.8106,-0.6124,0.47584,12.8172,12.4992,-0.05122,18.3554,17.4385,9938
401754604,2025,13,notre-dame,syracuse,0,63,77,23.0772,54.1962,0.90087,0.8986,3.5,26.5773,0.92936,12.8463,11.6385,-0.04602,17.727,16.9329,9938
401761658,2025,13,south-alabama,southern-miss,0,7,77,11.0008,50.6453,0.73575,0.72012,-1.0951,9.9056,0.69929,12.8051,12.0755,-0.04663,18.0058,17.1862,9938
401762515,2025,13,temple,tulane,0,-24,50,-12.1363,53.2357,0.242,0.23961,-2.7152,-14.8515,0.19501,12.3907,12.3116,-0.04535,17.859,17.0666,9938
401752914,2025,13,maryland,michigan,0,-25,65,-14.4795,51.6155,0.2005,0.19848,-3.9488,-18.4283,0.14223,12.1701,12.3164,-0.0431,17.6841,16.9377,9938
401756957,2025,13,houston,tcu,0,-3,31,-2.5237,58.9447,0.45513,0.43394,-1.6765,-4.2003,0.39798,12.7792,12.3047,-0.04999,18.1778,17.2914,9938
401756959,2025,13,ucf,oklahoma-state,0,3,31,8.7393,54.2537,0.69512,0.6753,0.1377,8.8769,0.67802,12.82,12.1977,-0.04915,18.1248,17.2558,9938
401761660,2025,13,troy,georgia-state,0,12,50,9.8018,53.3312,0.71488,0.69638,-0.9515,8.8502,0.67775,12.8115,12.1685,-0.04898,18.0963,17.2318,9938
401756960,2025,13,utah,kansas-state,0,4,98,7.1962,49.7007,0.66587,0.64466,0.0382,7.2344,0.64545,12.7835,12.1458,-0.04803,18.0514,17.2053,9938
401752779,2025,13,south-carolina,coastal-carolina,0,44,58,11.126,52.6935,0.73675,0.72193,4.2237,15.3497,0.79461,12.8218,12.1264,-0.04657,18.0535,17.2327,9938
401761659,2025,13,texas-state,louisiana-monroe,0,17,45,10.3758,56.8718,0.72537,0.70679,2.6366,13.0124,0.75467,12.8323,12.2165,-0.04984,18.1532,17.2709,9938
401760416,2025,13,boise-state,colorado-state,0,28,70,16.7562,49.4488,0.83087,0.81983,0.5117,17.2679,0.82729,12.8144,11.7463,-0.04537,17.772,16.9861,9938
401760415,2025,13,air-force,new-mexico,0,-17,23,13.7318,55.7332,0.78338,0.76787,0.0,13.7318,0.76787,12.8263,12.1304,-0.04893,18.08,17.2172,9938
401752908,2025,13,penn-state,nebraska,0,27,47,15.9245,46.2475,0.82012,0.80906,1.6909,17.6154,0.83405,12.8168,11.5731,-0.04365,17.6395,16.8896,9938
401754601,2025,13,georgia-tech,pittsburgh,0,-14,70,-3.4065,54.583,0.43363,0.41485,0.6524,-2.7541,0.4289,12.7374,12.3167,-0.05081,18.1627,17.2627,9938
401752775,2025,13,florida,tennessee,0,-20,42,-1.0602,56.0607,0.49063,0.4658,0.608,-0.4523,0.47911,12.7885,12.2896,-0.05072,18.1804,17.2811,9938
401762514,2025,13,rice,north-texas,0,-32,80,-4.2073,58.5968,0.41575,0.39781,-0.7424,-4.9497,0.38214,12.7724,12.3072,-0.04986,18.1736,17.2895,9938
401754599,2025,13,stanford,california,0,21,41,-4.2447,47.7182,0.4085,0.39569,-0.3597,-4.6045,0.38799,12.5019,12.2874,-0.0471,17.9373,17.1117,9938
401752915,2025,13,wisconsin,illinois,0,17,37,6.0012,43.9243,0.64212,0.62096,1.9191,7.9203,0.66109,12.7048,12.0115,-0.04366,17.861,17.0986,9938
401752777,2025,13,lsu,western-kentucky,0,3,23,14.7415,57.73,0.8005,0.78447,6.8126,21.5541,0.8778,12.8201,12.1468,-0.04892,18.0868,17.2239,9938
401756956,2025,13,colorado,arizona-state,0,-25,59,-1.8405,51.0665,0.47113,0.44849,0.3168,-1.5237,0.45543,12.6847,12.269,-0.04933,18.0772,17.2069,9938
401756955,2025,13,cincinnati,byu,0,-12,40,5.2075,52.39,0.62413,0.60256,-0.0999,5.1076,0.60043,12.7863,12.2184,-0.04836,18.1077,17.2531,9938
401760417,2025,13,fresno-state,utah-state,0,-11,45,12.0183,60.6613,0.75,0.73685,1.5812,13.5994,0.76444,12.8199,12.2555,-0.05043,18.1768,17.2829,9938
401752910,2025,13,ucla,washington,0,-34,62,-2.7967,54.4442,0.44788,0.42781,0.8748,-1.9219,0.44683,12.7322,12.2867,-0.0486,18.1184,17.2587,9938
401760420,2025,13,san-diego-state,san-jose-state,0,22,28,3.8633,43.4648,0.59625,0.57466,1.3553,5.2186,0.60415,12.6348,12.0752,-0.04516,17.867,17.0783,9938
401762868,2025,14,umass,bowling-green,0,-31,59,-11.7815,55.321,0.24737,0.25141,-0.7327,-12.5142,0.23884,12.607,12.8614,-0.0358,18.3293,17.6845,10064
401762869,2025,14,eastern-michigan,western-michigan,0,-10,52,0.9582,53.7002,0.529,0.50989,0.7322,1.6904,0.52567,12.8586,12.8119,-0.03712,18.4856,17.8117,10064
401762516,2025,14,memphis,navy,0,-11,45,8.1133,56.6127,0.68212,0.65969,0.0,8.1133,0.65969,12.9201,12.7643,-0.03717,18.4964,17.8212,10064
401762870,2025,14,buffalo,ohio,0,-5,57,-3.396,50.552,0.424,0.41602,0.8232,-2.5728,0.43357,12.717,12.8121,-0.03545,18.369,17.7291,10064
401752916,2025,14,nebraska,iowa,0,-24,56,-2.7523,39.2143,0.43688,0.42767,2.1156,-0.6366,0.4746,12.253,12.599,-0.03042,17.8399,17.3054,10064
401756964,2025,14,kansas,utah,0,-10,52,-10.1658,56.7428,0.27663,0.2811,-0.0482,-10.214,0.28021,12.7,12.8534,-0.0372,18.4023,17.73,10064
401752788,2025,14,mississippi-state,ole-miss,0,-19,57,-6.4757,55.0312,0.34713,0.35256,-0.8097,-7.2854,0.33639,12.7553,12.8562,-0.03606,18.4338,17.7807,10064
401762871,2025,14,northern-illinois,kent-state,0,-4,66,9.1235,53.406,0.70463,0.68028,0.2805,9.404,0.68571,12.9105,12.675,-0.03512,18.4074,17.7719,10064
401760421,2025,14,colorado-state,air-force,0,-21,63,-4.945,46.1345,0.38413,0.38242,0.0,-4.945,0.38242,12.4943,12.7969,-0.03584,18.2024,17.5615,10064
401752786,2025,14,georgia-tech,georgia,1,-7,25,-22.4695,52.1825,0.10413,0.09653,-5.459,-27.9285,0.0536,11.6739,12.8584,-0.03266,17.6472,17.0826,10064
401760426,2025,14,new-mexico,san-diego-state,0,6,40,-4.454,48.2295,0.39525,0.39327,-4.0924,-8.5464,0.31046,12.616,12.8075,-0.03536,18.2927,17.657,10064
401762442,2025,14,north-texas,temple,0,27,77,12.466,59.717,0.7595,0.74112,1.1631,13.6291,0.76105,12.9499,12.7319,-0.03777,18.5001,17.8142,10064
401760422,2025,14,utah-state,boise-state,0,-1,49,-10.3578,62.9618,0.27475,0.27866,-2.0334,-12.3911,0.24298,12.823,12.8647,-0.03757,18.502,17.8194,10064
401752924,2025,14,purdue,indiana,0,-53,59,-4.9238,55.1658,0.38575,0.38439,0.8053,-4.1184,0.40117,12.7902,12.8552,-0.03514,18.45,17.8127,10064
401752792,2025,14,texas,texas-a-m,0,10,44,7.3042,50.4838,0.66263,0.64434,1.0684,8.3726,0.66574,12.9031,12.645,-0.0357,18.3858,17.7408,10064
401756961,2025,14,arizona-state,arizona,0,-16,30,5.4565,52.2465,0.62638,0.6059,1.6505,7.107,0.63987,12.9053,12.7266,-0.03608,18.449,17.7949,10064
401752921,2025,14,michigan,ohio-state,0,-18,36,-4.2995,52.3935,0.40163,0.39714,-1.2625,-5.562,0.37094,12.7345,12.8351,-0.03625,18.4053,17.7498,10064
401762872,2025,14,central-michigan,toledo,0,-18,24,-6.0555,57.248,0.35912,0.36137,-2.6395,-8.695,0.30937,12.8144,12.8526,-0.03642,18.4769,17.8158,10064
401762875,2025,14,miami-oh,ball-state,0,21,69,10.067,47.52,0.72388,0.70046,1.8376,11.9046,0.73457,12.8994,12.4206,-0.03275,18.1978,17.6117,10064
401762519,2025,14,florida-atlantic,east-carolina,0,-39,45,1.7957,53.8873,0.54775,0.52795,-0.1202,1.6755,0.52536,12.8817,12.8066,-0.03532,18.4824,17.8408,10064
401752787,2025,14,louisville,kentucky,0,41,41,3.1717,51.2332,0.57825,0.55765,-1.1854,1.9864,0.53215,12.8675,12.7459,-0.03476,18.4237,17.7941,10064
401756966,2025,14,oklahoma-state,iowa-state,0,-7,33,-4.3665,49.9605,0.39838,0.39539,1.022,-3.3445,0.41699,12.6715,12.8274,-0.03494,18.343,17.7131,10064
401756965,2025,14,kansas-state,colorado,0,10,38,15.2372,53.5337,0.80525,0.79011,-0.9373,14.2999,0.77503,12.9389,12.4625,-0.03385,18.266,17.6582,10064
401756962,2025,14,baylor,houston,0,-7,55,8.605,57.247,0.692,0.66926,1.3212,9.9262,0.69471,12.9348,12.7584,-0.03803,18.5104,17.8194,10064
401752790,2025,14,south-carolina,clemson,0,-14,42,-4.2488,46.3702,0.4005,0.39729,-1.6176,-5.8664,0.36353,12.5567,12.7877,-0.03572,18.2392,17.5991,10064
401756968,2025,14,west-virginia,texas-tech,0,-49,49,-3.3968,57.8337,0.42538,0.41666,-1.8074,-5.2041,0.37902,12.8603,12.8517,-0.03729,18.517,17.8389,10064
401757311,2025,14,sam-houston,fiu,1,-40,72,-5.2642,57.2858,0.3785,0.37843,-1.6193,-6.8836,0.34583,12.997,12.856,-0.03714,18.6175,17.9384,10064
401757310,2025,14,delaware,utep,0,30,92,7.7632,54.3092,0.667,0.64866,-5.8694,1.8938,0.5292,13.7091,12.7239,-0.0351,19.0285,18.3736,10064
401756963,2025,14,byu,ucf,0,20,62,2.384,53.566,0.56213,0.5406,-1.1515,1.2325,0.51581,12.8744,12.7922,-0.0366,18.4783,17.8138,10064
401761663,2025,14,marshall,georgia-southern,0,-5,43,8.2298,54.1578,0.68337,0.66248,0.3069,8.5367,0.66854,12.9157,12.7053,-0.03561,18.4371,17.7919,10064
401761664,2025,14,old-dominion,georgia-state,0,17,37,7.0985,52.7925,0.65775,0.63987,-2.5549,4.5436,0.58685,12.9089,12.703,-0.03503,18.4254,17.791,10064
401757314,2025,14,missouri-state,louisiana-tech,0,-12,72,6.0397,52.3152,0.63313,0.61474,-1.2801,4.7596,0.58874,13.669,12.7292,-0.03385,18.9908,18.3601,10064
401757312,2025,14,jacksonville-state,western-kentucky,0,3,71,2.0157,55.0463,0.552,0.53243,-0.7869,1.2289,0.51561,13.0591,12.8081,-0.03682,18.6255,17.9519,10064
401761661,2025,14,appalachian-state,arkansas-state,0,-1,59,12.2903,60.6278,0.75625,0.73783,0.3806,12.6709,0.74448,12.9531,12.7684,-0.0367,18.519,17.8514,10064
401761665,2025,14,louisiana,louisiana-monroe,0,3,57,17.3457,55.2498,0.8315,0.82191,2.1363,19.4821,0.85075,12.9399,12.443,-0.0344,18.2578,17.6407,10064
401761667,2025,14,texas-state,south-alabama,0,23,75,-1.1227,53.7302,0.48613,0.46501,1.278,0.1553,0.49256,12.8266,12.8285,-0.03736,18.4766,17.7988,10064
401757315,2025,14,new-mexico-state,middle-tennessee,0,-7,55,-0.849,53.569,0.49288,0.47088,-2.2345,-3.0835,0.42307,12.8238,12.8315,-0.03632,18.4676,17.8086,10064
401754608,2025,14,syracuse,boston-college,0,-22,46,3.277,53.7745,0.57937,0.55971,1.4759,4.7529,0.59099,12.8897,12.79,-0.03624,18.4845,17.8264,10064
401762517,2025,14,tulsa,uab,0,-7,55,0.0893,58.7463,0.51287,0.49117,1.0228,1.112,0.51316,12.8999,12.8411,-0.0382,18.5461,17.8507,10064
401752783,2025,14,arkansas,missouri,0,-14,48,0.122,54.888,0.51325,0.49185,-0.6102,-0.4882,0.4787,12.8635,12.8296,-0.03692,18.5001,17.8293,10064
401752918,2025,14,minnesota,wisconsin,0,10,24,1.0625,43.178,0.53263,0.51238,-0.9901,0.0724,0.49059,12.6203,12.6097,-0.03216,18.1249,17.5512,10064
401752920,2025,14,rutgers,penn-state,0,-4,76,-17.342,47.491,0.16012,0.15628,-4.2013,-21.5433,0.10608,11.7054,12.8553,-0.03278,17.6675,17.1,10064
401762441,2025,14,utsa,army,0,-3,51,2.8133,54.2258,0.57075,0.54979,12.1257,14.939,0.78261,12.881,12.802,-0.03622,18.4867,17.8288,10064
401761666,2025,14,southern-miss,troy,0,-10,46,-5.5297,50.4188,0.36875,0.37109,0.7723,-4.7575,0.38712,12.6426,12.8247,-0.03591,18.329,17.6823,10064
401752791,2025,14,tennessee,vanderbilt,0,-21,69,19.1908,58.2473,0.85112,0.84604,3.4406,22.6313,0.88634,12.9812,12.4964,-0.03506,18.3316,17.7002,10064
401752789,2025,14,oklahoma,lsu,0,4,30,2.3737,59.3637,0.56063,0.54018,-0.7115,1.6623,0.52495,12.9341,12.8352,-0.03871,18.5711,17.8655,10064
401754610,2025,14,duke,wake-forest,0,17,81,2.0808,56.4973,0.55425,0.53399,0.7981,2.8788,0.55107,12.903,12.8282,-0.03731,18.5311,17.8521,10064
401752917,2025,14,washington,oregon,0,-12,40,-4.9763,56.1133,0.386,0.3834,-4.191,-9.1672,0.3003,12.8094,12.8413,-0.03644,18.4653,17.8043,10064
401757313,2025,14,liberty,kennesaw-state,0,-6,90,8.931,50.373,0.69962,0.67525,4.9429,13.8739,0.76451,12.909,12.9019,-0.03324,18.5519,17.9452,10064
401756967,2025,14,tcu,cincinnati,0,22,68,2.3257,57.0838,0.5585,0.53925,1.9166,4.2423,0.58004,12.9086,12.8223,-0.0369,18.5272,17.8557,10064
401761662,2025,14,coastal-carolina,james-madison,0,-49,69,-7.4898,56.5918,0.325,0.33293,2.8746,-4.6152,0.39109,12.7667,12.9504,-0.03507,18.5013,17.8635,10064
401752785,2025,14,florida,florida-state,0,19,61,4.5927,51.9622,0.60862,0.58777,1.332,5.9247,0.61562,12.8869,12.7489,-0.03609,18.4517,17.7974,10064
401752946,2025,14,washington-state,oregon-state,0,24,40,5.237,56.6275,0.622,0.60089,-1.8714,3.3656,0.56145,12.9237,12.8039,-0.03747,18.53,17.8483,10064
401762520,2025,14,south-florida,rice,0,49,55,9.0533,56.7897,0.7025,0.67815,2.5988,11.6521,0.72676,12.9445,12.7432,-0.03646,18.4926,17.8304,10064
401752923,2025,14,michigan-state,maryland,1,10,66,-0.9007,50.6603,0.49113,0.46968,0.344,-0.5568,0.47712,12.7963,12.8012,-0.03515,18.4156,17.7792,10064
401754613,2025,14,virginia,virginia-tech,0,20,34,2.0023,51.3102,0.5525,0.53243,-0.8632,1.139,0.51381,12.8683,12.7851,-0.03541,18.4581,17.8157,10064
401752922,2025,14,illinois,northwestern,0,7,33,10.6843,43.5618,0.73662,0.71508,-0.3008,10.3834,0.70935,12.8564,12.1285,-0.02816,17.9212,17.4243,10064
401754612,2025,14,nc-state,north-carolina,0,23,61,1.3375,55.8515,0.5375,0.51803,-0.8678,0.4697,0.49935,12.9015,12.8327,-0.03692,18.5297,17.8578,10064
401762518,2025,14,tulane,charlotte,0,27,27,20.3305,56.8625,0.8645,0.86196,2.366,22.6965,0.8886,12.969,12.3649,-0.03242,18.2067,17.6263,10064
401752919,2025,14,usc,ucla,0,19,39,10.6423,63.5007,0.72988,0.7075,1.5367,12.179,0.73528,12.9546,12.8128,-0.03895,18.572,17.8623,10064
401752784,2025,14,auburn,alabama,0,-7,47,-9.5215,53.1735,0.28825,0.29217,-1.9318,-11.4533,0.25704,12.6075,12.8528,-0.0353,18.319,17.6834,10064
401754609,2025,14,california,smu,0,3,73,-5.2785,55.62,0.3775,0.37716,-0.7685,-6.047,0.36146,12.7912,12.8533,-0.03695,18.4654,17.7953,10064
401760425,2025,14,nevada,unlv,0,-25,59,-3.2538,55.0743,0.42938,0.41955,-4.0237,-7.2774,0.33698,12.8363,12.8465,-0.03621,18.4864,17.8286,10064
401760423,2025,14,san-jose-state,fresno-state,0,-27,55,-2.066,51.485,0.46113,0.44459,-1.2142,-3.2802,0.41868,12.7814,12.8181,-0.03509,18.4164,17.7812,10064
401754614,2025,14,stanford,notre-dame,0,-29,69,-21.4423,54.1677,0.11663,0.10959,-3.8905,-25.3328,0.074,11.9683,12.8731,-0.03225,17.8576,17.2922,10064
401760424,2025,14,hawaii,wyoming,0,20,34,-2.2845,47.38,0.45475,0.43948,-0.1544,-2.4389,0.43616,12.6478,12.7769,-0.03448,18.2855,17.6656,10064
401777352,2025,15,james-madison,troy,0,17,45,12.4105,50.609,0.75438,0.7428,-1.9437,10.4668,0.70733,12.9677,12.0249,-0.06714,18.2674,17.0828,10196
401777325,2025,15,jacksonville-state,kennesaw-state,0,-4,34,11.0395,51.218,0.72962,0.7146,3.4389,14.4784,0.77393,13.0449,12.3899,-0.06801,18.592,17.3693,10196
401777326,2025,15,boise-state,unlv,0,17,59,11.7503,57.5483,0.74113,0.72945,-1.7073,10.043,0.69791,12.8778,12.2659,-0.07147,18.4084,17.1381,10196
401777324,2025,15,tulane,north-texas,0,13,55,10.052,60.3275,0.71625,0.69756,1.5521,11.6041,0.72624,12.8751,12.3423,-0.07152,18.4616,17.1863,10196
401777327,2025,15,texas-tech,byu,1,27,41,0.769,55.8725,0.53,0.50582,2.0537,2.8227,0.5501,12.8376,12.3735,-0.07022,18.445,17.193,10196
401777329,2025,15,western-michigan,miami-oh,1,10,36,-4.048,49.168,0.40975,0.40171,-1.0968,-5.1448,0.37868,12.6256,12.3643,-0.06895,18.2704,17.0515,10196
401777351,2025,15,alabama,georgia,1,-21,35,-0.0732,51.3773,0.50987,0.48756,-0.1791,-0.2524,0.48368,12.7805,12.3317,-0.07129,18.3816,17.1155,10196
401777328,2025,15,virginia,duke,1,-7,47,-0.8815,54.0795,0.49075,0.47015,-0.0463,-0.9278,0.46915,12.8205,12.3912,-0.07068,18.449,17.1888,10196
401777353,2025,15,ohio-state,indiana,1,-3,23,19.099,55.959,0.852,0.84718,6.2364,25.3354,0.91432,12.8937,11.9637,-0.06569,18.1561,17.0033,10196
401762521,2025,16,navy,army,1,1,33,1.223,47.91,0.52975,0.51604,0.0,1.223,0.51604,12.9093,12.1522,-0.02834,17.9782,17.4767,10214
